<?xml version="1.0" encoding="UTF-8"?>
<!DOCTYPE reference PUBLIC "-//OASIS//DTD DITA Reference//EN" "reference.dtd">
<reference id="signal-mode-time-range"> 
  <title>Signaling mode and time range</title> 
  <shortdesc/> 
  <refbody> 
	 <section> 
		<table> 
		  <tgroup cols="4"> 
			 <thead> 
				<row> 
				  <entry> 
				  </entry> 
				  <entry>MARK 
				  </entry> 
				  <entry>DELETE 
				  </entry> 
				  <entry>REPLACE 
				  </entry> 
				</row></thead> 
			 <tbody> 
				<row> 
				  <entry><codeph>CustomRange OpportunityGenerator</codeph> 
				  </entry> 
				  <entry> 
					 <codeblock>(range.begin, 
 range.end)</codeblock> 
				  </entry> 
				  <entry> 
					 <codeblock>(range.begin, 
 range.end)</codeblock> 
				  </entry> 
				  <entry> 
					 <codeblock>(range.begin, 
 range.end, 
 replaceDuration)</codeblock> 
				  </entry> 
				</row> 
				<row> 
				  <entry><codeph>ServerMap</codeph> Signaling Mode</entry> 
				  <entry> 
					 <codeblock>placement = 
  new Placement( 
    PlacementType.CUSTOM_RANGE, 
    range.begin, 
    range.end - 
    range.begin,
    PlacementMode.MARK );</codeblock> 
				  </entry> 
				  <entry> 
					 <codeblock>placement = 
  new Placement( 
    PlacementType.CUSTOM_RANGE, 
    range.begin, 
    range.end - range.begin, 
    PlacementMode.DELETE );</codeblock> 
				  </entry> 
				  <entry>N/A (automatic CustomRange signaling mode) 
				  </entry> 
				</row> 
				<row> 
				  <entry><codeph>ManifestCue</codeph> Signaling Mode 
				  </entry> 
				  <entry> 
					 <codeblock>placement = 
new Placement(
    PlacementType.CUSTOM_RANGE,
    range.begin,
    range.end - range.begin,
    PlacementMode.MARK
);</codeblock> 
				  </entry> 
				  <entry> 
					 <codeblock>placement = 
  new Placement(
    PlacementType.CUSTOM_RANGE,
    range.begin,
    range.end - range.begin,
    PlacementMode.DELETE
);</codeblock> 
				  </entry> 
				  <entry>N/A (automatic CustomRange signaling mode) 
				  </entry> 
				</row> 
				<row> 
				  <entry><codeph>CustomRange</codeph> Signaling Mode 
				  </entry> 
				  <entry> 
					 <codeblock>placement = 
  new Placement(
    PlacementType.CUSTOM_RANGE,
    range.begin,
    range.end - range.begin,
    PlacementMode.MARK
);</codeblock> 
				  </entry> 
				  <entry> 
					 <codeblock>placement = 
  new Placement(
    PlacementType.CUSTOM_RANGE,
    range.begin,
    range.end - range.begin,
    PlacementMode.DELETE
);</codeblock> 
				  </entry> 
				  <entry> 
					 <codeblock>placement1 = 
  new Placement(
    PlacementType.CUSTOM_RANGE,
    range.begin,
    range.end - range.begin,
    PlacementMode.MARK
);
placement2 = placement = 
  new Placement(/
    PlacementType.MID_ROLL(
    PlacementType.PRE_ROLL),
    rangeDuration,
    placementMode
);</codeblock> 
				  </entry> 
				</row> 
			 </tbody> 
		  </tgroup> 
		</table> 
	 </section> 
	 <section> 
		 
		<table> 
		  <tgroup cols="4"> 
			 <thead> 
				<row> 
				  <entry> 
				  </entry> 
				  <entry>MARK 
				  </entry> 
				  <entry>DELETE 
				  </entry> 
				  <entry>REPLACE 
				  </entry> 
				</row></thead> 
			 <tbody> 
				<row> 
				  <entry><codeph>AdSignalingMode OpportunityGenerator</codeph> </entry> 
				  <entry>
					 <codeblock>(range.begin, 
 range.end)</codeblock> 
				  </entry> 
				  <entry>
					 <codeblock>(range.begin, 
 range.end)</codeblock> 
				  </entry> 
				  <entry>
					 <codeblock>(range.begin, 
 range.end, 
 replaceDuration)</codeblock> 
				  </entry> 
				</row> 
				<row> 
				  <entry><codeph>SeverMap</codeph> Signaling Mode 
				  </entry> 
				  <entry>Not present (ad is disabled). 
				  </entry> 
				  <entry> 
					 <codeblock>placement = 
 new Placement(
PlacementType.SERVER_MAP,
Placement.UNKNOWN_TIME,
Placement.UNKNOWN_DURATION,
PlacementMode.DEFAULT);</codeblock> 
				  </entry> 
				  <entry>N/A (automatic <codeph>CustomRange</codeph> signaling mode) </entry> 
				</row> 
				<row> 
				  <entry><codeph>ManifestCue</codeph> Signaling Mode 
				  </entry> 
				  <entry>Not present (ad is disabled). 
				  </entry> 
				  <entry> 
					 <codeblock>placement = 
 new Placement(
PlacementType.PRE_ROLL,
playhead,
Placement.UNKNOWN_DURATION,
PlacementMode.DEFAULT);</codeblock> 
				  </entry> 
				  <entry>N/A (automatic <codeph>CustomRange</codeph> signaling mode) </entry> 
				</row> 
				<row> 
				  <entry><codeph>CustomRange</codeph> Signaling Mode 
				  </entry> 
				  <entry>Not present (ad is disabled). 
				  </entry> 
				  <entry>None 
				  </entry> 
				  <entry>None (taken care of in <codeph>CustomRangeOpportunityGenerator</codeph>) </entry> 
				</row> 
			 </tbody> 
		  </tgroup> 
		</table> 
	 </section> 
  </refbody> 
</reference> 
