<?xml version="1.0" encoding="UTF-8"?>
<!DOCTYPE concept PUBLIC "-//OASIS//DTD DITA Concept//EN" "technicalContent/dtd/concept.dtd">
<concept id="overview_audience_guide"
 xmlns:ditaarch="http://dita.oasis-open.org/architecture/2005/"> 
  <title>Overview</title> 
  <shortdesc>This guide provides information about how to develop video player
	 applications by using TVSDK for Desktop HLS, which is implemented in
	 ActionScript. 
  </shortdesc> 
  <conbody> 
	 <section id="section_9664959F25C948878F2F7EF3D360CA95"> 
		<title>Product overview</title> 
		<p> TVSDK includes API descriptions and code samples to help you to
		  integrate advanced video functionality, content protection, and advertising
		  features into your player. You use ActionScript to create a video player user
		  interface. TVSDK helps you connect that user interface to its media player.
		  This allows you to play videos and advertising based on media manifests. You
		  can also use TVSDK to retrieve information about the video, handle security,
		  and control and monitor playback. 
		</p> 
		<p>For specific hardware and software requirements for using TVSDK, see 
		  <xref keyref="requirements"/> 
		</p> 
	 </section> 
	 <section id="section_527860B373734D3BA89FCF5EC1F6DC37"> 
		<title>Audience</title> 
		<p>This guide assumes that you understand how to develop applications and
		  video players using ActionScript. You implement a video player user interface
		  by using that language and incorporate TVSDK features. 
		</p> 
	 </section> 
	 <section id="section_9A5B2FC506B34B5DB71CA827B307A4D0"> 
		<title>About this guide</title> 
		<p> This guide provides information that allows you to incorporate TVSDK
		  features in a video player by using ActionScript on desktop machines. 
		</p> 
	 </section> 
	 <section id="section_8B866054E9ED4B5F99DCA7A681404632"> 
		<title>Namespace notation in this guide</title> 
		<note type="tip">The TVSDK API namespace prefix 
		  <codeph>com.adobe.mediacore</codeph> is omitted for brevity. 
		  <p>Many API elements are referred to without their parent class
			 designator if the context is clear. 
		  </p> 
		</note> 
	 </section> 
  </conbody> 
</concept> 
