<?xml version="1.0" encoding="UTF-8"?>
<!DOCTYPE concept PUBLIC "-//OASIS//DTD DITA Concept//EN" "technicalContent/dtd/concept.dtd">
<concept id="notification-codes"
 xmlns:ditaarch="http://dita.oasis-open.org/architecture/2005/"> 
  <title> Notification codes</title> 
  <shortdesc>The TVSDK notification system produces various error, warning, and
	 informational notices that provide diagnostic metadata. 
  </shortdesc> 
  <conbody> 
	 <p> Notification objects provide information related to the player's
		status. TVSDK provides a chronologically sorted list of notification objects,
		and each notification contains the following metadata: 
	 </p> 
	 <table frame="all" colsep="1" rowsep="1"
	 id="table_DBA8CACF02DB4AF2B053E560850B49CE"> 
		<tgroup cols="2" colsep="1" rowsep="1" outputclass="FormatA"> 
		  <colspec colnum="1" colname="1" colwidth="20*"/> 
		  <colspec colnum="2" colname="2" colwidth="80*"/> 
		  <thead> 
			 <row rowsep="1"> 
				<entry colname="1">Element 
				</entry> 
				<entry colname="2">Description 
				</entry> 
			 </row> 
		  </thead> 
		  <tbody> 
			 <row rowsep="1"> 
				<entry colname="1">type
				</entry> 
				<entry colname="2">The notification type. Depending on the
				  platform, this property refers to an enumerated type with possible values of
				  INFO, WARN, or ERROR. This is the top-level grouping for notifications. 
				</entry> 
			 </row> 
			 <row rowsep="1"> 
				<entry colname="1">code
				</entry> 
				<entry colname="2">The numerical representation assigned to the
				  notification: 
				  <ul id="ul_31AB497C6FFA452496DD09B0D78687B9"> 
					 <li id="li_53E75022C50246E0982E315D04EFD8B3">Error notification
						events, from 100000 to 199999 
					 </li> 
					 <li id="li_11AE91D1325E4F718228E662C9C55F9A">Warning
						notification events, from 200000 to 299999 
					 </li> 
					 <li id="li_6D3EA03845294DC2BAD1ACF507639E51">Information
						notification events, from 300000 to 399999 
					 </li> 
				  </ul>
				  <p>Each top-level range, such as errors, is divided into
					 subranges, such as 101000 through 101999 representing playback errors. 
				  </p><ph>The enumeration 
					 <codeph>mediacore.PSDKErrorCode</codeph> lists the possible
					 values.</ph> 
				</entry> 
			 </row> 
			 <row rowsep="1"> 
				<entry colname="1">name
				</entry> 
				<entry colname="2">A string that contains a human-readable
				  description of the code, such as 
				  <codeph>SEEK_ERROR</codeph>. 
				</entry> 
			 </row> 
			 <row rowsep="1"> 
				<entry colname="1">metadata 
				</entry> 
				<entry colname="2">Key/value pairs that contain additional relevant
				  information about the notification. For example, a key named 
				  <codeph>URL</codeph> would be paired with a value that is a URL
				  related to the notification, such as an invalid URL that caused an error. 
				</entry> 
			 </row> 
			 <row rowsep="0"> 
				<entry colname="1">innerNotification 
				</entry> 
				<entry colname="2">A reference to another 
				  <codeph>MediaPlayerNotification</codeph> object that directly
				  affected this notification. An example might be a notification about an
				  ad-insertion failure that directly corresponds to a time-line insertion
				  conflict. Not all notifications provide an inner notification. 
				</entry> 
			 </row> 
		  </tbody> 
		</tgroup> 
	 </table> 
  </conbody> 
</concept> 
