<?xml version="1.0" encoding="UTF-8"?>
<!DOCTYPE concept PUBLIC "-//OASIS//DTD DITA Concept//EN" "technicalContent/dtd/concept.dtd">
<concept id="c_psdk_android_notification-system"
 xmlns:ditaarch="http://dita.oasis-open.org/architecture/2005/"> 
  <title>Notifications for player status, activity, errors, and logging</title>
  
  <shortdesc><codeph>MediaPlayerNotification</codeph> objects provide information about changes in
		player status, warnings, and errors. Errors that stop the playback of the video also cause a
		change in the status of the player.</shortdesc> 
  <conbody> 
	 <p>Your application can retrieve the notification and status information. You can also create a
			logging system for diagnostics and validation by using the notification information. </p> 
	 <p>You implement event listeners to capture and respond to events. Many events provide
				<codeph>MediaPlayerNotification</codeph> status notifications. </p> 
  </conbody> 
</concept> 
