<?xml version="1.0" encoding="UTF-8"?>
<!DOCTYPE concept PUBLIC "-//OASIS//DTD DITA Concept//EN" "concept.dtd">
<concept id="concept_m3c_xvx_hz"> 
  <title>Applying creative selection rules</title> 
  <shortdesc> 
  </shortdesc> 
  <conbody> 
	 <p>TVSDK applies creative selection rules in the following ways: 
	 </p> 
	 <ul id="ul_fwg_zvx_hz"> 
		<li id="li_A1D42223CD974A019D900B4BE3431E83">TVSDK applies all 
		  <codeph>default</codeph> rules first, followed by the zone-specific
		  rules. 
		</li> 
		<li id="li_94683D6BB51D46CAB98AA9369375EE9D">TVSDK ignores any rules that
		  are not defined for the current zone ID. 
		</li> 
		<li id="li_97D75BC36A9640AEB99EE259437C44DE">Once TVSDK applies the
		  default rules, the zone-specific rules can further change the creative
		  priorities based on the 
		  <codeph>host</codeph> (domain) matches on the creative selected by the 
		  <codeph>default</codeph> rules. 
		</li> 
		<li id="li_3E1BAE07FE17427C80683431CCCE14C6">In the included sample rules
		  file with additional zone rules, once TVSDK applies the 
		  <codeph>default</codeph> rules, if the M3U8 creative domain does not
		  contain 
		  <filepath>my.domain.com</filepath> or 
		  <filepath>a.bcd.com</filepath> and the ad zone is 
		  <codeph>1234</codeph>, the creatives are re-ordered and the Flash VPAID
		  creative is played first if available. Otherwise an MP4 ad is played, and so on
		  down to JavaScript. 
		</li> 
		<li id="li_247751F35E004FDFAF220328925BD03E">If an ad creative is
		  selected that TVSDK cannot play natively (<filepath>.mp4</filepath>, 
		  <filepath>.flv</filepath>, etc.), TVSDK issues a repackaging request. 
		</li> 
	 </ul> 
	 <p>Note that the ad types that can be handled by TVSDK are still defined
		through the 
		<codeph>validMimeTypes</codeph> setting in 
		<codeph>AuditudeSettings</codeph>. 
	 </p> 
  </conbody> 
</concept> 
