<?xml version="1.0"?>
<!DOCTYPE concept PUBLIC "-//OASIS//DTD DITA Concept//EN" "concept.dtd">
<concept id="concept_abr-for-quality"> 
  <title>Adaptive bit rates (ABR) for video quality</title> 
  <shortdesc> HLS and DASH streams provide different bit rate encodings
	 (profiles) for the same short burst of video. TVSDK can select the quality
	 level for each burst based on the available bandwidth. 
  </shortdesc> 
  <conbody> 
	 <p> TVSDK constantly monitors the bit rate to ensure that the content is
		played at the optimal bit rate for the current network connection. 
	 </p> 
	 <p> You can set the adaptive bit-rate (ABR) switching policy and the
		initial, minimum, and maximum bit rates for a multiple-bit-rate (MBR) stream.
		TVSDK automatically switches to the bit rate that provides the best playback
		experience in the specified configuration. 
	 </p> 
	 <table id="table_AF838E082235406AA359BF1C1A77F85F"> 
		<tgroup cols="2"><colspec colname="col01" colnum="1"
		  colwidth="1.00*"/><colspec colnum="2" colname="col2" colwidth="3.45*"/> 
		  <tbody> 
			 <row> 
				<entry colname="col01">Initial bit rate 
				</entry> 
				<entry colname="col2"> 
				  <p>The desired playback bit rate (in bits per second) for the
					 first segment. When playback starts, the closest profile, which is equal to or
					 greater than the initial bit rate, is used for the first segment. 
				  </p> 
				  <p> If a minimum bit rate is defined, and the initial bit rate is
					 lower than the minimum rate, TVSDK selects the profile with the lowest bit rate
					 above the minimum bit rate. If the initial rate is above the maximum rate,
					 TVSDK selects the highest rate below the maximum rate. 
				  </p> 
				  <p>If the initial bit rate is zero or undefined, the initial bit
					 rate is determined by the ABR policy. 
				  </p> 
				  <p><apiname>ABRInitialBitRate</apiname> returns an integer value
					 that represents the byte-per-second profile. 
				  </p> 
				</entry> 
			 </row> 
			 <row> 
				<entry colname="col01">Minimum bit rate 
				</entry> 
				<entry colname="col2"> 
				  <p>The lowest allowed bit rate to which the ABR can switch. ABR
					 switching ignores profiles with a bit rate that is lower than this bit rate. 
				  </p> 
				  <p><apiname>ABRMinBitRate</apiname> returns an integer value that
					 represents the bits-per-second profile. 
				  </p> 
				</entry> 
			 </row> 
			 <row> 
				<entry colname="col01">Maximum bit rate 
				</entry> 
				<entry colname="col2"> 
				  <p>The highest allowed bit rate to which the ABR can switch. ABR
					 switching ignores profiles with a bit rate higher than this bit rate. 
				  </p> 
				  <p><apiname>ABRMaxBitRate</apiname> returns an integer value that
					 represents the bits-per-second profile. 
				  </p> 
				</entry> 
			 </row> 
			 <row> 
				<entry colname="col01">ABR switching policy 
				</entry> 
				<entry colname="col2">Playback switches gradually to the
				  highest-bit-rate profile when possible. You can set the policy for ABR
				  switching, which determines how quickly TVSDK switches between profiles. The
				  default is 
				  <codeph>MODERATE_POLICY</codeph>. 
				  <p>When TVSDK decides to switch to a higher bit rate, the player
					 selects the ideal bit rate profile to switch to based on the current ABR
					 policy: 
				  <ul id="ul_058D0FFC944C476A83BB9E756B95DEBD"> 
					 <li
					  id="li_C690A12DC34C4754B01C2D0616FB6A0A"><codeph>CONSERVATIVE_POLICY</codeph>:
						Switches to the profile with the next higher bit rate when the bandwidth is 50%
						higher than the current bit rate. 
					 </li> 
					 <li
					  id="li_FF5BDB099B554940AC296938C7A12B81"><codeph>MODERATE_POLICY</codeph>:
						Switches to the next higher bit rate profile when the bandwidth is 20% higher
						than the current bit rate. 
					 </li> 
					 <li
					  id="li_E602508429864C279BF78360E95718A6"><codeph>AGGRESSIVE_POLICY</codeph>:
						Switches immediately to the highest bit-rate profile when the bandwidth is
						higher than the current bit rate. 
					 </li> 
				  </ul> 
				  </p> 
				  <p>If the initial bit rate is zero or is not specified, but a
					 policy is specified, playback starts with the lowest bit rate profile for
					 conservative, the profile closest to the median bit rate of available profiles
					 for moderate, and the highest bit rate profile for aggressive. 
				  </p> 
				  <p>The policy works in the constraints of the minimum and maximum
					 bit rates, if these rates are specified. 
				  </p> 
				  <p><codeph>ABRPolicy</codeph> returns the current setting from
					 the 
					 <codeph>ABRControlParameters</codeph> enum:
					 CONSERVATIVE_POLICY, MODERATE_POLICY, or AGGRESSIVE_POLICY. 
				  </p> 
				</entry> 
			 </row> 
		  </tbody> 
		</tgroup> 
	 </table> 
	 <p>Keep the following information in mind: 
	 <ul id="ul_05F3B92E1B524782B317502383D3A68A"> 
		<li id="li_1B0EECDAB60F40C4B27B1C53BD101DBA">The TVSDK failover mechanism
		  might override your settings, because TVSDK favors a continuous playback
		  experience over strictly adhering to your control parameters. 
		</li> 
		<li id="li_0E968873EB60453DBA733BA24D49FCAF">When the bit rate changes,
		  TVSDK dispatches 
		  <codeph>ProfileEvent.PROFILE_CHANGED</codeph>. 
		</li> 
		<li id="li_35B1808E70234C8F87DD72871C224E3C">You can change your ABR
		  settings at any time, and the player switches to use the profile that most
		  closely matches the most recent settings. 
		</li> 
	 </ul> 
	 </p> 
	 <p>For example, if a stream has the following profiles: 
	 <ul id="ul_6A5A6684626F409BBE96E536500477FC"> 
		<li id="li_88049490AD4247A8BE4A76105BE3305F">1: 300000 
		</li> 
		<li id="li_F2506EBEC4B84822ABA314FE1538F866">2: 700000 
		</li> 
		<li id="li_BCC6400E5369447D9486E7F6E8268EFE">3: 1500000 
		</li> 
		<li id="li_A29AC860B8374611984199461BB8C7C2">4: 2400000 
		</li> 
		<li id="li_32AE98C8B3DF4E5EB7603B11E26D753E">5: 4000000 
		</li> 
	 </ul> If you specify a range of 300000 to 2000000, TVSDK considers only
	 profiles 1, 2 and 3. This allows applications to adjust to various network
	 conditions, such as switching from wi-fi to 3G or to various devices such as a
	 phone, a tablet, or a desktop computer. 
	 </p> 
	 <p>To set ABR control parameters, do one of the following: 
	 <ul id="ul_CDDAEB2422C74632BB235B161DDCAE79"> 
		<li id="li_2CAA5BDE1FCC42A3ABBB3AA89163B0DC">Use the 
		  <codeph>ABRControlParameterBuilder</codeph> helper class to set any
		  subset of the parameters (operates on 
		  <codeph>ABRControlParameter</codeph> behind the scenes) 
		</li> 
		<li id="li_9856FFFA25C843C785F42EA69D19EA2A">Set the parameters on the 
		  <codeph>ABRControlParameter</codeph> class. 
		</li> 
	 </ul> 
	 </p> 
	 <section id="section_3DDE397A7CE445E1832EBAA46CE5C069"> 
		<title>Configure adaptive bit rates using
		  ABRControlParametersBuilder</title> 
		<p>Using the 
		  <codeph>ABRControlParametersBuilder</codeph> helper class is the
		  simplest, most efficient way to set ABR parameters. 
		</p> 
		<ul id="ul_00F056B0821A44C68482457FB967FFFE"> 
		  <li id="li_EC7918084CFD44F18443CC1424A3D800">The 
			 <codeph>ABRControlParametersBuilder</codeph> constructor sets all of
			 the ABR parameters to default values on the underlying 
			 <codeph>ABRControlParameters</codeph> object. 
		  </li> 
		  <li id="li_C56F80F5FC92495781AFFE65B8458652">You can reset individual
			 ABR parameters during run time, as long as you maintain a reference to the same
			 
			 <codeph>ABRControlParametersBuilder</codeph> instance. 
		  </li> 
		</ul> 
		<p>This class also includes the 
		  <codeph>toABRControlParameters()</codeph> helper method. Use this
		  method to get an instance of 
		  <codeph>ABRControlParameters</codeph> and set it on the 
		  <codeph>mediaPlayer.ABRControlParameters</codeph> property. This causes
		  your settings to go into effect in the player. 
		</p> 
		<ol id="ol_15F44C7A59E1437688B0D3A5BA47BB79"> 
		  <li id="li_00657A8DA8074E6BBBE4578608D056C4">Instantiate the 
			 <codeph>ABRControlParametersBuilder</codeph> helper class, and set
			 the parameters on the Media Player. 
			 <note>For example, the following sample initializes all parameters to
				the defaults, then sets only the policy to conservative, and restricts the
				maximum bit rate to 1000000: 
				<codeblock outputclass="syntax actionscript">var abrBuilder:ABRControlParametersBuilder = 
  new ABRControlParametersBuilder();
abrBuilder.policy = ABRControlParameters.CONSERVATIVE_POLICY;
abrBuilder.maxBitRate = 1000000;
mediaPlayer.abrControlParameters = 
  abrBuilder.toABRControlParameters();</codeblock> 
			 </note> 
		  </li> 
		  <li id="li_584514612FFF49179F0F4F767386C9A1">Modify individual ABR
			 parameters at run time. 
			 <p>To modify individual parameters while leaving the rest of the
				parameters as they were: 
			 </p> 
			 <codeblock outputclass="syntax actionscript">// If later you want to reset the max bit rate to 2000000
abrBuilder.maxBitRate = 2000000;
mediaPlayer.abrControlParameters = 
  abrBuilder.toABRControlParameters();</codeblock> 
			 <p>To retain your previous settings, you must maintain a reference to
				the same 
				<codeph>ABRControlParametersBuilder</codeph> instance you created
				in Step 1. 
			 </p> 
		  </li> 
		</ol> 
	 </section> 
	 <section id="section_02161FD0A73F40ED9CAE17F9AF850483"> 
		<title>Configure adaptive bit rates using ABRControlParameters</title> 
		<p>You can set ABR control values only with 
		  <codeph>ABRControlParameters</codeph>, but you can construct a new one
		  at any time. 
		</p> 
		<p>This ability to set ABR parameters was supported before the existence
		  of the 
		  <codeph>ABRControlParametersBuilder</codeph> class, but this ability is
		  still effective for setting ABR parameters at construction time. However, to
		  change individual parameters after construction, you should use the 
		  <codeph>ABRControlParametersBuilder</codeph> class. 
		</p> 
		<p> The following conditions apply to 
		  <codeph>ABRControlParameters</codeph>: 
		<ul id="ul_2996F478E84440E89F9060486B6A17BF"> 
		  <li id="li_FE2477AE6CCB4A99B1ECAFC2B78269B7">You must provide values
			 for all parameters at construction time. 
		  </li> 
		  <li id="li_B0221D6CAF504D2F973F3C1A60F4884D">You cannot change
			 individual values after construction time. 
		  </li> 
		  <li id="li_492C3AEA04EE4402A9C922DBE98B8478">If the parameters that you
			 specify are outside of the allowed range, an 
			 <codeph>ArgumentError</codeph> is thrown. 
		  </li> 
		</ul> 
		</p> 
		<ol id="ol_25207D3BE5294CA1BF13A954FF53C621"> 
		  <li id="li_CC745CEBFC0142F08557166F7363831C">Decide on initial,
			 minimum, and maximum bit rates. 
		  </li> 
		  <li id="li_B37CC51F38144EA5BBADDFB7EDD62024">Determine the ABR policy: 
			 <ul id="ul_80C2155621D345BF8BD74740648D1BBE"> 
				<li
				 id="li_835EFBB5674C4D8FB6FB6AC744DA7635"><codeph>CONSERVATIVE_POLICY 
				  </codeph> 
				</li> 
				<li id="li_226ACE9EA03C4FDD93E5C9FC26D1C236"> 
				  <codeph>MODERATE_POLICY</codeph> 
				</li> 
				<li id="li_07B109A41C3F453CAB3156BCA12DA551"> 
				  <codeph>AGGRESSIVE_POLICY</codeph> 
				</li> 
			 </ul> 
		  </li> 
		  <li id="li_3159C1F4CD9C48ED91ABC290E62D8795">Set the ABR parameter
			 values in the 
			 <codeph>ABRControlParameters</codeph> constructor and assign them to
			 the Media Player. 
			 <codeblock outputclass="syntax actionscript">mediaPlayer.abrControlParameters = new ABRControlParameters(
    ABRControlParameters.CONSERVATIVE_POLICY,
    0, // Initial bit rate
    0, // Minimum bit rate
    1000000 // Maximum bit rate
);</codeblock> 
		  </li> 
		</ol> 
	 </section> 
  </conbody> 
</concept> 
