<?xml version="1.0" encoding="UTF-8"?>
<!DOCTYPE concept PUBLIC "-//OASIS//DTD DITA Concept//EN" "technicalContent/dtd/concept.dtd">
<concept id="c_psdk_overview-of-the-player-features"
 xmlns:ditaarch="http://dita.oasis-open.org/architecture/2005/"> 
  <title>Primetime TVSDK features</title> 
  <shortdesc>TVSDK for Desktop HLS includes a variety of features and provides
	 the following main capabilities: 
  </shortdesc> 
  <conbody> 
	 <p> 
	 <ul id="ul_D03B9321596A4FFD8B409C72A859E613"> 
		<li id="li_4B90943AD8AD438D95BCD1E81D8BCF8D">VOD and live/linear playback
		  
		  <ul id="ul_81EAF316779440218FD9A00CB660BCF1"> 
			 <li id="li_67965A9B8E71433DA0E60A59F1955143">Management of the
				playback window, including methods that play, stop, pause, seek, and retrieve
				the playhead position.
			 </li> 
			 <li id="li_AC12DDD0CE654BA3941BEB58AA64601E">Closed captioning (608,
				708, WebVTT) and alternate forms of audio for increased accessibility 
			 </li> 
			 <li id="li_8415B5B49DE44180AE3CF6556C695CC1">Control for text styling
				in captions 
			 </li> 
			 <li id="li_96AEBAF3A85C4E1390C6309B05D57E01">DVR capability, fast
				forward/fast rewind (trick-play mode) 
			 </li> 
			 <li id="li_5F82994A337145479EC7C33A3A7C7D0D">Trick play for both live
				and VOD content 
			 </li> 
			 <li id="li_A7D3F1757A8545D886732A5502DF6F08">Adaptive bit rate (ABR)
				logic and initial set up of ABR controls 
			 </li> 
			 <li id="li_ED6AF39C03D7437CA55AB8178B930B77">Live manifest failover
				support 
			 </li> 
			 <li id="li_675FF1EFCD3547F1BF2E812670131A50">Adjustable playback
				buffers 
			 </li> 
			 <li id="li_BCBCAEE5ADAC4639BA10F796A8E460C5">302 redirect
				optimization 
			 </li> 
			 <li id="li_F90AAAD3576B45BBBBD52C75BC6E002B">Fragment duration, size,
				and time-to-download tracking support 
			 </li> 
		  </ul> 
		</li> 
		<li id="li_C06ECAF6AFCD4C2585DF339886913613">Advertising 
		  <ul id="ul_7C1A816B812343018C7317621BA76A5A"> 
			 <li id="li_FDFC8493F72542D8BCF68BE651D55FD2">VPAID 2.0 
			 </li> 
			 <li id="li_4228D521C8AA49CD9D89DBF859D66887"> Client-side ad
				stitching 
				<ul id="ul_5AFF9E2405984EA8AF7C5DA80FFE04CB"> 
				  <li id="li_1C20EB406F574E34A189BECEFE3C9DFC">Seamless ad
					 insertion, including support for VAST/VMAP 
				  </li> 
				  <li id="li_0B167DE259F347059C570B57FE0D686A">Support for custom
					 cue tags for ads 
				  </li> 
				  <li id="li_7E2E736FC3F249D998BBEF8D45B94931">Support for marking,
					 replacing, and deleting C3 ads 
				  </li> 
				  <li id="li_E34FAAFD0BD245F89310FF364D3B0979">Customizable
					 content/ad insertion workflow including blackout signaling 
				  </li> 
				</ul> 
			 </li> 
		  </ul> 
		</li> 
		<li id="li_086D95D3CB5A426692762ADE1726DC82">Content protection 
		  <ul id="ul_9525F8F80FB1409A811237C386DBE27D"> 
			 <li id="li_A4D6D1B9840847B1907CF78FA3A8C97D">Access to digital rights
				management (DRM)-related services 
			 </li> 
			 <li id="li_0C682EF94DF6457E9A61EA544EC63EDD">Playback of HLS streams
				unencrypted or with Protected HTTP Live Streaming (PHLS) 
			 </li> 
			 <li id="li_403CA8CC722241C9BE277AE50A0580BE">Resolution-based output
				control, based on DRM policy 
			 </li> 
			 <li id="li_F03EAC8049B545C1B0567B6A683D5475">Session cookie and media
				auth cookie support 
			 </li> 
			 <li id="li_91E25DB666984EF09D14864AAD8D7079">Multiple-domain token
				packaging 
			 </li> 
		  </ul> 
		</li> 
		<li id="li_3206E9F734B5410CAA170CFB82A35713">Video and ad tracking 
		  <ul id="ul_04989F50FF714AF6B4AB339214760A95"> 
			 <li id="li_C5F281C76DB44A9C972F6A6DB589DF89"> QoS event tracking 
			 </li> 
			 <li id="li_D8A918EB07F646A68AC2911CA346DB77">Notifications that help
				TVSDK and your application to communicate asynchronously about the status of
				videos, advertisements, and other elements, and also that log activity 
			 </li> 
			 <li id="li_F268496202C84BC08E3C068419DFC8EC">Integration with Adobe
				Analytics and heartbeat support 
			 </li> 
		  </ul> 
		</li> 
		<li id="li_3607B2D8036C4FE2A2569FC67C0F3918">Logging 
		  <ul id="ul_5AC9B1C503A643E6B5349CFCD1D60071"> 
			 <li id="li_60612695021F459FBA4CAF8D8D961BCD">Debug logging 
			 </li> 
			 <li id="li_5B87CD6C3FD04B31932C5AD7D084BCD5">Tracking support for
				fragment duration, size, and time-to-download 
			 </li> 
		  </ul> 
		</li> 
	 </ul> 
	 </p> 
  </conbody> 
</concept> 
