<?xml version="1.0" encoding="UTF-8"?>
<!DOCTYPE concept PUBLIC "-//OASIS//DTD DITA Concept//EN" "concept.dtd">
<concept id="map_tvsdk_drm_workflow"> 
  <title>Implementing Primetime DRM in a TSVDK application</title> 
  <shortdesc>Primetime DRM is integrated into TVSDK, which simplifies
	 implementing content protection in a TVSDK application.
  </shortdesc> 
  <conbody> 
	 <p>For an overview and details on using Primetime DRM to implement content
		protection in a TVSDK application, see:
	 </p> 
	 <ul id="ul_DB9E5F553BA746A6A7E0B60DF67E21B6"> 
		<li id="li_F86A1642BD5B4B98A8D6ADE097116994"><xref
		  href="http://help.adobe.com/en_US/primetime/drm/tvsdk-drm-workflow/index.html"
		  format="html" scope="external">Adobe Primetime TVSDK-DRM Workflow (HTML)</xref>
		</li> 
		<li id="li_CBFA978931734A338DBBFDE55FD25CAC"><xref
		  href="http://help.adobe.com/en_US/primetime/drm/tvsdk-drm-workflow/drm_tvsdk_drm_workflow.pdf"
		  format="pdf" scope="external">Adobe Primetime TVSDK-DRM Workflow (PDF)</xref>
		</li> 
	 </ul> 
  </conbody> 
</concept> 
