<?xml version="1.0" encoding="UTF-8"?>
<!DOCTYPE concept PUBLIC "-//OASIS//DTD DITA Concept//EN" "technicalContent/dtd/concept.dtd">
<concept id="c_psdk_android_set-up-closed-captioning"
 xmlns:ditaarch="http://dita.oasis-open.org/architecture/2005/"> 
  <title>Work with closed captions</title> 
  <shortdesc>Closed captioning displays the audio portion of a video as text on
	 the screen when the sound is inaudible or the viewer is hard of hearing. 
  </shortdesc> 
  <conbody> 
	 <p>Closed captions are typically in the same language as the audio and also
		display background sounds as text, but subtitles are typically in a different
		language and do not include background sounds. 
	 </p> 
	 <p> TVSDK supports rendering these formats: 
	 <ul id="ul_DAC4550EFB26491E86279CA8865C6393"> 
		<li id="li_5D67C90CBAFB4AD3A2E0FBDFFAFF35BA"> 608 and 708 closed
		  captioning, when delivered as part of the video transport stream over HLS as
		  data packets in MPEG-2 video streams. 
		</li> 
		<li id="li_CE08897046A449A5A872501AA5E0352D">WebVTT caption files, which
		  are referenced from the M3U8 manifest files as defined in the HLS
		  specifications. They are automatically available as closed-caption tracks in
		  the Primetime player. 
		</li> 
	 </ul> 
	 </p> 
	 <p>You can: 
	 </p> 
	 <ul id="ul_43FD0DE8FD7A47D79FAFB7BCB51B79E3"> 
		<li id="li_CAC42E614A7C4C239770E352D49A4D4E">Select an available caption
		  track to be the current track and listen for events that indicate additional
		  available tracks. 
		</li> 
		<li id="li_D96CCD33D0614F90AF59C65CDC269B5E">Switch closed captioning on
		  or off (visible or not visible) by using the 
		  <codeph>MediaPlayer</codeph> interface. 
		</li> 
		<li id="li_5AABA2863342455C9113F77B4C84A461">Select styling options that
		  dictate how closed captions are rendered by the underlying video engine. Use
		  the 
		  <codeph>MediaPlayerItem</codeph> interface to select formats such as
		  the font or font color. 
		</li> 
	 </ul> 
  </conbody> 
</concept> 
