<?xml version="1.0" encoding="UTF-8"?>
<!DOCTYPE concept PUBLIC "-//OASIS//DTD DITA Concept//EN" "technicalContent/dtd/concept.dtd">
<concept id="c_psdk_buffering-configuration"
 xmlns:ditaarch="http://dita.oasis-open.org/architecture/2005/"> 
  <title>Buffering time policies</title> 
  <shortdesc id="buffering-policies">To provide a smoother viewing experience,
	 TVSDK sometimes buffers the video stream. You can configure the way the player
	 buffers. 
  </shortdesc> 
  <conbody> 
	 <p>TVSDK defines a playback buffer length of at least 30 seconds and an
		initial buffer time within that, before the media starts playing, of at least 5
		seconds. After the application calls 
		<codeph>play</codeph> but before playback begins, TVSDK buffers the media
		up to the initial time to give a smooth start when it actually starts playing. 
	 </p> 
	 <p>You can alter the buffer times by defining new buffering policies. 
	 </p> 
	 <section id="section_F6EEE15600814A70A57CCBACE20D68BD"> 
		<p>Depending on your environment (including the device, the operating
		  system, or the network conditions), you can set different buffering policies
		  for your player, such as changing the minimum duration for initial buffering
		  and for ongoing playback buffering. 
		</p> 
		<p>After you call 
		  <codeph>play</codeph>, the media player begins buffering the video.
		  When the media player has buffered the amount of video specified by the initial
		  buffer time, playback begins. This process improves the start-up time because
		  the player does not wait for the entire playback buffer to fill before starting
		  playback. Instead, after the few initial seconds are buffered, playback begins.
		  
		</p> 
		<p>While the video is being rendered, TVSDK continues to buffer new
		  fragments until it is has buffered the amount that is specified by the playback
		  buffer time. If the current buffer length drops below the playback buffer time,
		  the player will download additional fragments. Once the current buffer length
		  is above the playback buffer time by a few seconds, TVSDK will stop downloading
		  fragments. 
		</p> 
		<note type="tip"> If the initial buffer value is high, it might give your
		  user a long initial buffering time before starting. That might provide smooth
		  playback for a longer time; however, if network conditions are poor, initial
		  playback could be delayed. 
		</note> 
	 </section> 
  </conbody> 
</concept> 
