<?xml version="1.0" encoding="UTF-8"?>
<!DOCTYPE concept PUBLIC "-//OASIS//DTD DITA Concept//EN" "concept.dtd">
<concept id="c_psdk_custom_time_range_ops"> 
  <title>Custom time range operations</title> 
  <shortdesc>TVSDK supports the programmatic deleting and replacing of ad
	 content in VOD streams. 
  </shortdesc> 
  <conbody> 
	 <p>The delete and replace feature extends the custom ad markers feature.
		Custom ad markers mark sections of the main content as ad-related content
		periods. In addition to marking these time ranges, you can also delete and
		replace time ranges. 
	 </p> 
	 <section id="section_D3FE668CAF764DCC912373D5410C932C"> 
		<p>Ad deletion and replacement are implemented with custom markers that
		  identify different types of time ranges in a VOD stream: mark, delete, and
		  replace. For each custom time range, you can perform associated operations,
		  including deleting or replacing ad content. 
		</p> 
		<p>For ad deletion and replacement, TVSDK includes the following 
		  <i>custom time range operation</i> modes: 
		<ul id="ul_6E5400C15CFA4745827C36BC2C602034"> 
		  <li id="li_56217D6DBB954EF6A764CA60C5EC1823">MARK - Dispatches 
			 <codeph>AdBreak</codeph> events for the marked regions. (This was
			 called 
			 <codeph>customAdMarker</codeph> in previous versions of TVSDK.) Ad
			 insertion is not allowed in this mode. 
		  </li> 
		  <li id="li_95C189EA34B84AB783AA9D623A6AF700">DELETE - For this mode,
			 the app uses the 
			 <codeph>TimeRangeCollection</codeph> class to define time regions for
			 C3 Ad Deletion. Ad insertion is allowed in this mode. 
		  </li> 
		  <li id="li_5E32057AB21F49FB998FF995FA4B889C">REPLACE - In this mode,
			 the app replaces a 
			 <codeph>timeRange</codeph> with an Adobe Primetime ad decisioning 
			 <codeph>AdBreak</codeph>. The replace operation starts where the C3
			 Ad deletion occurs, and ends at the indicated time (shorter or longer than the
			 original time range). 
		  </li> 
		</ul> 
		</p> 
		<p>TVSDK provides a 
		  <codeph>CustomRangesOpportunityGenerator</codeph> class to generate
		  placement opportunities for the MARK and DELETE ranges. For the REPLACE mode,
		  TVSDK generates two placement opportunities for each time range: 
		<ul id="ul_78C3F3140C03438A9B03399DE7DF2FB5"> 
		  <li id="li_85DA700B38724C459578C92C873E7CFA">The 
			 <codeph>CustomRangeResolver</codeph> generates placement
			 opportunities for DELETE 
		  </li> 
		  <li id="li_944CDC5321EF431F927BEAC112389C80">The 
			 <codeph>AuditudeAdResolver</codeph> generates placement opportunities
			 for INSERT 
		  </li> 
		</ul> 
		</p> 
	 </section> 
  </conbody> 
</concept> 
