<?xml version="1.0" encoding="UTF-8"?>
<!DOCTYPE concept PUBLIC "-//OASIS//DTD DITA Concept//EN" "technicalContent/dtd/concept.dtd">
<concept id="ad-deletion-replacement-api-changes"
 xmlns:ditaarch="http://dita.oasis-open.org/architecture/2005/"> 
  <title>Ad deletion and replacement API changes</title> 
  <shortdesc>These changes in TVSDK support ad deletion and replacement. 
  </shortdesc> 
  <conbody>
	 <ul id="ul_E8DF1FD6F54C4024B0CD3762562A6738"> 
		<li
		 id="li_1C6819E63A0641E98E7D541E561BD8F2"><codeph>AdSignalingMode</codeph> 
		  <p>Added 
			 <codeph>CUSTOM_RANGES</codeph> signaling mode.
		  </p>
		</li> 
		<li
		 id="li_D9941319E0154480ACAEC1490AA888FF"><codeph>OpportunityGenerator</codeph> 
		  <p><codeph>extractAdSignalingMode()</codeph> - Set 
			 <codeph>AdSignalingMode.CUSTOM_RANGES</codeph> if replace ranges are
			 in the metadata.
		  </p>
		</li> 
		<li
		 id="li_77093335D7884E549427ADC26F83B8E3"><codeph>PlacementType</codeph> 
		  <p>Added 
			 <codeph>CUSTOM_RANGE</codeph> type.
		  </p>
		</li> 
		<li
		 id="li_CC93C424ABD346E3A4ADB43A372A1B9E"><codeph>PlacementMode</codeph> 
		  <ul id="ul_BC055F401D5F41928C8BB8C06450FB22"> 
			 <li id="li_726895779B7E42278442D1F36FAEBF77">Added 
				<codeph>DELETE</codeph> mode.
			 </li> 
			 <li id="li_D486B20795A1446EB6095D3DAB369D9A">Added 
				<codeph>MARK</codeph> mode
			 </li> 
			 <li id="li_E903AD5EECF8455EA0B9163A77B9BF52">Added 
				<codeph>FreeReplace</codeph> mode - This mode has a duration but is
				a pure insertion
			 </li>
		  </ul>
		</li> 
		<li id="li_54EF3592E9644E4EBA971A6F73A4355E"><codeph>TimeRange</codeph> 
		  <p>No longer a 
			 <codeph>final</codeph> class
		  </p>
		</li> 
		<li id="li_448854742BB645C99C187384F11D22DF">Added 
		  <codeph>ReplaceTimeRange()</codeph> method 
		  <p>Extends 
			 <codeph>TimeRange</codeph> to have a 
			 <codeph>replacementDuration</codeph> property. For the MARK and
			 DELETE cases, 
			 <codeph>replacementDuration</codeph> is 0.
		  </p>
		</li> 
		<li
		 id="li_1FC274C04B854DC7975A139D7EBEB796"><codeph>TimeRangeCollection</codeph> 
		  <ul id="ul_F61D593646A34CFF953C0974AD1BCDE8"> 
			 <li id="li_0389C24F1FE744009E3938C6E11BEC9F">Added 
				<codeph>toReplaceMetadata()</codeph> utility function to extract 
				<codeph>timeRanges</codeph>.
			 </li> 
			 <li id="li_6DC7B5253E0A496D967C69B6E2F9C01F">Modified to work with 
				<codeph>DELETE</codeph> and 
				<codeph>REPLACE</codeph>
			 </li> 
			 <li
			  id="li_85EB01C7609248ADA515339EB1968884"><codeph>METADATA_KEY_CUSTOM_MARK_RANGES</codeph>,
				
				<codeph>METADATA_KEY_CUSTOM_DELETE_RANGES</codeph>, 
				<codeph>METADATA_KEY_CUSTOM_REPLACE_RANGES</codeph>
			 </li>
		  </ul>
		</li> 
		<li id="li_CE015F1B73DF4D22900914727D6E0A5C"><codeph>CatalogItem</codeph>
		  
		  <ul id="ul_5AD0A221351440F18FA47C2975E018C3"> 
			 <li id="li_43F093F710EC482CB95467C62413D6A8">Added 
				<codeph>createCustomTimeRangesFrom()</codeph> - Creates metadata
				for MARK/DELETE/REPLACE use cases from the JSON file.
			 </li> 
			 <li id="li_BFFDE34266004B8296F23392D4783A6E">Removed 
				<codeph>createCustomAdMarkersMetadataFrom()</codeph>
			 </li>
		  </ul>
		</li> 
		<li
		 id="li_713B8E341EAE43E1A7FF9C709BCE2E04"><codeph>DefaultMetadataKeys</codeph> 
		  <ul id="ul_9053A340924942E490B0A2B552BA0B35"> 
			 <li id="li_4350ACA91AFA41269B3D08129EDE7352">Added 
				<codeph>CUSTOM_DELETE_RANGES_METADATA_KEY</codeph>
			 </li> 
			 <li id="li_5ECBF754DA2A4F01A7B2B66B0445C28A">Added 
				<codeph>CUSTOM_REPLACE_RANGES_METADATA_KEY</codeph>
			 </li> 
			 <li
			  id="li_CA336EF47D9B401783CAB2391877343E"><codeph>CUSTOM_AD_MARKERS_METADATA_KEY</codeph>
				(did not change) 
			 </li>
		  </ul>
		</li> 
		<li
		 id="li_C24148F6D76A44449366C8A9D88D9DD2"><codeph>DefaultContentFactory</codeph>
		  
		  <ul id="ul_9B979CA4FD3C4ADD97AD8A2849741DD2"> 
			 <li
			  id="li_E7D3C38599F840BC8588A95889385014"><codeph>doRetrieveGenerators()</codeph>
				
				<ul id="ul_5FE5DC2249D44238BF4D8F3CBB3E4621"> 
				  <li id="li_F7040816E6F04245ABB04F9FC585FB90">Added 
					 <codeph>CustomRangesOpportunityGenerator</codeph> for when the
					 metadata contains custom ranges
				  </li>
				</ul>
			 </li> 
			 <li
			  id="li_3471525F208440ECB67E9B7896540650"><codeph>doRetrieveResolvers()</codeph>
				
				<ul id="ul_AD38A3EE4705450F94467C35C89B8333"> 
				  <li id="li_2D66CF02E0EF4931B7A8225031A17142">Add 
					 <codeph>CustomRangeResolver</codeph> for when DELETE and
					 REPLACE custom ranges are present in the metadata
				  </li> 
				  <li id="li_64B513D5D2914CC28C4D3381DA129399">Moved 
					 <codeph>CustomAdMarkerResolver</codeph> ahead of 
					 <codeph>AuditudeResolver</codeph>
				  </li>
				</ul>
			 </li>
		  </ul>
		</li> 
		<li id="li_41B17E29A7844E60B56E51D852323B4B">Added 
		  <codeph>CustomRangeOpportunityGenerator</codeph> 
		  <ul id="ul_27B4172AA2C94A86B17466829EE576E2"> 
			 <li
			  id="li_DEF90559EAC84040A50181E7FA6EE380"><codeph>doUpdate()</codeph> Leaves
				empty - no Update, VOD
			 </li> 
			 <li
			  id="li_16DA4E47C88E400D9459B0B5C817FD78"><codeph>doProcess()</codeph> Creates a
				new placement of a new type 
				<codeph>Placement.Delete_Range</codeph>
			 </li> 
			 <li id="li_C4C7968F968B493986B14575D67D5163">Added 
				<codeph>CustomRangeOppotunityGenerator</codeph> to the top of the
				generators list in 
				<codeph>DefaultContentFactory</codeph>, so delete ranges are
				processed before ad insertions.
			 </li> 
			 <li id="li_C5346AB22A294625A5F35340402B36E8">Added 
				<codeph>createCustomRangeOpportunities</codeph> to create all the
				opportunities 
				<p>MARK - One opportunity for each valid mark range of 
				  <codeph>PlacementType.CUSTOM_RANGE</codeph> and 
				  <codeph>PlacementMode.MARK</codeph>
				</p>
				<p>DELETE - One opportunity for each valid delete range of 
				  <codeph>PlacementType.CUSTOM_RANGE</codeph> and 
				  <codeph>PlacementMode.DELETE</codeph>
				</p>
				<p>REPLACE - Two opportunities for each valid replace range: 
				<ol id="ol_D5EC11D6AC85443799AD80C0AB2C7A87"> 
				  <li id="li_943E8983D44C488A8AE2070BE296D45F">A delete range
					 opportunity of 
					 <codeph>PlacementType.CUSTOM_RANGE</codeph> and 
					 <codeph>PlacementMode.DELETE</codeph>.
				  </li> 
				  <li id="li_28E176ED40CB41B781A5F459548CED65">An Primetime ad
					 decisioning ad opportunity of 
					 <codeph>PlacementType.MID_ROLL</codeph> or 
					 <codeph>PlacementType.PRE_ROLL</codeph> and 
					 <codeph>PlacementMode.FREEREPLACE</codeph>
				  </li>
				</ol>
				</p>
			 </li>
		  </ul>
		</li> 
		<li id="li_42D39952F232484B9804453410A978C0">Added 
		  <codeph>CustomRangeResolver</codeph>: 
		  <ul id="ul_7BE28005696E4D4880AB8B95C7F6D1AC"> 
			 <li
			  id="li_8D60A1210A8147C697C64BFEA55A13B7"><codeph>doCanResolve()</codeph>
				returns 
				<codeph>true</codeph> for delete ranges.
			 </li> 
			 <li id="li_3AF54D07C6254E7A87BE3DA4F73C417C">Added 
				<codeph>createDeleteRangeOperation()</codeph> to create 
				<codeph>DeleteRange</codeph> for the placement
			 </li>
		  </ul>
		</li> 
		<li id="li_D6215E7DBBBA47FABE4E80C250811903">Added 
		  <codeph>CustomRangeHelper</codeph>: 
		  <ul id="ul_A74EC8B8BA6F4317BA506316AED847D4"> 
			 <li id="li_B95B68D514F2486E92AC8B45DBD26ADB">Common utility class to
				extract Mark/Delete/Replace 
				<codeph>timeRanges</codeph> and process them.
			 </li> 
			 <li id="li_9464B6154C01421B9CC1AF565C99910D">Added 
				<codeph>extractCustomRangesMetadata()</codeph>
			 </li> 
			 <li id="li_0C1120C5E5064CD9933673F41408901A">Added 
				<codeph>extractCustomRanges()</codeph>
			 </li> 
			 <li id="li_525356BE305B4ED38C22C090E81CEFBB">Added 
				<codeph>mergeRanges()</codeph> – Resolves conflicts and
				subsets/merges
			 </li>
		  </ul>
		</li> 
		<li
		 id="li_DF11F13AFD844DB7A44B8643BDEA391C"><codeph>MediaPlayerTimeline</codeph>: 
		  <ul id="ul_BE1408DD7225472AA2E74593ED6F24BB"> 
			 <li id="li_D302C7AD4D7544F2B4CDF9DEB5B7408B">"&gt;In 
				<codeph>executeOperation()</codeph>, if the operation is 
				<codeph>DeleteRange</codeph>, added call to remove method in the
				operation
			 </li> 
			 <li id="li_0A63441C9A9C4EAAB4F908F49437E2A0">In 
				<codeph>executeOperation()</codeph>, if the operation is 
				<codeph>NOPTimelineOperation</codeph> (empty 
				<codeph>AdBreaks</codeph> coming back from server), added call to
				clear.
			 </li> 
			 <li id="li_695E6E12D7DB40A99124421F3784B88E">Added 
				<codeph>onDeleteRangeComplete()</codeph>
			 </li> 
			 <li id="li_D549922130CF4FD890C4DDFA573576A9">Added 
				<codeph>removeRange()</codeph>
			 </li> 
			 <li id="li_BFCB9A33A51C41488B8B3E2BE34B6341">In 
				<codeph>adjustPlacement()</codeph>, for 
				<codeph>PlacementMode.FREEREPLACE</codeph> mode, zeroed out the
				duration. This duration is needed earlier when requesting 
				<codeph>AdBreaks</codeph>, at this point it needs to be zero to be
				pure insertion.
			 </li>
		  </ul>
		</li> 
		<li
		id="li_2987FA555DC5456584867A0DE42F9E50"><codeph>VideoEngineTimeline</codeph> 
		  <p>Added 
			 <codeph>removeC3Ad()</codeph> – call 
			 <codeph>removeByLocalTime()</codeph> for delete ranges
		  </p>
		</li> 
		<li
		id="li_21D8759ED58647098DA6C30B41A00716"><codeph>AdSignalingModeGenerator</codeph>
		  
		  <ul id="ul_839C4CFF307C4986922C00C151323958"> 
			 <li
			 id="li_92BE9C2D115C449F9F6C7685CF600CF2"><codeph>doConfigure()</codeph> - Do
				not resolve if no opportunity is generated
			 </li> 
			 <li
			 id="li_36266C917D2544EBA6186B2E3F8896D9"><codeph>createInitialOpportunity()</codeph>
				- Do not generate initial opportunity for 
				<codeph>AdSignalingMode.CUSTOM_RANGE</codeph>. The 
				<codeph>CustomRangeOpportunityGenerator</codeph> covers this
				already.
			 </li>
		  </ul>
		</li> 
		<li id="li_6855AB2DC04147C0A88D25953A5F5267"><codeph>DeleteRange</codeph>
		  
		  <ul id="ul_8B59B89EDE424F9B925DDC5E9B8D9D60"> 
			 <li id="li_0F09C5C5E3CE4C4B96FD5E42C503348E">Extends 
				<codeph>TimelineOperation</codeph>.
			 </li> 
			 <li id="li_35C9778CE37945FB9AF7E50885B53296">Created by 
				<codeph>CustomRangeResolver</codeph> for delete and replacement
				(the deletion part of replacement)
			 </li>
		  </ul>
		</li> 
		<li
		id="li_DDD93C2CAA054F81A5896AB4930D6AAB"><codeph>AuditudeConstant</codeph> 
		  <ul id="ul_6FB6D37E9E664FD38378829B059BA312"> 
			 <li
			 id="li_78A97D3BDC7C475CA1E8DFFBF2EB88BD"><codeph>MAX_PLACEMENTS_PER_REQUEST
				  1-&gt;5</codeph> – allow packing
			 </li> 
			 <li
			 id="li_CBE01C335AA34EFBB5F028ACAC9B4700"><codeph>MINIMUM_AD_DURATION
				  10-&gt;5</codeph>
			 </li>
		  </ul>
		</li> 
		<li
		id="li_D72F9EDD6C8548F08C80C726AE9C2636"><codeph>AuditudeRequest</codeph> 
		  <p>The 
			 <codeph>accepts()</codeph> method was modified to allow packing of
			 different placement type (pre-roll, mid-roll, post-roll)
		  </p>
		</li> 
		<li
		id="li_B43D8221AAC2439E946F26456A279AF5"><codeph>AuditudeRequestHelper</codeph>
		  
		  <p>Bug fixes to allow server override of Ad parameters
		  </p>
		</li> 
		<li
		id="li_A3E875F502A34A2A9506AE8D52107AC0"><codeph>AuditudeResolver</codeph> 
		  <p>The 
			 <codeph>canBePacked()</codeph> method was changed to allow packing
		  </p>
		</li> 
		<li
		id="li_A727D7327E9F406F9B79453ED16B740E"><codeph>CustomAdResolver</codeph> 
		  <p>The 
			 <codeph>timeRange</codeph> extraction functions have been removed. We
			 get one placement at a time, and turn that into a 
			 <codeph>AdBreakPlacement timelineOperation</codeph>.
		  </p>
		</li>
	 </ul>
  </conbody>
</concept> 
