<?xml version="1.0"?>
<!DOCTYPE concept PUBLIC "-//OASIS//DTD DITA Concept//EN" "concept.dtd">
<concept id="concept_ad-fallback-vast"> 
  <title>Ad fallback for VAST and VMAP ads</title> 
  <shortdesc> For Digital Video Ad Serving Template (VAST) ads (or creatives)
	 that have the fallback rule enabled, TVSDK treats an ad with an invalid media
	 type as an empty ad and attempts to use fallback ads in its place. You can
	 configure some aspects of fallback behavior. 
  </shortdesc> 
  <conbody> 
	 <p>The VAST/Digital Video Multiple Ad Playlist (VMAP) specification states
		that for ads where VAST fallback is enabled, empty ads automatically trigger
		the use of fallback ads. When a VAST ad is empty, TVSDK looks for a valid HLS
		media type replacement among the fallback ads. When a VAST ad in a wrapper has
		an invalid media type, TVSDK treats this ad as empty. You can configure whether
		TVSDK should do the same for ads inline in a VMAP. For more information about
		the VAST 
		<codeph>fallbackOnNoAd</codeph> feature, see 
		<xref
		 href="http://www.iab.net/guidelines/508676/digitalvideo/vsuite/vast"
		 format="http" scope="external">Digital Video Ad Serving Template (VAST)
		  3.0</xref>. 
	 </p> 
	 <p>The Primetime ad insertion back end maintains a set of priorities to
		enable it to choose among different media types in the same VAST/VMAP response.
		You can find out more about this priority list and how to change it at 
		<xref keyref="crs-overview"/> 
	 </p> 
  </conbody> 
</concept> 
