<?xml version="1.0" encoding="UTF-8"?>
<!DOCTYPE concept PUBLIC "-//OASIS//DTD DITA Concept//EN" "concept.dtd">
<concept id="c_psdk_handle_blackouts"> 
  <title>Handle blackouts in live streams</title> 
  <shortdesc>You can handle blackouts in live video streams and provide
	 alternate content during a blackout. 
  </shortdesc> 
  <conbody> 
	 <p>When a blackout occurs in a live stream, your player uses event handlers
		to detect the blackout and provide alternate content to those users who are
		ineligible to watch the main stream. Your player detects the start and end of
		the blackout period, switches playback from the main stream to an alternate
		stream, and switches back to the main stream when the blackout period ends. 
	 </p> 
	 <p>In your client app, you subscribe for blackout tags in TVSDK. Upon being
		notified of new 
		<i>timed metadata</i> objects, you parse the timed metadata object's data
		to identify whether the object indicates a blackout entry or exit. For
		identified blackouts, you call the relevant TVSDK elements to switch to
		alternate content at the beginning of the blackout, and again to return to the
		main content when the blackout is over. 
	 </p> 
	 <note type="tip">The keys are still downloaded from manifest before the
		content is played. 
	 </note> 
	 <p>When a user connects to a live stream after the blackout period is over,
		and scrolls back in time to the blacked-out period, the content will play. 
		<note type="important">If all of the key requests fail, an error is
		  thrown when parsing the manifest. If some requests fail and some succeed, TVSDK
		  attempts to play the content. If TVSDK attempts to play a section of the
		  content, but there is no valid key to decrypt this content, it returns an
		  error. 
		</note> 
	 </p> 
	 <p>To handle blackouts in live streams: 
	 <ol id="ol_81BFFFF7626A4FB794A1AA6D2867D13F"> 
		<li id="li_A7390D5248AF41DCB934D21E42A8962D">Set up your app to detect
		  blackout tags by subscribing to blackout tags in a live-stream manifest. 
		  <p>TVSDK does not detect blackout tags on its own; you must subscribe
			 to blackout tags to receive notification when the tags are encountered during
			 manifest file parsing. 
		  </p> 
		</li> 
		<li id="li_A995AB91E1864B0CAA07543BAFCBD7BE">Create event listeners for
		  tags to which your player is subscribed. 
		  <p>When a tag occurs that your player has subscribed to (for example, a
			 blackout tag) in either the foreground (main content) or background (alternate
			 content) stream manifests, TVSDK dispatches a 
			 <codeph>TimedMetadataEvent</codeph> and creates a 
			 <codeph>TimedMetadataObject</codeph> for the 
			 <codeph>TimedMetadataEvent</codeph>. 
		  </p> 
		</li> 
		<li id="li_867FDDDFF4334650AAC4713BE6818E67">Implement handlers for the
		  timed metadata events for both the foreground and the background streams. 
		  <p>In these handlers, get the start and end times for the blackout
			 period from the timed metadata event objects. 
		  </p> 
		</li> 
		<li id="li_2690EBCC65604F0C8FF2C49B91DCCD93">Prepare the 
		  <codeph>MediaPlayer</codeph> for blackouts. 
		  <p>When the 
			 <codeph>MediaPlayer</codeph> enters the PREPARED state, you calculate
			 and prepare the blackout ranges and set them on the 
			 <codeph>MediaPlayer</codeph> objtect. 
		  </p> 
		</li> 
		<li id="li_CF5B813C772249DEA06C301589E60B7C">For each update to the
		  playhead position, check the list of 
		  <codeph>TimedMetadataObjects</codeph>. 
		  <p>This is where your player detects the blackout start and end, and
			 tracks the time of the blackout as it occurs. 
		  </p> 
		</li> 
		<li id="li_BB7A787B288A408E947CF24F5108F758">Create methods for switching
		  content at the start and end of the blackout period. 
		  <p>When the blackout period starts, switch the main content to the
			 background and switch the alternate content to become the main stream. Continue
			 to fetch and parse the original manifest in the background and keep checking
			 for the "blackout end" tag, so that the player can rejoin the original stream
			 when the blackout ends. 
		  </p> 
		</li> 
	 </ol> 
	 </p> 
  </conbody> 
</concept> 
