<?xml version="1.0" encoding="UTF-8"?>
<!DOCTYPE concept PUBLIC "-//OASIS//DTD DITA Concept//EN" "concept.dtd">
<concept id="concept_fdy_qnw_hz"> 
  <title>Updating ad creative selection rules</title> 
  <shortdesc>You can use the TVSDK configuration file
	 (<filepath>AdobeTVSDKConfig.json</filepath>) to update the priorities for ad
	 creative selection on VAST/VMAP responses. You can also use this configuration
	 file to define the source URL transformation rules for ad creatives. 
  </shortdesc> 
  <conbody> 
	 <p/> 
	 <p>When your video player makes a request to an ad server, the VAST/VMAP
		response usually includes multiple ad creatives (<codeph>MediaFile</codeph>
		elements), each of which provides a URL to a different container-codec version.
		In some cases, ad creatives in the VAST/VMAP response each provide a different
		bitrate for the ad. If you want to specify your own priority and transformation
		rules for these ad creatives, you can do so in the 
		<filepath>AdobeTVSDKConfig.json</filepath> configuration file.
	 </p> 
	 <p> 
		<note type="important"> 
		  <ul id="ul_gy4_x1x_hz"> 
			 <li id="li_678257D225B54AB69333DAFF9D99856D">Do not change the name
				of the TVSDK configuration file. The name must remain 
				<filepath>AdobeTVSDKConfig.json</filepath>.
			 </li> 
			 <li id="li_87212F2B703C4D958D85BBB362EA2CD7">This file should be
				hosted on your content delivery network (CDN).
			 </li> 
		  </ul> 
		</note> 
	 </p> 
	 <p>You can specify two types of rules in 
		<filepath>AdobeTVSDKConfig.json</filepath>: 
		<i>Priority</i> rules and 
		<i>Normalize</i> rules.
	 </p> 
  </conbody> 
</concept> 
