<?xml version="1.0" encoding="UTF-8"?>
<!DOCTYPE concept PUBLIC "-//OASIS//DTD DITA Concept//EN" "technicalContent/dtd/concept.dtd">
<concept id="c_psdk_ad_delete_replace_error_handling_dhls"
 xmlns:ditaarch="http://dita.oasis-open.org/architecture/2005/"> 
  <title>Ad deletion and replacement error handling</title> 
  <shortdesc>TVSDK handles time range errors according to the specific problem,
	 either merging or reordering the improperly defined time ranges. 
  </shortdesc> 
  <conbody> 
	 <p>TVSDK deals with 
		<codeph>timeRanges</codeph> errors by doing default merging and
		reordering. First, it sorts customer-defined time ranges by the 
		<i>begin</i> time. Based on this sorting order, it then merges adjacent
		ranges, and joins them if there are subsets and intersections among the ranges.
		
	 </p> 
	 <p>TVSDK handles time-range errors as follows: 
	 <ul id="ul_05BD022FB12B421B9A031EF80EAFCB52"> 
		<li id="li_FBA970566E2F418093D6B038CC49FE1E">Out of order - TVSDK
		  reorders the time ranges. 
		</li> 
		<li id="li_1BA2DB18CD014914BE0288F570F41A0F">Subset - TVSDK merges the
		  time-range subsets. 
		</li> 
		<li id="li_E0A21E9E04A842FAA2E05BEB2D986AD6">Intersect - TVSDK merges the
		  intersecting time ranges. 
		</li> 
		<li id="li_F62E2A2DC161463DA069B9DFB33E2D10">Replace ranges conflict -
		  TVSDK chooses the replace duration from the earliest appearing 
		  <codeph>timeRange</codeph> in the conflicting group. 
		</li> 
	 </ul> 
	 </p> 
	 <p>TVSDK handles signaling-mode conflicts as follows: 
	 </p> 
	 <p> 
	 <ul id="ul_FD1FF69A155E42348F814E8E377F57B7"> 
		<li id="li_0646CBF91D5E42C4A4C69917C8D0A066">If REPLACE ranges are
		  defined, TVSDK automatically changes the signaling mode to CUSTOM_RANGE. 
		</li> 
		<li id="li_902EDC0E8C6E42A2ACBA350651309701">If DELETE ranges or MARK
		  ranges are defined and the signaling mode is CUSTOM_RANGE, TVSDK deletes or
		  marks these ranges. There is no ad insertion in this case. 
		</li> 
		<li id="li_9E01F756B2E44381994F76ACCA90B1FA">If a DELETE range or a MARK
		  range defines a replacement duration, TVSDK ignores this duration. 
		</li> 
	 </ul> 
	 </p> 
	 <p>When the server does not return valid 
		<codeph>AdBreaks</codeph>: 
	 <ul id="ul_F6B1C8F063624B2D941CFA10388FEF84"> 
		<li id="li_F382C29A975643AFAE397275946832C2">TVSDK generates and
		  processes a 
		  <codeph>NOPTimelineOperation</codeph> for the empty 
		  <codeph>AdBreak</codeph>. No ad plays. 
		</li> 
	 </ul> 
	 </p> 
  </conbody> 
</concept> 
