<?xml version="1.0"?>
<!DOCTYPE concept PUBLIC "-//OASIS//DTD DITA Concept//EN" "concept.dtd">
<concept id="sh_psdk_copyright"> 
  <title>Copyright</title> 
  <conbody> 
	 <p>© 2014-2017 Adobe Systems Incorporated. All rights reserved. 
	 </p> 
	 <p>Adobe Primetime <ph
				conkeyref="phrases/primetime-sdk-name"
				><?xm-replace_text Phrase?></ph> 1.4 for Desktop HLS Programmer's Guide</p> 
	 <p>Adobe and the Adobe logo are either registered trademarks or trademarks
		of Adobe Systems Incorporated in the United States and/or other countries. 
	 </p> 
	 <p>All other trademarks are the property of their respective owners. 
	 </p> 
	 <p>Adobe Systems Incorporated, 345 Park Avenue, San Jose, California 95110,
		USA. 
	 </p> 
  </conbody> 
</concept> 
