<?xml version="1.0" encoding="UTF-8"?>
<!DOCTYPE concept PUBLIC "-//OASIS//DTD DITA Concept//EN" "technicalContent/dtd/concept.dtd">
<concept id="c_psdk_android_failover-media-playback"
 xmlns:ditaarch="http://dita.oasis-open.org/architecture/2005/"> 
  <title>Media playback and failover</title> 
  <shortdesc>For live and video-on-demand (VOD) media, TVSDK starts playback by
	 downloading the playlist associated with the middle-resolution bit rate and
	 downloads the media segments defined by that playlist. It quickly selects the
	 high-resolution bit rate playlist and its associated media and continues the
	 downloading process. 
  </shortdesc> 
  <conbody> 
	 <section id="section_E6B6A15930894F56A0A8501577B35E7F"> 
		<title>Missing playlist failover</title> 
		<p>When an entire playlist is missing, for example, when the M3U8 file
		  specified in a top-level manifest file does not download, TVSDK attempts to
		  recover. If it cannot be recovered, your application determines the next step. 
		</p> 
		<p>If the playlist that is associated with the middle-resolution bit rate
		  is missing, TVSDK searches for a variant playlist at the same resolution. If it
		  finds the same resolution, it starts downloading the variant playlist and the
		  segments from the matching position. If TVSDK does not find the same resolution
		  playlist, it will try to cycle through other bitrate playlists and their
		  variants. An immediately lower bitrate is the first choice, then its variant,
		  and so on. If all of the lower bitrate playlists and their variants are
		  exhausted in the attempt to find a valid playlist, TVSDK will go to the top
		  bitrate and count down from there. If a valid playlist cannot be found, the
		  process fails, and the player moves to the ERROR state. 
		</p> 
		<p>Your application can determine how to handle this situation. For
		  example, you might want to close the player activity and direct the user to the
		  catalog activity. The event of interest is the 
		  <codeph>STATUS_CHANGED</codeph> event, and the corresponding callback
		  is the 
		  <codeph>onStatusChange</codeph> method. Here is code that monitors
		  whether the player changes its internal state to ERROR: 
		</p> 
		<p>For more information, see the 
		  <codeph>PSDKDemo</codeph> file. Event listeners are attached to the
		  MediaPlayer instance. 
		  <codeblock outputclass="syntax actionscript">case MediaPlayerStatus.ERROR:
Alert.show(event.error.toString(), “Error occurred”);
break;</codeblock> 
		</p> 
		<p> If the client side network is down, you can use this code to verify. 
		</p> 
		<p> 
		  <codeblock>psdkutils::PSDKString
getNetworkDownVerificationUrl() const { return
_networkDownVerificationUrl; }</codeblock> 
		</p> 
		<p> API will provide the url that is used to verify if the client side
		  network is down. This should be a valid url, which returns http response code
		  200 on http requests. 
		</p> 
		<p> 
		  <codeblock>psdkutils::PSDKErrorCode
 setNetworkDownVerificationUrl(psdkutils::PSDKString value) { 
_networkDownVerificationUrl = value; return psdkutils::kECSuccess; }</codeblock> 
		</p> 
		<p> If setNetworkDownVerificationUrl is not set, TVSDK uses the
		  MainManifest url by default to figure if the network is down. 
		</p> 
	 </section> 
	 <section id="section_ED8CF666289042D39E9914D42BDD9BA4"> 
		<title>Missing segment failover</title> 
		<p>When a segment is missing, for example when a particular segment fails
		  to download, TVSDK attempts to recover through a variety of failover attempts.
		  If it cannot recover, it issues an error. 
		</p> 
		<p>If a segment is missing on the server because, for example, the
		  manifest file is not present, the segment cannot be downloaded, and so on,
		  TVSDK attempts to fail over by trying the following options: 
		</p> 
		<ol id="ol_845E5AA1FD984597BABCCE199254A2A9"> 
		  <li id="li_DB24EEDE11764A4393D75B7533E5D0D1">Attempt a failover to the
			 same segment, at the same bit rate, in a variant file. 
		  </li> 
		  <li id="li_A384D312B381445B83390AD3BAC40150">Switch to an alternate bit
			 rate (ABR switch) in the same file. 
		  </li> 
		  <li id="li_36BBDFDEF4224E98B78A75464A024994">Cycle through every
			 available bit rate in every available variant. 
		  </li> 
		  <li id="li_C5B5B457A257425C9C158B56109AD01D">Skip the segment and issue
			 a warning. 
		  </li> 
		</ol> 
		<p>When TVSDK cannot obtain an alternative segment, it triggers a 
		  <codeph>CONTENT_ERROR</codeph> error notification. This notification
		  contains an inner notification with the code 
		  <codeph>DOWNLOAD_ERROR</codeph> code. If the stream with the problem is
		  an alternate audio track, TVSDK generates the 
		  <codeph>AUDIO_TRACK_ERROR</codeph> error notification. 
		</p> 
		<p>If the video engine is continuously unable to obtain segments, it
		  limits continuous segment skips to 5, after which playback is stopped and TVSDK
		  issues a 
		  <codeph>NATIVE_ERROR</codeph> with the code 5. 
		</p> 
		<note type="restriction"> 
		  <p>The adaptive bit rate (ABR) control parameters are not taken into
			 consideration when a failover occurs. This is because the failover mechanism is
			 designed to use any of the currently available playlists, regardless of their
			 bit-rate profile, as backup streams. 
		  </p> 
		  <p>During a failover operation, there can be a profile switch. If an
			 error occurs during the download of one of the playlist segments, ABR control
			 parameters such as min/max allowed bit rate are ignored. 
		  </p> 
		</note> 
	 </section> 
  </conbody> 
</concept> 
