<?xml version="1.0" encoding="UTF-8"?>
<!DOCTYPE concept PUBLIC "-//OASIS//DTD DITA Concept//EN" "technicalContent/dtd/concept.dtd">
<concept id="c_psdk_clickable-ads"
 xmlns:ditaarch="http://dita.oasis-open.org/architecture/2005/"> 
  <title>Clickable ads</title> 
  <shortdesc>TVSDK provides you with information so that you can act on
	 click-through ads. As you create your player UI, you must decide how to respond
	 when a user clicks on a clickable ad. 
  </shortdesc> 
  <conbody> 
	 <p>For TVSDK for Flash Runtime, only linear ads are clickable. 
	 </p> 
  </conbody> 
</concept> 
