<?xml version="1.0" encoding="UTF-8"?>
<!DOCTYPE reference PUBLIC "-//OASIS//DTD DITA Reference//EN" "technicalContent/dtd/reference.dtd">
<reference id="r_psdk_amediaplayer-drmeventlistener"
 xmlns:ditaarch="http://dita.oasis-open.org/architecture/2005/"> 
  <title>DRM events</title> 
  <shortdesc>TVSDK dispatches digital rights management (DRM) events in
	 response to DRM-related operations such as when new DRM metadata becomes
	 available. 
  </shortdesc> 
  <refbody> 
	 <refsyn id="refsyn_736DC3D0937A48CCB0A943D156D0F321">To be notified about
		all DRM-related events, listen for 
		<codeph>DRMMetadataInfoEvent</codeph> for DRM events with the 
		<codeph>MediaPlayer</codeph> object. 
		<table frame="all" colsep="1" rowsep="1"
		 id="table_83CDEFE333EF4CD485E15D2B8AA69449"> 
		  <tgroup cols="2" colsep="1" rowsep="1" outputclass="FormatA"> 
			 <colspec colnum="1" colname="1" colwidth="3*"/> 
			 <colspec colnum="2" colname="2" colwidth="1*"/> 
			 <thead> 
				<row rowsep="1"> 
				  <entry colname="1">Event 
				  </entry> 
				  <entry colname="2">Meaning 
				  </entry> 
				</row> 
			 </thead> 
			 <tbody> 
				<row rowsep="0"> 
				  <entry colname="1"><codeph>DRMMetadataInfoEvent.<xref
						href="http://help.adobe.com/en_US/primetime/api/psdk/asdoc-dhls_1.4/com/adobe/mediacore/events/DRMMetadataInfoEvent.html#DRM_METADATA_INFO_AVAILABLE"
						format="http" scope="external">DRM_METADATA_INFO_AVAILABLE</xref></codeph>
				  </entry> 
				  <entry colname="2">New DRM metadata is available. 
				  </entry> 
				</row> 
			 </tbody> 
		  </tgroup> 
		</table> 
	 </refsyn> 
  </refbody> 
</reference> 
