<?xml version="1.0" encoding="UTF-8"?>
<!DOCTYPE reference PUBLIC "-//OASIS//DTD DITA Reference//EN" "technicalContent/dtd/reference.dtd">
<reference id="reference_req_system"
 xmlns:ditaarch="http://dita.oasis-open.org/architecture/2005/"> 
  <title>System and software requirements</title> 
  <shortdesc>To use TVSDK, ensure that your hardware, operating system, and
	 application versions all meet the minimum requirements listed below. 
  </shortdesc> 
  <refbody> 
	 <section id="section_FD9C110E85BB483B869FBB94E5662710"> 
		<ul compact="no" id="ul_4CE397D460BF414C8DB117A17DF6B683"> 
		  <li id="li_21406F1E1454488295988BC52F256B8F">For Mac OS: 
			 <table frame="all" colsep="1" rowsep="1"
			  id="table_64F0CF44CBD544BBB3AE09587E5C1B49"> 
				<tgroup cols="2" colsep="1" rowsep="1" outputclass="FormatA"> 
				  <colspec colnum="1" colname="1" colwidth="17*"/> 
				  <colspec colnum="2" colname="2" colwidth="83*"/> 
				  <tbody> 
					 <row rowsep="1"> 
						<entry colname="1">Operating system 
						</entry> 
						<entry colname="2">Mac OS X v10.9 or later 
						</entry> 
					 </row> 
					 <row rowsep="1"> 
						<entry colname="1">Browsers 
						</entry> 
						<entry colname="2">Latest version of Apple<tm tmtype="reg"/>
						  Safari, Mozilla<tm tmtype="reg"/> Firefox, or Google<tm tmtype="reg"/> Chrome 
						</entry> 
					 </row> 
					 <row rowsep="1"> 
						<entry colname="1">Flash Player 
						</entry> 
						<entry colname="2">11.1 or later (14 or later to use
						  wildcards in signed tokens) 
						</entry> 
					 </row> 
					 <row rowsep="1"> 
						<entry colname="1">CPU 
						</entry> 
						<entry colname="2"> Intel Core<tm tmtype="tm"/> Duo 1.83 GHz
						  or faster processor 
						</entry> 
					 </row> 
					 <row rowsep="1"> 
						<entry colname="1">RAM 
						</entry> 
						<entry colname="2">513 MB 
						</entry> 
					 </row> 
					 <row rowsep="1"> 
						<entry colname="1">GPU 
						</entry> 
						<entry colname="2">128 MB graphics memory 
						</entry> 
					 </row> 
					 <row rowsep="0"> 
						<entry colname="1">swf 
						</entry> 
						<entry colname="2">Your compiled application must use at
						  least SWF version 22 
						</entry> 
					 </row> 
				  </tbody> 
				</tgroup> 
			 </table> 
		  </li> 
		  <li id="li_3725EEA56F944B64BD2F3BCE156376EE">For Windows: 
			 <table frame="all" colsep="1" rowsep="1"
			  id="table_886A9EB58B044C6D809B012E5E2A8657"> 
				<tgroup cols="2" colsep="1" rowsep="1" outputclass="FormatA"> 
				  <colspec colnum="1" colname="1" colwidth="17*"/> 
				  <colspec colnum="2" colname="2" colwidth="83*"/> 
				  <tbody> 
					 <row rowsep="1"> 
						<entry colname="1">Operating system 
						</entry> 
						<entry colname="2"> 
						  <p> 
						  <ul id="ul_8B1330D103F34152A839D17BDEE07AEE"> 
							 <li id="li_39BBE1D3E1964647B9F853DFA26470D0">Microsoft<tm
								tmtype="tm"/> Windows<tm tmtype="reg"/> XP (32 bit) 
							 </li> 
							 <li id="li_1553000C4BB34518AB81CB096C2EA002">Microsoft<tm
								tmtype="tm"/> Windows<tm tmtype="reg"/> 7 (32 bit and 64 bit) 
							 </li> 
							 <li id="li_23681A4A434B41C68130C75D9C4D6BD5">Microsoft<tm
								tmtype="tm"/> Windows<tm tmtype="reg"/> 8.1 (64 bit) 
							 </li> 
							 <li id="li_9EC38CE889BE41B3A938F0B34507F576">Microsoft<tm
								tmtype="tm"/> Windows<tm tmtype="reg"/> 10 (64 bit) 
							 </li> 
						  </ul> 
						  </p> 
						</entry> 
					 </row> 
					 <row rowsep="1"> 
						<entry colname="1">Browsers 
						</entry> 
						<entry colname="2"> 
						  <p> 
						  <ul id="ul_50BDB3B8FCDE4C078B0B9D959B733B37"> 
							 <li id="li_C2F4A6AFBC80423482A36197590646A7">Latest
								version of Microsoft<tm tmtype="tm"/> Internet Explorer, Microsoft<tm
								tmtype="tm"/> Edge, Mozilla<tm tmtype="reg"/> Firefox, or Google<tm
								tmtype="reg"/> Chrome 
							 </li> 
						  </ul> 
						  </p> 
						</entry> 
					 </row> 
					 <row rowsep="1"> 
						<entry colname="1">Flash Player 
						</entry> 
						<entry colname="2"> 
						  <p> 
						  <ul id="ul_FED8BC15489E4C2881D9397D56C3DB9E"> 
							 <li id="li_9E2E8AFFD5D04432992FF7A2E31BAF7A">14 or later
								(for using wildcards in signed tokens) 
							 </li> 
							 <li id="li_2D0CE0E0C22E4C8D9C1836D4B9770B46">15 or later
								(for seamless fallback from Hardware StageVideo to Software StageVideo) 
							 </li> 
						  </ul> 
						  </p> 
						</entry> 
					 </row> 
					 <row rowsep="1"> 
						<entry colname="1">CPU 
						</entry> 
						<entry colname="2">2.33 GHz or faster x86-compatible
						  processor, or Intel<tm tmtype="reg"/> Atom<tm tmtype="tm"/> 1.6GHz or faster
						  processor for Netbooks 
						</entry> 
					 </row> 
					 <row rowsep="1"> 
						<entry colname="1">RAM 
						</entry> 
						<entry colname="2">512 MB (1 GB recommended for Netbooks) 
						</entry> 
					 </row> 
					 <row rowsep="1"> 
						<entry colname="1">GPU 
						</entry> 
						<entry colname="2">128MB graphics memory 
						</entry> 
					 </row> 
					 <row rowsep="0"> 
						<entry colname="1">swf 
						</entry> 
						<entry colname="2">Your compiled application must use at
						  least swf version 22 
						</entry> 
					 </row> 
				  </tbody> 
				</tgroup> 
			 </table> 
		  </li> 
		</ul> 
	 </section> 
  </refbody> 
</reference> 
