<?xml version="1.0" encoding="UTF-8"?>
<!DOCTYPE reference PUBLIC "-//OASIS//DTD DITA Reference//EN" "technicalContent/dtd/reference.dtd"[
  <!-- Begin Document Specific Declarations -->
  <!-- End Document Specific Declarations -->
]>
<reference id="r_psdk_dhls_system-filters-classes"
 xmlns:ditaarch="http://dita.oasis-open.org/architecture/2005/"> 
  <title>System decoders classes</title> 
  <shortdesc>These classes provide decoding and parsing for packets and tags. 
  </shortdesc> 
  <refbody> 
	 <refsyn id="refsyn_23FB5DD3948346E2A5ED19FD9D18AD4D">Package:<xref
		href="http://help.adobe.com/en_US/primetime/api/psdk/asdoc-dhls_1.4/com/adobe/mediacore/system/decoders/package-detail.html"
		format="html" scope="external"
		>com.adobe.mediacore.system.decoders</xref> 
	 </refsyn> 
	 <table frame="all" colsep="1" rowsep="1"
	  id="table_F136FE6F21BB403E8D23469B570A5FC3"> 
		<tgroup cols="2" colsep="1" rowsep="1" outputclass="FormatA"> 
		  <colspec colnum="1" colname="1" colwidth="38*"/> 
		  <colspec colnum="2" colname="2" colwidth="63*"/> 
		  <thead> 
			 <row rowsep="1"> 
				<entry colname="1">Name 
				</entry> 
				<entry colname="2">Description 
				</entry> 
			 </row> 
		  </thead> 
		  <tbody> 
			 <row rowsep="1"> 
				<entry colname="1"><codeph><xref
									href="http://help.adobe.com/en_US/primetime/api/psdk/asdoc-dhls_1.4/com/adobe/mediacore/system/decoders/DefaultSCTE35TagDecoder.html"
									format="html" scope="external">
								DefaultSCTE35TagDecoder</xref></codeph>
						</entry> 
				<entry colname="2">Class. Generic decoder for SCTE35 packets
				  encoded as Base64 strings.
				</entry> 
			 </row> 
			 <row rowsep="1"> 
				<entry colname="1"><codeph><xref
									href="http://help.adobe.com/en_US/primetime/api/psdk/asdoc-dhls_1.4/com/adobe/mediacore/system/decoders/DefaultTextTagDecoder.html"
									format="html" scope="external">
								DefaultTextTagDecoder</xref></codeph>
						</entry> 
				<entry colname="2">Class. Generic parser for HLS tags.
				</entry> 
			 </row> 
			 <row rowsep="0"> 
				<entry colname="1"><codeph><xref
									href="http://help.adobe.com/en_US/primetime/api/psdk/asdoc-dhls_1.4/com/adobe/mediacore/system/decoders/TagDecoder.html"
									format="html" scope="external"> TagDecoder</xref></codeph>
						</entry> 
				<entry colname="2"> Base class for decoders supporting various
				  custom tags.
				</entry> 
			 </row> 
		  </tbody> 
		</tgroup> 
	 </table> 
  </refbody> 
</reference> 
