<?xml version="1.0" encoding="UTF-8"?>
<!DOCTYPE reference PUBLIC "-//OASIS//DTD DITA Reference//EN" "technicalContent/dtd/reference.dtd"[
  <!-- Begin Document Specific Declarations -->
  <!-- End Document Specific Declarations -->
]>
<reference id="r_psdk_dhls_timeline-detectors-classes"
 xmlns:ditaarch="http://dita.oasis-open.org/architecture/2005/"> 
  <title>SCTE 35 classes</title> 
  <shortdesc>These classes enable the TVSDK to include SCTE 35 splices. 
  </shortdesc> 
  <refbody> 
	 <refsyn id="refsyn_23FB5DD3948346E2A5ED19FD9D18AD4D">Package:<xref
		href="http://help.adobe.com/en_US/primetime/api/psdk/asdoc-dhls_1.4/com/adobe/mediacore/utils/scte35/package-detail.html"
		format="html" scope="external">com.adobe.mediacore.utils.scte35</xref> 
	 </refsyn> 
	 <refsyn id="refsyn_F90F6958222A4CCFA51E1835C0332F14">Package:<xref
		href="http://help.adobe.com/en_US/primetime/api/psdk/asdoc-dhls_1.4/com/adobe/mediacore/utils/scte35/commands/package-detail.html"
		format="html" scope="external">com.adobe.mediacore.utils.scte35.commands</xref>
		
	 </refsyn> 
	 <refsyn id="refsyn_E18BDD8280C8400A92D374117D195CD0">Package:<xref
		href="http://help.adobe.com/en_US/primetime/api/psdk/asdoc-dhls_1.4/com/adobe/mediacore/utils/scte35/data/package-detail.html"
		format="html" scope="external">com.adobe.mediacore.utils.scte35.data</xref> 
	 </refsyn> 
	 <refsyn id="refsyn_19C7001647284C7D9226D920D740F4D0">Package:<xref
		href="http://help.adobe.com/en_US/primetime/api/psdk/asdoc-dhls_1.4/com/adobe/mediacore/utils/scte35/descriptors/package-detail.html"
		format="html"
		scope="external">com.adobe.mediacore.utils.scte35.descriptors</xref> 
	 </refsyn> 
	 <table frame="all" colsep="1" rowsep="1"
	  id="table_F136FE6F21BB403E8D23469B570A5FC3"> 
		<tgroup cols="2" colsep="1" rowsep="1" outputclass="FormatA"> 
		  <colspec colnum="1" colname="1" colwidth="38*"/> 
		  <colspec colnum="2" colname="2" colwidth="63*"/> 
		  <thead> 
			 <row rowsep="1"> 
				<entry colname="1">Package 
				</entry> 
				<entry colname="2">Description 
				</entry> 
			 </row> 
		  </thead> 
		  <tbody> 
			 <row rowsep="1"> 
				<entry colname="1"><xref
				  href="http://help.adobe.com/en_US/primetime/api/psdk/asdoc-dhls_1.4/com/adobe/mediacore/utils/scte35/package-detail.html"
				  format="html" scope="external">com.adobe.mediacore.utils.scte35</xref> 
				</entry> 
				<entry colname="2">Contains classes that help to process SCTE 35
				  byte arrays and splice information. 
				</entry> 
			 </row> 
			 <row rowsep="1"> 
				<entry colname="1"><xref
				  href="http://help.adobe.com/en_US/primetime/api/psdk/asdoc-dhls_1.4/com/adobe/mediacore/utils/scte35/commands/package-detail.html"
				  format="html" scope="external">com.adobe.mediacore.utils.scte35.commands</xref>
				  
				</entry> 
				<entry colname="2">Contains classes that provide instructions to
				  the TVSDK for including SCTE 35 data. 
				</entry> 
			 </row> 
			 <row rowsep="1"> 
				<entry colname="1"><xref
				  href="http://help.adobe.com/en_US/primetime/api/psdk/asdoc-dhls_1.4/com/adobe/mediacore/utils/scte35/data/package-detail.html"
				  format="html" scope="external">com.adobe.mediacore.utils.scte35.data</xref> 
				</entry> 
				<entry colname="2">Contains classes that define structures and
				  components. 
				</entry> 
			 </row> 
			 <row rowsep="1"> 
				<entry colname="1"><xref
				  href="http://help.adobe.com/en_US/primetime/api/psdk/asdoc-dhls_1.4/com/adobe/mediacore/utils/scte35/descriptors/package-detail.html"
				  format="html"
				  scope="external">com.adobe.mediacore.utils.scte35.descriptors</xref> 
				</entry> 
				<entry colname="2">Contains classes such as enumerations and
				  command extensions. 
				</entry> 
			 </row> 
		  </tbody> 
		</tgroup> 
	 </table> 
  </refbody> 
</reference> 
