<?xml version="1.0" encoding="UTF-8"?>
<!DOCTYPE reference PUBLIC "-//OASIS//DTD DITA Reference//EN" "technicalContent/dtd/reference.dtd"[
  <!-- Begin Document Specific Declarations -->
  <!-- End Document Specific Declarations -->
]>
<reference id="r_psdk_android_qos-classes"
 xmlns:ditaarch="http://dita.oasis-open.org/architecture/2005/"> 
  <title>QoS classes</title> 
  <shortdesc>These classes provide information that help you to determine how
	 well the player is performing. 
  </shortdesc> 
  <refbody> 
	 <refsyn id="refsyn_9ED40F0AC2444D9693B1881B8F653DCC">Package: 
		<xref
		 href="http://help.adobe.com/en_US/primetime/api/psdk/asdoc-dhls_1.4/com/adobe/mediacore/qos/package-detail.html"
		 format="html" scope="external">com.adobe.mediacore.qos</xref> 
	 </refsyn> 
	 <refsyn id="refsyn_9ED40F0AC2444D9693B1881B8F653DCD">Package: 
		<xref
		 href="http://help.adobe.com/en_US/primetime/api/psdk/asdoc-dhls_1.4/com/adobe/mediacore/qos/metrics/package-detail.html"
		 format="html" scope="external">com.adobe.mediacore.qos.metrics</xref> 
	 </refsyn> 
	 <table frame="all" colsep="1" rowsep="1"
	  id="table_2893EFF9755149159A4F94E781C76B6E"> 
		<tgroup cols="2" colsep="1" rowsep="1" outputclass="FormatA"> 
		  <colspec colnum="1" colname="1" colwidth="24*"/> 
		  <colspec colnum="2" colname="2" colwidth="76*"/> 
		  <thead> 
			 <row rowsep="1"> 
				<entry colname="1">Name 
				</entry> 
				<entry colname="2">Description 
				</entry> 
			 </row> 
		  </thead> 
		  <tbody> 
			 <row rowsep="1"> 
				<entry colname="1"><codeph><xref
					 href="http://help.adobe.com/en_US/primetime/api/psdk/asdoc-dhls_1.4/com/adobe/mediacore/qos/metrics/BufferingMetrics.html"
					 format="html" scope="external">BufferingMetrics</xref></codeph>
				</entry> 
				<entry colname="2">Provides information about how much time the
				  player spent while buffering and how often a buffering event occurred. 
				</entry> 
			 </row> 
			 <row rowsep="1"> 
				<entry colname="1"><codeph><xref
					 href="http://help.adobe.com/en_US/primetime/api/psdk/asdoc-dhls_1.4/com/adobe/mediacore/qos/DeviceInformation.html"
					 format="html" scope="external">DeviceInformation</xref></codeph>
				</entry> 
				<entry colname="2">Provides information about the platform and
				  operating system on which the TVSDK runs: 
				  <ul id="ul_0DE69F3B38E84964AB98DCCD11E5E123"> 
					 <li id="li_19B2D1889FCA4B0F8FCB0EE8F87353B2">Version of the
						platform OS 
					 </li> 
					 <li id="li_CA35F4A48FD34555AC7D7832D5997AD4">Version number of
						the TVSDK library 
					 </li> 
					 <li id="li_30D38320C2A3440E92C0A477FFFBF9A0">Device's model
						name 
					 </li> 
					 <li id="li_2D15164B987E405685B96A900EBF041D">Device
						manufacturer’s name 
					 </li> 
					 <li id="li_B78485CB9580444DB9694404706BA191">Dehvice UUID 
					 </li> 
					 <li id="li_841EA77499B44F0692192F9DE1A798E4">Width/height of
						the device screen 
					 </li> 
				  </ul> 
				</entry> 
			 </row> 
			 <row rowsep="1"> 
				<entry colname="1"><codeph><xref
					 href="http://help.adobe.com/en_US/primetime/api/psdk/asdoc-dhls_1.4/com/adobe/mediacore/qos/LoadInformation.html"
					 format="html" scope="external"> LoadInformation</xref></codeph> 
				</entry> 
				<entry colname="2"> Contains various QoS information about loading
				  various resources (files, manifest or playlist, fragments/segments, tracks, and
				  so on). 
				</entry> 
			 </row> 
			 <row rowsep="1"> 
				<entry colname="1"><codeph><xref
					 href="http://help.adobe.com/en_US/primetime/api/psdk/asdoc-dhls_1.4/com/adobe/mediacore/qos/LoadInformationType.html"
					 format="html" scope="external"> LoadInformationType</xref></codeph> 
				</entry> 
				<entry colname="2"> Enumeration class that lists possible values
				  for the type property of LoadInformation objects. 
				</entry> 
			 </row> 
			 <row rowsep="1"> 
				<entry colname="1"><codeph><xref
					 href="http://help.adobe.com/en_US/primetime/api/psdk/asdoc-dhls_1.4/com/adobe/mediacore/qos/PlaybackInformation.html"
					 format="html" scope="external">PlaybackInformation</xref></codeph> 
				</entry> 
				<entry colname="2">Provides information on how the playback is
				  performing. This includes the frame rate, the profile bit rate, the total time
				  spent in buffering, the number of buffering attempts, the time it took to get
				  the first byte from the first video fragment, the time it took to render the
				  first frame, the currently buffered length, and the buffer time. 
				</entry> 
			 </row> 
			 <row rowsep="1"> 
				<entry colname="1"><codeph><xref
					 href="http://help.adobe.com/en_US/primetime/api/psdk/asdoc-dhls_1.4/com/adobe/mediacore/qos/metrics/PlaybackLoadMetrics.html"
					 format="html" scope="external">PlaybackLoadMetrics</xref></codeph>
				</entry> 
				<entry colname="2">Provides information on how much time it took
				  for the media to load, how much it took for the player to render the first
				  frame or, in case of an error, to fail. 
				</entry> 
			 </row> 
			 <row rowsep="1"> 
				<entry colname="1"><codeph><xref
					 href="http://help.adobe.com/en_US/primetime/api/psdk/asdoc-dhls_1.4/com/adobe/mediacore/qos/metrics/PlaybackMetrics.html"
					 format="html" scope="external">PlaybackMetrics</xref></codeph> 
				</entry> 
				<entry colname="2">Provides information on how the playback is
				  behaving. This includes the frame rate, bit rate, buffer length, and so on. 
				</entry> 
			 </row> 
			 <row rowsep="1"> 
				<entry colname="1"><codeph><xref
					 href="http://help.adobe.com/en_US/primetime/api/psdk/asdoc-dhls_1.4/com/adobe/mediacore/qos/metrics/PlaybackSessionMetrics.html"
					 format="html" scope="external">PlaybackSessionMetrics</xref></codeph> 
				</entry> 
				<entry colname="2">Provides information on how many seconds the
				  player spent while actually playing and how much time the video was actually on
				  screen. 
				</entry> 
			 </row> 
			 <row rowsep="1"> 
				<entry colname="1"><codeph><xref
					 href="http://help.adobe.com/en_US/primetime/api/psdk/asdoc-dhls_1.4/com/adobe/mediacore/qos/QOSProvider.html"
					 format="html" scope="external">QOSProvider</xref></codeph>
				</entry> 
				<entry colname="2"><ph>Provides essential QoS metrics for both
					 playback and the device.</ph><ph>QOS information provider class.</ph> 
				</entry> 
			 </row> 
		  </tbody> 
		</tgroup> 
	 </table> 
  </refbody> 
</reference> 
