<?xml version="1.0" encoding="UTF-8"?>
<!DOCTYPE reference PUBLIC "-//OASIS//DTD DITA Reference//EN" "technicalContent/dtd/reference.dtd">
<reference id="drm-overview-ref"
 xmlns:ditaarch="http://dita.oasis-open.org/architecture/2005/"> 
  <title>Primetime DRM interface overview</title> 
  <shortdesc>The key client-side element of the Primetime digital rights
	 management (DRM) system is the DRM Manager. 
  </shortdesc> 
  <refbody> 
	 <section id="section_4DD54E085AB345FE9BE00865E56B28DB"> 
		<p>Primetime DRM provides a scalable, efficient workflow to implement
		  content protection in TVSDK applications. You protect and manage the rights to
		  your video content by creating a license for each digital media file. 
		</p> 
		<p>TVSDK supports Primetime DRM integration as custom DRM workflows. This
		  means that your application must implement the DRM authentication workflows
		  before playing the stream by using the Flash 
		  <codeph>DRMManager</codeph>. To enable this, the 
		  <codeph>MediaPlayer</codeph> provides you with the DRM manager for
		  authentication. 
		</p> 
		<p>These are the most important API elements for working with DRM: 
		<ul id="ul_DBC56B4C422B4190B95AC9629C170A90"> 
		  <li id="li_782BDA8121F04C9596779280C0953A7B"> 
			 <p>A reference in the media player to the DRM manager object that
				implements the DRM subsystem: 
				<codeblock outputclass="syntax actionscript">public function get drmManager():DRMManager </codeblock> 
			 </p> 
		  </li> 
		</ul> 
		</p> 
	 </section> 
	 <section id="section_4204CE2731A44F67A3664AEDE8CCCA47"> 
		<p>Additional relevant API elements: 
		<ul id="ul_843D3BDB4F1D482E8E854B0DAEDDE251"> 
		  <li id="li_059530587932422C9287740520294CA5"><xref
			 href="http://help.adobe.com/en_US/FlashPlatform/reference/actionscript/3/flash/net/drm/DRMManager.html"
			 format="html" scope="external">flash.net.drm.DRMManager 
			 </xref> 
		  </li> 
		  <li id="li_EEB7EE825B514D0CB8EE91706DD4677E"><xref
			 href="http://help.adobe.com/en_US/FlashPlatform/reference/actionscript/3/flash/net/drm/DRMContentData.html"
			 format="html" scope="external">flash.net.drm.DRMContentData 
			 </xref> 
		  </li> 
		  <li id="li_4D7F4C8FF1FB42819B56C6A675E02851"><xref
			 href="http://help.adobe.com/en_US/FlashPlatform/reference/actionscript/3/flash/net/drm/DRMVoucher.html"
			 format="html" scope="external">flash.net.drm.DRMVoucher 
			 </xref> 
		  </li> 
		  <li id="li_C11A3ED2B210443CBFF9E8D86F285272"><xref
			 href="http://help.adobe.com/en_US/FlashPlatform/reference/actionscript/3/flash/net/drm/AuthenticationMethod.html"
			 format="html" scope="external">flash.net.drm.AuthenticationMethod</xref> 
		  </li> 
		  <li id="li_DECFAD12E2D5498189891E147DC6D38B"><xref
			 href="http://help.adobe.com/en_US/FlashPlatform/reference/actionscript/3/flash/events/DRMStatusEvent.html"
			 format="html" scope="external">flash.events.DRMStatusEvent 
			 </xref> 
		  </li> 
		  <li id="li_A00AA92D93BC48469B357448B1F7E055"><xref
			 href="http://help.adobe.com/en_US/FlashPlatform/reference/actionscript/3/flash/events/DRMErrorEvent.html"
			 format="html" scope="external">flash.events.DRMErrorEvent 
			 </xref> 
		  </li> 
		</ul> 
		</p> 
	 </section> 
	 <section id="section_F58941D68EB94A5EBD1C7454D2A1B17A"> 
		<p>For more information about DRM, see the Adobe Primetime DRM
		  documentation. 
		</p> 
	 </section> 
  </refbody> 
</reference> 
