<?xml version="1.0"?>
<!DOCTYPE reference PUBLIC "-//OASIS//DTD DITA Reference//EN" "reference.dtd">
<reference id="companion-banner-data"> 
  <title>Companion banner data</title> 
  <shortdesc>The content of an <codeph>AdBannerAsset</codeph> describes a companion banner. </shortdesc> 
  <refbody> 
	 <section id="section_D730B4FD6FD749E9860B6A07FC110552">
			<p>The <codeph>AdPlaybackEvent.AD_STARTED</codeph> event returns an <codeph>Ad</codeph>
				instance that contains a <codeph>companionAssets</codeph> property
					(<codeph>Vector.&lt;AdAsset&gt;</codeph>). </p>    Each <codeph>AdAsset</codeph>
			provides information about displaying the asset. <table
				id="table_760C885E2DCA4BE983CC57FDA7BD5B14">
				<tgroup cols="2">
					<colspec colnum="1" colname="col1" colwidth="1.00*"/>
					<colspec colnum="2" colname="col2" colwidth="3.74*"/>
					<thead>
						<row>
							<entry colname="col1">Available information </entry>
							<entry colname="col2">Description </entry>
						</row>
					</thead>
					<tbody>
						<row>
							<entry colname="col1">width </entry>
							<entry colname="col2"> Width of the companion banner in pixels. </entry>
						</row>
						<row>
							<entry colname="col1">height </entry>
							<entry colname="col2">Height of the companion banner in pixels. </entry>
						</row>
						<row>
							<entry colname="col1">resource type </entry>
							<entry colname="col2">The resource type for this companion banner: <ul
									id="ul_A067787FE49E4B6095BE0AC1D447DBB3">
									<li id="li_02B7224C67004095B3F6E50FD21E507E">html: The data is
										in HTML code. </li>
									<li id="li_5F37E14472424F808C6094F42009E676">iframe: The data is
										an iframe URL (src). </li>
								</ul>
							</entry>
						</row>
						<row>
							<entry colname="col1">banner data </entry>
							<entry colname="col2"> The data of the type that is specified by
									<codeph>resourceType</codeph> for this companion banner.
							</entry>
						</row>
						<row >
							<entry colname="col1">static URL </entry>
							<entry colname="col2">
								<p>Sometimes, the companion banner also has a staticURL that is a direct URL to the image or
									to a <filepath>.swf</filepath> (flash banner). </p>
								<p>If you do not want to use html or iframe, you can use a direct
									URL to an image or swf to display the banner in the Flash stage
									instead. In this case, you can use the staticURL to display the
									banner. </p>
								<note type="important">You must check whether the static URL is a
									valid string, because this property might not always be
									available. </note>
							</entry>
						</row>
					</tbody>
				</tgroup>
			</table>
		</section> 
  </refbody> 
</reference> 
