<?xml version="1.0"?>
<!DOCTYPE reference PUBLIC "-//OASIS//DTD DITA Reference//EN" "reference.dtd">
<reference id="r_psdk_notifications-crypto-errors"> 
  <title>NATIVE_ERROR: Crypto values</title> 
  <shortdesc>The crypto module of the Adobe video engine returns these
	 notifications in the NATIVE_ERROR metadata object. 
  </shortdesc> 
  <refbody> 
	 <refsyn id="refsyn_BCC2C3F9AE384511B302F6CC5D18E68E"> 
		<table id="table_125C3E6F873843AC92ABD8B50A907B68"> 
		  <tgroup cols="3"><colspec colnum="1" colname="col1"
			 colwidth="1.03*"/><colspec colnum="2" colname="col2" colwidth="1.71*"/><colspec
			 colnum="3" colname="col3" colwidth="1.00*"/><thead> 
				<row> 
				  <entry colname="col1">Value for RUNTIME_CODE metadata key </entry> 
				  <entry colname="col2">Value for  RUNTIME_CODE_MESSAGE metadata key </entry> 
				  <entry colname="col3">Meaning 
				  </entry> 
				</row></thead> 
			 <tbody> 
				<row> 
				  <entry colname="col1">300 
				  </entry> 
				  <entry colname="col2"><codeph>
						CRYPTO_ALGORITHM_NOT_SUPPORTED</codeph> 
				  </entry> 
				  <entry colname="col3"> Algorithm being used is not supported. 
				  </entry> 
				</row> 
				<row> 
				  <entry colname="col1">301 
				  </entry> 
				  <entry colname="col2"><codeph>
						CRYPTO_ERROR_CORRUPTED_DATA</codeph> 
				  </entry> 
				  <entry colname="col3"> Data is corrupted. 
				  </entry> 
				</row> 
				<row> 
				  <entry colname="col1">302 
				  </entry> 
				  <entry colname="col2"><codeph>
						CRYPTO_ERROR_BUFFER_TOO_SMALL</codeph> 
				  </entry> 
				  <entry colname="col3"> Buffer too small. 
				  </entry> 
				</row> 
				<row> 
				  <entry colname="col1">303 
				  </entry> 
				  <entry colname="col2"><codeph>
						CRYPTO_ERROR_BAD_CERTIFICATE</codeph> 
				  </entry> 
				  <entry colname="col3">Bad certificate. 
				  </entry> 
				</row> 
				<row> 
				  <entry colname="col1">304 
				  </entry> 
				  <entry colname="col2"><codeph>
						CRYPTO_ERROR_DIGEST_UPDATE</codeph> 
				  </entry> 
				  <entry colname="col3"> Digest update. 
				  </entry> 
				</row> 
				<row> 
				  <entry colname="col1">305 
				  </entry> 
				  <entry colname="col2"><codeph>
						CRYPTO_ERROR_DIGEST_FINISH</codeph> 
				  </entry> 
				  <entry colname="col3">Digest finish. 
				  </entry> 
				</row> 
				<row> 
				  <entry colname="col1">306 
				  </entry> 
				  <entry colname="col2"><codeph>
						CRYPTO_ERROR_BAD_PARAMETER</codeph> 
				  </entry> 
				  <entry colname="col3">Bad parameter. 
				  </entry> 
				</row> 
			 </tbody> 
		  </tgroup> 
		</table> 
	 </refsyn> 
  </refbody> 
</reference> 
