<?xml version="1.0" encoding="UTF-8"?>
<!DOCTYPE reference PUBLIC "-//OASIS//DTD DITA Reference//EN" "technicalContent/dtd/reference.dtd">
<reference id="r_psdk_android_mediaplayer-qoseventlistener"
 xmlns:ditaarch="http://dita.oasis-open.org/architecture/2005/"> 
  <title>QoS events</title> 
  <shortdesc>TVSDK dispatches quality of service (QoS) events to notify your
	 application about events that could influence the computation of QoS
	 statistics, such as buffering or seeking. 
  </shortdesc> 
  <refbody> 
	 <refsyn id="refsyn_3B04B526442F4D48A5A84EA742651592">To be notified about
		all QoS-related events, register event listeners with the 
		<codeph>MediaPlayer</codeph> object for the following events: 
		<table frame="all" colsep="1" rowsep="1"
		 id="table_7687468CF675458EB6C1106BF81AC08D"> 
		  <tgroup cols="2" colsep="1" rowsep="1" outputclass="FormatA"> 
			 <colspec colnum="1" colname="1" colwidth="1.00*"/> 
			 <colspec colnum="2" colname="2" colwidth="1.31*"/> 
			 <thead> 
				<row rowsep="1"> 
				  <entry colname="1">Event 
				  </entry> 
				  <entry colname="2">Meaning 
				  </entry> 
				</row> 
			 </thead> 
			 <tbody> 
				<row rowsep="1"> 
				  <entry colname="1"><codeph>BufferEvent.<xref
						href="http://help.adobe.com/en_US/primetime/api/psdk/asdoc-dhls_1.4/com/adobe/mediacore/events/BufferEvent.html#BUFFERING_END"
						format="http" scope="external">BUFFERING_END</xref></codeph> 
				  </entry> 
				  <entry colname="2">Buffering is complete. 
				  </entry> 
				</row> 
				<row rowsep="1"> 
				  <entry colname="1"><codeph>BufferEvent.<xref
						href="http://help.adobe.com/en_US/primetime/api/psdk/asdoc-dhls_1.4/com/adobe/mediacore/events/BufferEvent.html#BUFFERING_BEGIN"
						format="http" scope="external">BUFFERING_BEGIN</xref></codeph> 
				  </entry> 
				  <entry colname="2">Buffering has started. 
				  </entry> 
				</row> 
				<row rowsep="1"> 
				  <entry colname="1"><codeph>SeekEvent.<xref
						href="http://help.adobe.com/en_US/primetime/api/psdk/asdoc-dhls_1.4/com/adobe/mediacore/events/SeekEvent.html#SEEK_END"
						format="http" scope="external">SEEK_COMPLETED</xref></codeph> 
				  </entry> 
				  <entry colname="2">Seeking is complete. 
				  </entry> 
				</row> 
				<row rowsep="1"> 
				  <entry colname="1"><codeph>SeekEvent.<xref
						href="http://help.adobe.com/en_US/primetime/api/psdk/asdoc-dhls_1.4/com/adobe/mediacore/events/SeekEvent.html#SEEK_BEGIN"
						format="http" scope="external">SEEK_BEGIN</xref></codeph> 
				  </entry> 
				  <entry colname="2">Seeking is starting. 
				  </entry> 
				</row> 
				<row rowsep="1"> 
				  <entry colname="1"><codeph>SeekEvent.<xref
						href="http://help.adobe.com/en_US/primetime/api/psdk/asdoc-dhls_1.4/com/adobe/mediacore/events/SeekEvent.html#SEEK_POSITION_ADJUSTED"
						format="http" scope="external">SEEK_POSITION_ADJUSTED</xref></codeph> 
				  </entry> 
				  <entry colname="2">TVSDK changed the seek position as a result of
					 current advertising policies. 
				  </entry> 
				</row> 
			 </tbody> 
		  </tgroup> 
		</table> 
	 </refsyn> 
  </refbody> 
</reference> 
