<?xml version="1.0" encoding="UTF-8"?>
<!DOCTYPE reference PUBLIC "-//OASIS//DTD DITA Reference//EN" "technicalContent/dtd/reference.dtd">
<reference id="timerangecollection-class"
 xmlns:ditaarch="http://dita.oasis-open.org/architecture/2005/"> 
  <title>TimeRangeCollection class</title> 
  <shortdesc>The 
	 <codeph>TimeRangeCollection</codeph> utility class abstracts the notion of
	 an ordered collection of 
	 <codeph>TimeRange</codeph> specifications and provides services to
	 translate itself into a 
	 <codeph>Metadata</codeph> instance. 
  </shortdesc> 
  <refbody> 
	 <section id="section_D87AA7BC628D458DAB12D5247AD34B41"> 
		<codeblock outputclass="syntax actionscript">public final class TimeRangeCollection {
    public static const MARK_RANGES:String = "mark_ranges";
 
    public function TimeRangeCollection(timeRanges:Vector.&lt;TimeRange&gt;) {…}
    public function addTimeRange(timeRange:TimeRange):void {…}
    public function toMetadata(options:Metadata):Metadata {…}
}</codeblock> 
		<p> The defined value for the type of collection are <codeph>MARK_RANGES</codeph>,
					<codeph>DELETE_RANGES</codeph>, and <codeph>REPLACE_RANGES</codeph>. You can
				create <codeph>TimeRangeCollection</codeph>s using these three types. </p> 
	 </section> 
  </refbody> 
</reference> 
