<?xml version="1.0" encoding="UTF-8"?>
<!DOCTYPE reference PUBLIC "-//OASIS//DTD DITA Reference//EN" "technicalContent/dtd/reference.dtd">
<reference
 id="r_psdk_android_mediaplayer-playbackeventlistener"
 xmlns:ditaarch="http://dita.oasis-open.org/architecture/2005/"> 
  <title>Playback events</title> 
  <shortdesc>Your application can monitor the activity in your player and the
	 changing state of the player by listening for events dispatched by TVSDK. 
  </shortdesc> 
  <refbody> 
	 <refsyn id="refsyn_FDA955709687470CA05F53AEBF9DEEED">
		<p>TVSDK dispatches playback events when media playback operations occur,
		  such as a video starting to play. To be notified about all playback-related
		  events, register listeners with the 
		  <codeph>MediaPlayer</codeph> object for the following events.
		</p> 
		<table frame="all" colsep="1" rowsep="1"
		 id="table_922EEA3DE0BD47BA982E11F890CA0A6B"> 
		  <tgroup cols="2" colsep="1" rowsep="1" outputclass="FormatA"> 
			 <colspec colnum="1" colname="1" colwidth="1*"/> 
			 <colspec colnum="2" colname="2" colwidth="2*"/> 
			 <thead> 
				<row rowsep="1"> 
				  <entry colname="1">Event 
				  </entry> 
				  <entry colname="2">Meaning 
				  </entry> 
				</row> 
			 </thead> 
			 <tbody> 
				<row rowsep="1"> 
				  <entry namest="1" nameend="2"><b>Playback</b> 
				  </entry> 
				</row> 
				<row rowsep="1"> 
				  <entry colname="1">PlaybackRateEvent.<xref
					 href="http://help.adobe.com/en_US/primetime/api/psdk/asdoc-dhls_1.4/com/adobe/mediacore/events/PlaybackRateEvent.html#RATE_SELECTED"
					 format="html" scope="external">RATE_SELECTED</xref> 
				  </entry> 
				  <entry colname="2">The user or TVSDK has selected a new playback
					 rate, such as fast forward, rewind, or resume playing at a normal speed. 
				  </entry> 
				</row> 
				<row rowsep="1"> 
				  <entry colname="1">PlaybackRateEvent.<xref
					 href="http://help.adobe.com/en_US/primetime/api/psdk/asdoc-dhls_1.4/com/adobe/mediacore/events/PlaybackRateEvent.html#RATE_PLAYING"
					 format="html" scope="external">RATE_PLAYING</xref> 
				  </entry> 
				  <entry colname="2">A new playback rate is visible on the screen. 
				  </entry> 
				</row> 
				<row rowsep="1"> 
				  <entry colname="1"> TimeChangeEvent.<xref
					 href="http://help.adobe.com/en_US/primetime/api/psdk/asdoc-dhls_1.4/com/adobe/mediacore/events/TimeChangeEvent.html#TIME_CHANGED"
					 format="html" scope="external">TIME_CHANGED</xref> 
				  </entry> 
				  <entry colname="2">The current playhead position of the media has
					 changed. Dispatched periodically when the current time has changed, every 250
					 ms or more. 
				  </entry> 
				</row> 
				<row rowsep="1"> 
				  <entry namest="1" nameend="2"><b>Media Player</b> 
				  </entry> 
				</row> 
				<row rowsep="1"> 
				  <entry colname="1">MediaPlayerStatus ChangeEvent.<xref
					 href="http://help.adobe.com/en_US/primetime/api/psdk/asdoc-dhls_1.4/com/adobe/mediacore/events/MediaPlayerStatusChangeEvent.html#STATUS_CHANGED"
					 format="html" scope="external">STATUS_CHANGED</xref> 
				  </entry> 
				  <entry colname="2">The status of the media player has changed.
					 Your application should handle errors in this event’s callback. 
				  </entry> 
				</row> 
				<row rowsep="1"> 
				  <entry colname="1">ProfileEvent.<xref
					 href="http://help.adobe.com/en_US/primetime/api/psdk/asdoc-dhls_1.4/com/adobe/mediacore/events/ProfileEvent.html#PROFILE_CHANGED"
					 format="html" scope="external">PROFILE_CHANGED</xref> 
				  </entry> 
				  <entry colname="2">The media player’s current profile has
					 changed. Use the 
					 <codeph>ProfileEvent.profile</codeph> property to get the new
					 profile that is being played. Use the 
					 <codeph>time</codeph> property to get the time when this event
					 occurred. 
				  </entry> 
				</row> 
				<row rowsep="1"> 
				  <entry namest="1" nameend="2"><b>MediaplayerItem</b> 
				  </entry> 
				</row> 
				<row rowsep="1"> 
				  <entry colname="1">MediaPlayerItem Event.<xref
					 href="http://help.adobe.com/en_US/primetime/api/psdk/asdoc-dhls_1.4/com/adobe/mediacore/events/MediaPlayerItemEvent.html#ITEM_CREATED"
					 format="html" scope="external">ITEM_CREATED</xref> 
				  </entry> 
				  <entry colname="2">A 
					 <codeph>MediaPlayerItem</codeph> has been created. 
				  </entry> 
				</row> 
				<row rowsep="1"> 
				  <entry colname="1">MediaPlayerItem Event.<xref
					 href="http://help.adobe.com/en_US/primetime/api/psdk/asdoc-dhls_1.4/com/adobe/mediacore/events/MediaPlayerItemEvent.html#ITEM_UPDATED"
					 format="html" scope="external">ITEM_UPDATED</xref> 
				  </entry> 
				  <entry colname="2">The media player has successfully updated the
					 media in either of these cases: 
					 <ul id="ul_E4D1A1D468544C3B9F8046E9B68A956D"> 
						<li id="li_35A2A417BF924E039D9CB36CFBCDFEB6">When a manifest
						  refresh occurs for a live asset.
						</li> 
						<li id="li_E7AB380C212B4011B07C3B313282681C">When a VOD or
						  live asset has closed captioning and activity is first discovered for a closed
						  captioning track. 
						</li> 
					 </ul> 
				  </entry> 
				</row> 
				<row rowsep="1"> 
				  <entry namest="1" nameend="2"><b>Captions and Audio</b> 
				  </entry> 
				</row> 
				<row rowsep="1"> 
				  <entry colname="1"> MediaPlayerItem Event.<xref
					 href="http://help.adobe.com/en_US/primetime/api/psdk/asdoc-dhls_1.4/com/adobe/mediacore/events/MediaPlayerItemEvent.html#CAPTION_UPDATED"
					 format="html" scope="external">CAPTION_UPDATED</xref> 
				  </entry> 
				  <entry colname="2">A new closed captioning track has been
					 detected in the media stream and the 
					 <codeph>closedCaptionsTracks</codeph> collection has been
					 updated. 
				  </entry> 
				</row> 
				<row rowsep="1"> 
				  <entry namest="1" nameend="2"><b>Manifest and Timeline</b> 
				  </entry> 
				</row> 
				<row rowsep="0"> 
				  <entry colname="1">TimelineEvent.<xref
					 href="http://help.adobe.com/en_US/primetime/api/psdk/asdoc-dhls_1.4/com/adobe/mediacore/events/TimelineEvent.html#TIMELINE_UPDATED"
					 format="html" scope="external">TIMELINE_UPDATED</xref> 
				  </entry> 
				  <entry colname="2">The media player has added or removed ads, so
					 it has an updated timeline. 
					 <p>The manifest refreshed for a live asset and old ad breaks
						were removed from the timeline or new ad opportunities (cue points) were
						discovered. The media player tries to resolve and place any new ads on the
						timeline. 
					 </p>
					 <p> Use this event to check whether the timeline has any
						updates (VOD does not change during playback). You can then retrieve the
						timeline using 
						<xref
						 href="http://help.adobe.com/en_US/primetime/api/psdk/asdoc-dhls_1.4/com/adobe/mediacore/MediaPlayer.html#timeline"
						 format="html" scope="external">MediaPlayer.timeline</xref>. 
					 </p> 
				  </entry> 
				</row> 
			 </tbody> 
		  </tgroup> 
		</table> 
	 </refsyn> 
  </refbody> 
</reference> 
