<?xml version="1.0" encoding="UTF-8"?>
<!DOCTYPE reference PUBLIC "-//OASIS//DTD DITA Reference//EN" "technicalContent/dtd/reference.dtd" [

<!-- Begin Document Specific Declarations -->


<!-- End Document Specific Declarations -->

]>
<reference id = "r_psdk_dhls_text-format-classes"
    xmlns:ditaarch = "http://dita.oasis-open.org/architecture/2005/">
<title>Text format classes</title>
<shortdesc>These classes specify formatting for text.</shortdesc>
<refbody><refsyn id = "refsyn_B7B66F86B95A484EA2CC2F2BA9EFED76">Package: <xref
 href = "http://help.adobe.com/en_US/primetime/api/psdk/asdoc-dhls_1.4/com/adobe/mediacore/textformat/package-detail.html"
format = "html" scope="external" >com.adobe.mediacore.textformat</xref> </refsyn>
<table frame = "all" colsep = "1" rowsep = "1"
    id = "table_F771D1719BE84241955D45C280BBB52A">
<tgroup cols = "2" colsep = "1" rowsep = "1" outputclass = "FormatA">
<colspec colnum = "1" colname = "1" colwidth = "30*"/>
<colspec colnum = "2" colname = "2" colwidth = "70*"/>
<thead>
<row rowsep = "1">
<entry colname = "1">Name </entry>
<entry colname = "2">Description </entry>
</row>
</thead>
<tbody>
<row rowsep = "1">
<entry colname="1"><codeph><xref
                                    href="http://help.adobe.com/en_US/primetime/api/psdk/asdoc-dhls_1.4/com/adobe/mediacore/textformat/Color.html"
                                    format="html" scope="external">Color</xref></codeph></entry>
<entry colname = "2">Class that encapsulates the accepted colors
for the different TextFormat attributes, such as the text color,
the background color, or the fill color. </entry>
</row>
<row rowsep = "1">
<entry colname="1"><codeph><xref
                                    href="http://help.adobe.com/en_US/primetime/api/psdk/asdoc-dhls_1.4/com/adobe/mediacore/textformat/Font.html"
                                    format="html" scope="external">Font</xref></codeph></entry>
<entry colname = "2">Class. Provides a text font. </entry>
</row>
<row rowsep = "1">
<entry colname="1"><codeph><xref
                                    href="http://help.adobe.com/en_US/primetime/api/psdk/asdoc-dhls_1.4/com/adobe/mediacore/textformat/FontEdge.html"
                                    format="html" scope="external">FontEdge</xref></codeph></entry>
<entry colname = "2">Class. Specifies the desired font edge. </entry>
</row>
<row rowsep = "0">
<entry colname="1"><codeph><xref
                                    href="http://help.adobe.com/en_US/primetime/api/psdk/asdoc-dhls_1.4/com/adobe/mediacore/textformat/Size.html"
                                    format="html" scope="external">Size</xref></codeph></entry>
<entry colname = "2">Class. Provides a value for the font size. </entry>
</row>
</tbody>
</tgroup></table></refbody></reference>
