<?xml version="1.0"?>
<!DOCTYPE reference PUBLIC "-//OASIS//DTD DITA Reference//EN" "reference.dtd">
<reference id="reference_req_content"> 
  <title>Content and manifest requirements</title> 
  <shortdesc>Check the restrictions and requirements for streams and playlists (manifests),
		including DRM encryption keys. </shortdesc> 
  <refbody> 
	 <table id="table_D7C38CD3B4D24C3D9A3B55D8CEFE7366"> 
		<tgroup cols="1">
				<colspec colnum="1" colname="col2" colwidth="1.86*"/>
				<tbody>
					<row>
						<entry colname="col2">Include and set the <codeph>RESOLUTION</codeph> property for each ABR
							stream in the manifest file. You must use Flash Player 14 or
							later.</entry>
					</row>
					<row>
						<entry colname="col2">If the DRM-protected stream is multiple bit rate
							(MBR), the DRM encryption key used for the MBR should be the same as the
							key used in all the bit-rate streams. </entry>
					</row>
					<row >
						<entry colname="col2"> Must have the same bit-rate renditions as the
							renditions of the main content. </entry>
					</row>
				</tbody>
			</tgroup> 
	 </table> 
  </refbody> 
</reference> 
