<?xml version="1.0"?>
<!DOCTYPE reference PUBLIC "-//OASIS//DTD DITA Reference//EN" "reference.dtd">
<reference id="reference_req_stagevideo"> 
  <title>StageVideo minimum requirements </title> 
  <shortdesc>On devices that support GPU (hardware) acceleration, you can use a
	 
	 <codeph>flash.media.StageVideo</codeph> object to process video directly on
	 the device hardware. 
  </shortdesc> 
  <refbody> 
	 <section id="section_64DDAA8DB215493E8A7CA6636819D350"> 
		<p>A combination of different factors determine when and how you can use 
		  <codeph>StageVideo</codeph>. The following table presents a snapshot of
		  some of the requirements and restrictions that are associated with using
		  StageVideo. These requirements and restrictions are subject to change. 
		</p> 
		<table id="table_882F4462A5AE47E28A60A39D112164A7"> 
		  <tgroup cols="2"><colspec colnum="1" colname="col1"
			 colwidth="1.00*"/><colspec colnum="2" colname="col2" colwidth="2.57*"/><thead> 
				<row> 
				  <entry colname="col1">Platform 
				  </entry> 
				  <entry colname="col2">Windows and Mac OS 
				  </entry> 
				</row></thead> 
			 <tbody> 
				<row> 
				  <entry colname="col1">Flash player 
				  </entry> 
				  <entry colname="col2"> 
					 <ul id="ul_s42_lm2_jp"> 
						<li id="li_308FA9EC206B437A9EE04C29F9480B73">At least Flash
						  10.1 or later 
						</li> 
						<li id="li_5898EDB0D12A43389076BCC7F4A27A0A">For the fallback
						  to software feature, Flash 15 and later 
						</li> 
					 </ul> 
				  </entry> 
				</row> 
				<row> 
				  <entry colname="col1">Browsers and 
					 <codeph>wmode</codeph> settings 
				  </entry> 
				  <entry colname="col2"> 
					 <p><b>On Flash 15</b>, set 
						<codeph>wmode=opaque</codeph> so you can use HTML overlays. 
					 </p> 
					 <p>The following browsers currently do not support hardware
						acceleration: 
					 <ul id="ul_frv_ykf_jp"> 
						<li id="li_3D407A61FEE042A9B85A6EFACA6D7719">Mozilla Firefox
						  on Microsoft Windows 
						</li> 
						<li id="li_39B85AC352564DA8B86EA826638F1F4B">Google Chrome
						  before 26 and any version of Chrome on Windows XP and Vista 
						</li> 
						<li id="li_0042BA6070C849E6B7C4B4BF4333F712">Microsoft
						  Internet Explorer (all versions) 
						</li> 
					 </ul>Other browser/OS combinations might prevent access to
					 hardware acceleration. In these scenarios, 
					 <codeph>StageVideo</codeph> falls back to software with a
					 negative impact on performance.
					 </p> 
					 <p><b>On Flash 14 and earlier</b>, if the browser does not
						support hardware acceleration, the Flash player can render directly to the GPU,
						but set 
						<codeph>wmode=direct</codeph> to enable this rendering. 
						<note type="tip">GPU drivers that are older than 2009 might
						  need to be updated as these drivers might lack support for hardware
						  acceleration. 
						</note> 
					 </p> 
				  </entry> 
				</row> 
				<row> 
				  <entry colname="col1">NetStream object 
				  </entry> 
				  <entry colname="col2">The 
					 <codeph>StageVideoEvent.RENDER_STATE</codeph> event is not
					 dispatched unless you attach a 
					 <codeph>NetStream</codeph> object to the 
					 <codeph>StageVideo</codeph> object. 
				  </entry> 
				</row> 
			 </tbody> 
		  </tgroup> 
		</table> 
	 </section> 
  </refbody> 
</reference> 
