<?xml version="1.0" encoding="UTF-8"?>
<!DOCTYPE reference PUBLIC "-//OASIS//DTD DITA Reference//EN" "technicalContent/dtd/reference.dtd"[
  <!-- Begin Document Specific Declarations -->
  <!-- End Document Specific Declarations -->
]>
<reference id="r_psdk_dhls_timeline-detectors-classes"
 xmlns:ditaarch="http://dita.oasis-open.org/architecture/2005/"> 
  <title>Timeline generators classes</title> 
  <shortdesc>These classes assist in detecting opportunities in a timeline for
	 placement of content, such as ads. 
  </shortdesc> 
  <refbody> 
	 <refsyn id="refsyn_23FB5DD3948346E2A5ED19FD9D18AD4D">Package:<xref
		href="http://help.adobe.com/en_US/primetime/api/psdk/asdoc-dhls_1.4/com/adobe/mediacore/timeline/generators/package-detail.html"
		format="html" scope="external">com.adobe.mediacore.timeline.generators</xref> 
	 </refsyn> 
	 <table frame="all" colsep="1" rowsep="1"
	  id="table_F136FE6F21BB403E8D23469B570A5FC3"> 
		<tgroup cols="2" colsep="1" rowsep="1" outputclass="FormatA"> 
		  <colspec colnum="1" colname="1" colwidth="38*"/> 
		  <colspec colnum="2" colname="2" colwidth="63*"/> 
		  <thead> 
			 <row rowsep="1"> 
				<entry colname="1">Name 
				</entry> 
				<entry colname="2">Description 
				</entry> 
			 </row> 
		  </thead> 
		  <tbody> 
			 <row rowsep="1"> 
				<entry colname="1"><codeph><xref
					 href="http://help.adobe.com/en_US/primetime/api/psdk/asdoc-dhls_1.4/com/adobe/mediacore/timeline/generators/AdSignalingModeOpportunityGenerator.html"
					 format="html"
					 scope="external">AdSignalingModeOpportunityGenerator</xref></codeph> 
				</entry> 
				<entry colname="2">Class which creates an initial opportunity for
				  the specified advertising signaling mode. 
				</entry> 
			 </row> 
			 <row rowsep="1"> 
				<entry colname="1"><codeph><xref
					 href="http://help.adobe.com/en_US/primetime/api/psdk/asdoc-dhls_1.4/com/adobe/mediacore/timeline/generators/OpportunityGenerator.html"
					 format="html" scope="external">OpportunityGenerator</xref></codeph> 
				</entry> 
				<entry colname="2">Base class for all opportunity generators. 
				</entry> 
			 </row> 
			 <row rowsep="1"> 
				<entry colname="1"> 
				  <codeph><xref
					 href="http://help.adobe.com/en_US/primetime/api/psdk/asdoc-dhls_1.4/com/adobe/mediacore/timeline/generators/OpportunityGeneratorClient.html"
					 format="html" scope="external"> OpportunityGeneratorClient</xref></codeph> 
				</entry> 
				<entry colname="2">Interface used by opportunity generators to
				  communicate with TVSDK components. 
				</entry> 
			 </row> 
			 <row rowsep="1"> 
				<entry colname="1"><codeph><xref
					 href="http://help.adobe.com/en_US/primetime/api/psdk/asdoc-dhls_1.4/com/adobe/mediacore/timeline/generators/SpliceOutOpportunityGenerator.html"
					 format="html" scope="external">SpliceOutOpportunityGenerator</xref></codeph> 
				</entry> 
				<entry colname="2">Class which monitors the playback timeline and
				  detects ad placement opportunities inserted into the manifest as SpliceOut
				  comments. 
				</entry> 
			 </row> 
			 <row rowsep="1"> 
				<entry colname="1"><codeph><xref
					 href="http://help.adobe.com/en_US/primetime/api/psdk/asdoc-dhls_1.4/com/adobe/mediacore/timeline/generators/TimedMetadataOpportunityGenerator.html"
					 format="html"
					 scope="external">TimedMetadataOpportunityGenerator</xref></codeph> 
				</entry> 
				<entry colname="2">Default implementation of an opportunity
				  generator which is using timed metadata information to detect and generate
				  advertisement opportunities. 
				</entry> 
			 </row> 
		  </tbody> 
		</tgroup> 
	 </table> 
  </refbody> 
</reference> 
