<?xml version="1.0" encoding="UTF-8"?>
<!DOCTYPE task PUBLIC "-//OASIS//DTD DITA Task//EN" "technicalContent/dtd/task.dtd">
<task id="set-abr-using-abrparameters"
 xmlns:ditaarch="http://dita.oasis-open.org/architecture/2005/"> 
  <title>Configure adaptive bit rates using ABRControlParameters</title> 
  <shortdesc>You can set ABR control values only with <codeph>ABRControlParameters</codeph>, but you
		can construct a new one at any time. </shortdesc> 
  <taskbody> 
	 <context id="context_A6059E4CD0F5498BA68495C7081410B8"> 
		<p >This ability to set ABR parameters was supported
		  before the existence of the 
		  <codeph>ABRControlParametersBuilder</codeph> class, but this ability is
		  still effective for setting ABR parameters at construction time. However, to
		  change individual parameters after construction, you should use the 
		  <codeph>ABRControlParametersBuilder</codeph> class. 
		</p> 
		<p> The following conditions apply to <codeph>ABRControlParameters</codeph>: <ul
					id="ul_2996F478E84440E89F9060486B6A17BF">
					<li id="li_FE2477AE6CCB4A99B1ECAFC2B78269B7">You must provide values for all
						parameters at construction time. </li>
					<li id="li_B0221D6CAF504D2F973F3C1A60F4884D">You cannot change individual values
						after construction time. </li>
					<li id="li_492C3AEA04EE4402A9C922DBE98B8478">If the parameters that you specify
						are outside of the allowed range, an <codeph>ArgumentError</codeph> is
						thrown. </li>
				</ul></p> 
	 </context> 
	 <steps id="steps_76CB21BBBC824D618079409EF65B0FBA">
			<step id="step_2965F5CD27D54848A273B4A2076B3F38">
				<cmd>Decide on initial, minimum, and maximum bit rates. </cmd>
			</step>
			<step id="step_5E7A0970F9234172A783394C81AC614A">
				<cmd>Determine the ABR policy: </cmd>
				<info>
					<p>
						<ul id="ul_80C2155621D345BF8BD74740648D1BBE">
							<li id="li_835EFBB5674C4D8FB6FB6AC744DA7635"><codeph>CONSERVATIVE_POLICY
								</codeph>
							</li>
							<li id="li_226ACE9EA03C4FDD93E5C9FC26D1C236">
								<codeph>MODERATE_POLICY</codeph>
							</li>
							<li id="li_07B109A41C3F453CAB3156BCA12DA551">
								<codeph>AGGRESSIVE_POLICY</codeph>
							</li>
						</ul>
					</p>
				</info>
			</step>
			<step id="step_A89724999D5B484789F03E2632838CF0">
				<cmd>Set the ABR parameter values in the <codeph>ABRControlParameters</codeph>
					constructor and assign them to the Media Player. </cmd>
				<info>
					<codeblock outputclass="syntax actionscript">mediaPlayer.abrControlParameters = new ABRControlParameters(
    ABRControlParameters.CONSERVATIVE_POLICY,
    0, // Initial bit rate
    0, // Minimum bit rate
    1000000 // Maximum bit rate
);</codeblock>
				</info>
			</step>
		</steps> 
  </taskbody> 
</task> 
