<?xml version="1.0"?>
<!DOCTYPE task PUBLIC "-//OASIS//DTD DITA Task//EN" "task.dtd">
<task id="task_trick_play_implement"> 
  <title>Implement fast forward and rewind</title> 
  <shortdesc>When users fast forward or fast rewind through the media, they are
	 in the trick play mode. To enter trick play mode, you need to set the 
	 <codeph>MediaPlayer</codeph> playback rate to a value other than 1. 
  </shortdesc> 
  <taskbody> 
	 <context id="context_95877D761D324FBCB5867D52828CF96C"> 
		<p>To switch the speed, you must set one value. 
		</p> 
	 </context> 
	 <steps id="steps_2F6B39DEDAC14B139C8CBC7BE32A0E9A"> 
		<step id="step_684C22AA677245EFB9D8ABDA2655D4F2"> 
		  <cmd> Move from normal play mode (1x) to trick play mode by setting the
			 
			 <codeph>rate</codeph> property on the 
			 <codeph>MediaPlayer</codeph> to an allowed value. 
		  </cmd> 
		  <info> 
			 <ul id="ul_F1CF8A8A656B4FD385EAC13CA46E6158"> 
				<li id="li_A181DBF1E7CA4F73BDA0F312E022700E">The 
				  <codeph>MediaPlayerItem</codeph> class defines the allowed
				  playback rates. 
				</li> 
				<li id="li_3A7BE5908C124396BDE6940ECE03C196">TVSDK selects the
				  closest allowed rate if the specified rate is not allowed. 
				</li> 
			 </ul> 
			 <p> When the trickplay rate is changed from 0 (pause) or 1 (normal
				play) to a rate that is greater than 1 or less than -1, all the ads on the
				timeline are removed. There is only one period on the entire timeline that
				facilitates a trickplay action to allow the content to be fast forwarded and
				rewound without stopping at any ad position. This action is enabled by a
				timeline detachment action on TVSDK to remove all the resolved adBreaks. When
				trickplay resumes at 0 or 1, the adBreaks are first restored by the timeline
				attachment action. 
			 </p> 
			 <p>Remember the following information: 
			 <ul id="ul_9976081DEE4B4A34B946671A1B7C2369"> 
				<li id="li_593B28639D33447C8F604EDF095CB573">If the trickplay
				  action is to rewind the content, the playback resumes when rate is changed to
				  1. 
				</li> 
				<li id="li_B36306847B1C4257B457FDCAB368301A">If the trickplay
				  action is to fast forward the content, the last skipped adBreak plays at the
				  resume position. 
				</li> 
			 </ul> 
			 </p> 
		  </info> 
		  <stepxmp> 
			 <p>This example sets the player's internal playback rate to the
				requested rate. 
			 </p> 
		  </stepxmp> 
		  <stepxmp> 
			 <codeblock outputclass="syntax actionscript">private function onPlaybackRateChange(event:IndexChangeEvent):void {
    var newRateIndex:int = event.newIndex;
    var newRate:Number = _playbackRates[newRateIndex];

    _player.rate = newRate;
}
</codeblock> 
		  </stepxmp> 
		</step> 
		<step id="step_8D8EB8BEC5204910BDAF6375428AC9AD"> 
		  <cmd>You can optionally listen for rate-change events, which let you
			 know when you requested a rate change and when a rate change actually happens. 
		  </cmd> 
		  <info> 
			 <p> TVSDK dispatches the following events related to trick play: 
			 <ul id="ul_BF2FD8D3775F44F09D9C302EF43E50B2"> 
				<li
				id="li_7B46D406A3204E469E0B5F8086866C2A"><codeph>mediacore.events.PlaybackRateEvent.RATE_SELECTED</codeph>
				  when the 
				  <codeph>rate</codeph> value changes to a different value. 
				</li> 
				<li
				id="li_1D78616C3484466A860D7B9FEC4A77BE"><codeph>mediacore.events.PlaybackRateEvent.RATE_PLAYING</codeph>
				  when playback resumes at the selected rate. 
				</li> 
			 </ul>TVSDK dispatches both of these events when the player returns
			 from trick-play mode to normal play mode. 
			 </p> 
		  </info> 
		</step> 
	 </steps> 
  </taskbody> 
  <task id="task_BC13A51C574340DB99DF88A9E82AAFFF"> 
	 <title>Rate-change API elements</title> 
	 <shortdesc>TVSDK includes methods, properties, and events to determine
		valid rates, current rates, whether trick play is supported, and other
		functionality related to fast forward and rewind. 
	 </shortdesc> 
	 <taskbody> 
		<context id="context_43B89F948D634FE3800D0237E0BA1568"> 
		  <p>Use the following API elements to change play rates: 
		  </p> 
		  <ul id="ul_57927A021525487A8BFAA94297BF387D"> 
			 <li
			 id="li_04DC8E0182E044528768A45E57B2FF71"><codeph>MediaPlayer.rate</codeph>
				property with setter and getter functions 
			 </li> 
			 <li
			 id="li_9B8EDBA3AE7049BE9071B51D1890E04E"><codeph>MediaPlayer.localTime
				  property</codeph> with getter function 
			 </li> 
			 <li
			 id="li_27446C762E844CFAB455BBFD911EACB1"><codeph>mediacore.events.PlaybackRateEvent.RATE_SELECTED</codeph>
				
			 </li> 
			 <li
			 id="li_763B2398F0DC448A9F24A04065BAB573"><codeph>mediacore.events.PlaybackRateEvent.RATE_PLAYING</codeph>
				
			 </li> 
			 <li
			 id="li_7C47409D3C8A487EBD7EC5236F8E10D3"><codeph>MediaPlayerItem.IsTrickPlaySupported</codeph>
				property with getter function 
			 </li> 
			 <li
			 id="li_199ACDAAA258493F89F877B0B2E1EE87"><codeph>AdBreakPlaybackEvent.AD_BREAK_SKIPPED</codeph>
				
			 </li> 
			 <li
			 id="li_F80FBF1F6F2E40E2AA01FE9BC2B06ADC"><codeph>MediaPlayerItem.availablePlaybackRates</codeph>
				property with getter function - specifies valid rates. 
			 </li> 
		  </ul> 
		  <table id="table_116AB065BF23492D95B06A0FFD6AAFB1"> 
			 <tgroup cols="2"> 
				<colspec colnum="1" colname="col1" colwidth="1.12*"/> 
				<colspec colnum="2" colname="col2" colwidth="1.00*"/> 
				<thead> 
				  <row> 
					 <entry colname="col1">Rate value 
					 </entry> 
					 <entry colname="col2">Effect on playback 
					 </entry> 
				  </row> 
				</thead> 
				<tbody> 
				  <row> 
					 <entry colname="col1"> 2.0, 4.0, 8.0, 16.0, 32.0, 64.0<ph>,
						  128.0</ph> 
					 </entry> 
					 <entry colname="col2">Switches to fast-forward mode with the
						specified multiplier faster than normal (for example, 4 is 4 times faster than
						normal) 
					 </entry> 
				  </row> 
				  <row> 
					 <entry colname="col1">-2.0, -4.0, -8.0, -16.0, –32.0, -64.0 
						<ph>, –128.0 
						</ph> 
					 </entry> 
					 <entry colname="col2">Switches to fast-rewind mode 
					 </entry> 
				  </row> 
				  <row> 
					 <entry colname="col1"> 1.0 
					 </entry> 
					 <entry colname="col2">Switches to normal play mode (calling 
						<codeph>play</codeph> is the same as setting the rate
						property to 1.0) 
					 </entry> 
				  </row> 
				  <row> 
					 <entry colname="col1">0.0 
					 </entry> 
					 <entry colname="col2">Pauses (calling 
						<codeph>pause</codeph> is the same as setting the rate
						property to 0.0) 
					 </entry> 
				  </row> 
				</tbody> 
			 </tgroup> 
		  </table> 
		</context> 
	 </taskbody> 
  </task> 
  <task id="task_29613CC3375A4D9BB2565730478ADE5C"> 
	 <title>Limitations and behavior for trick play</title> 
	 <shortdesc>There are some limitations and some issues in the way trick play
		mode behaves. 
	 </shortdesc> 
	 <taskbody> 
		<context id="context_A58071A1EDCD498E82CEFDC322FD6199"> 
		  <p>Here are the limitations for trick play mode: 
		  </p> 
		  <ul id="ul_525AC8E8150F4A4A80E7C36B4C7C4E28"> 
			 <li id="li_2B0AE11DFF0549AE8F8DE36ECAC2E228"> The master playlist
				must contain I-frame-only segments. Only the key frames from the I-frame track
				are displayed on the screen. 
			 </li> 
			 <li id="li_47ED7C4EEF7F4AC18D923A187527FCE9">The audio track and
				closed captions are disabled. 
			 </li> 
			 <li id="li_42961CF0D305478184D881D5AC0C9510">Adaptive bit rate (ABR)
				logic is disabled. TVSDK selects one bit rate between the lowest provided rate
				and 800 kbps and uses that rate during the entire trick-play session. 
			 </li> 
			 <li id="li_E801656932C54CA9BA694083523EEA31">Play and pause are
				enabled. 
			 </li> 
			 <li id="li_1C947FC64EF4450E82207075E699F621">Seek is disallowed. To
				seek, call 
				<codeph>pause</codeph> to exit trick play mode and then call 
				<codeph>seek</codeph>. 
			 </li> 
			 <li id="li_C1ACBD41C73248519D7810B107F44813">You can exit trick-play
				mode into any allowed playback rate (play or pause). 
			 </li> 
			 <li id="li_63C8D96A432A486CBA65249E0F656391">When ads are
				incorporated in the stream: 
				<ul id="ul_2DEB61B6FB5140B4822BD37E09566682"> 
				  <li id="li_ECD1032478594EF4805F9678099E85F2">You can go to trick
					 play only while playing the main content. An error is dispatched if you try to
					 switch to trick play during an ad break. 
				  </li> 
				  <li id="li_D4DCC5BE4BC243DD81EC3FA0F1FAE1E1">After commencing
					 trick play mode, ad breaks are ignored and no ad events are fired. 
				  </li> 
				  <li id="li_B1EF803DFC244C7FA210B1F308E7AFF1">The timeline exposed
					 by TVSDK to the player application is not modified even if ad breaks are
					 skipped. 
				  </li> 
				  <li id="li_0036C10989434E078BAF29065EFC7646">The 
					 <codeph>MediaPlayer.currentTime</codeph> property jumps forward
					 (on fast forward) or backward (on fast rewind) with the duration of the skipped
					 ad break. This jump behavior for the current time allows the stream duration to
					 remain unmodified during trick play. Your player application can use the 
					 <codeph>localTime</codeph> property to track the time relative
					 only to the main content. No time jumps are performed on the values returned
					 for the local time when skipping an ad. 
				  </li> 
				  <li id="li_D9C3A9033C4D4F199C145B51B6D08CC4">The 
					 <codeph>AdBreakPlaybackEvent.AD_BREAK_SKIPPED</codeph> event is
					 dispatched immediately before an ad break is about to be skipped. Your player
					 can use this event to implement custom logic related to the skipped ad breaks. 
				  </li> 
				  <li id="li_6EDBAAF091114D93AEF23C049FFF7BC4">Exiting trick play
					 invokes the same ad playback policy as when exiting seek. 
					 <p>Therefore, as in seeking, the behavior depends on whether
						your application's playback policy is different from the default. The default
						is that the last skipped ad break is played at the point where you come out of
						trick play. 
					 </p> 
				  </li> 
				</ul> 
			 </li> 
		  </ul> 
		</context> 
	 </taskbody> 
  </task> 
</task> 
