<?xml version="1.0" encoding="UTF-8"?>
<!DOCTYPE task PUBLIC "-//OASIS//DTD DITA Task//EN" "technicalContent/dtd/task.dtd">
<task id="set-abr-using-abrparameters"
 xmlns:ditaarch="http://dita.oasis-open.org/architecture/2005/"> 
  <title>Configure adaptive bit rates using ABRControlParametersBuilder</title>
  
  <taskbody> 
	 <context id="context_A26B13276ADA4CA98F602238FE3B35B6">Using the
				<codeph>ABRControlParametersBuilder</codeph> helper class is the simplest, most
			efficient way to set ABR parameters.  <ul id="ul_00F056B0821A44C68482457FB967FFFE">
				<li id="li_EC7918084CFD44F18443CC1424A3D800">The
						<codeph>ABRControlParametersBuilder</codeph> constructor sets all of the ABR
					parameters to default values on the underlying
						<codeph>ABRControlParameters</codeph> object. </li>
				<li id="li_C56F80F5FC92495781AFFE65B8458652">You can reset individual ABR parameters
					during run time, as long as you maintain a reference to the same
						<codeph>ABRControlParametersBuilder</codeph> instance. </li>
			</ul>
			<p>This class also includes the <codeph>toABRControlParameters()</codeph> helper method.
				Use this method to get an instance of <codeph>ABRControlParameters</codeph> and set
				it on the <codeph>mediaPlayer.ABRControlParameters</codeph> property. This causes
				your settings to go into effect in the player. </p>
		</context> 
	 <steps id="steps_D16FB44075D94E968F97B061BEEE80DD"> 
		<step id="step_B90CED21CB13451081F23F48B39952F2"> 
		  <cmd>Instantiate the 
			 <codeph>ABRControlParametersBuilder</codeph> helper class, and set
			 the parameters on the Media Player. 
		  </cmd> 
		  <info>For example, the following sample initializes all parameters to the defaults, then sets
					only the policy to conservative, and restricts the maximum bit rate to 1000000:
					<codeblock outputclass="syntax actionscript">var abrBuilder:ABRControlParametersBuilder = 
  new ABRControlParametersBuilder();
abrBuilder.policy = ABRControlParameters.CONSERVATIVE_POLICY;
abrBuilder.maxBitRate = 1000000;
mediaPlayer.abrControlParameters = 
  abrBuilder.toABRControlParameters();</codeblock>
				</info> 
		</step> 
		<step id="step_E8A63B0E9C0A4D6B96C117DE7BE03229"> 
		  <cmd>Modify individual ABR parameters at run time. 
		  </cmd> 
		  <info>To modify individual parameters while leaving the rest of the parameters as they were:
					<codeblock outputclass="syntax actionscript">// If later you want to reset the max bit rate to 2000000
abrBuilder.maxBitRate = 2000000;
mediaPlayer.abrControlParameters = 
  abrBuilder.toABRControlParameters();</codeblock>To
					retain your previous settings, you must maintain a reference to the same
						<codeph>ABRControlParametersBuilder</codeph> instance you created in Step 1. </info> 
		</step> 
	 </steps> 
  </taskbody> 
</task> 
