<?xml version="1.0" encoding="UTF-8"?>
<!DOCTYPE task PUBLIC "-//OASIS//DTD DITA Task//EN" "task.dtd">
<task id="implement-blackout-_handling"> 
  <title>Implement blackout handling</title> 
  <shortdesc>TVSDK provides APIs and sample code for handling blackout periods.
	 
  </shortdesc> 
  <taskbody> 
	 <context id="context_94F087A2FB954929B1BF05DC6FEE39EC"> 
		<p>To implement blackout handling including providing alternate content
		  during the blackout: 
		</p> 
	 </context> 
	 <steps id="steps_93F0E6B1740846E2B8DE807125F8DFE2"> 
		<step id="step_7796CD2D5EDA4ECCB289AA1AEEE6613A"> 
		  <cmd>Set up your app to detect blackout tags in a live stream manifest.
			 
		  </cmd> 
		  <info> 
			 <codeblock outputclass="syntax actionscript">private function startPlayback(resource:MediaResource):void {
    ...
    var tags:Vector.&lt;String&gt; = PSDKConfig.retrieveMediaPlayerItemConfig().subscribeTags;
        tags.push(BlackoutHandler.BLACK_OUT_START_TAG);
        tags.push(BlackoutHandler.BLACK_OUT_END_TAG);
 
    PSDKConfig.retrieveMediaPlayerItemConfig().subscribeTags = tags;
    ...
}</codeblock> 
		  </info> 
		</step> 
		<step id="step_6206AEF44889404D85CB715DF45AAA3D"> 
		  <cmd>Create event listeners for timed metadata events in foreground and
			 background streams. 
		  </cmd> 
		  <info> 
			 <codeblock outputclass="syntax actionscript">private function createMediaPlayer(context:MediaPlayerContext):void {
    ...
    _player.addEventListener(TimedMetadataEvent.TIMED_METADATA_AVAILABLE, onTimedMetadata);
    _player.addEventListener(TimedMetadataEvent.TIMED_METADATA_IN_BACKGROUND_AVAILABLE, 
                             onTimedMetadataInBackground);
    ...
}</codeblock> 
		  </info> 
		</step> 
		<step id="step_757D7E707CCA49F49C90A4593743AA9B"> 
		  <cmd>Implement timed metadata event handlers for both foreground and
			 background streams. 
		  </cmd> 
		  <info>Foreground: 
			 <codeblock outputclass="syntax actionscript">private function onTimedMetadata(event:TimedMetadataEvent):void {
    var timedMetadata:TimedMetadata = event.timedMetadata;
    var start:uint = 0;
    var end:uint = 0;
    if (timedMetadata.type == TimedMetadataType.TAG) {
        if (timedMetadata.name == BLACK_OUT_START_TAG) {
            start = timedMetadata.time;
            end = start + _player.playbackRange.end; // Get the duration
            _blackoutRanges.push(new BlackoutMetadata(new TimeRange(start, end)));
        }
    }
}</codeblock>Background: 
			 <codeblock outputclass="syntax actionscript">private function onTimedMetadataInBackground(event:TimedMetadataEvent):void {
    var timedMetadata:TimedMetadata = event.timedMetadata;
    if (timedMetadata.type == TimedMetadataType.TAG) {
        if (timedMetadata.name == BLACK_OUT_START_TAG)
            _blackoutStartTime = timedMetadata.time;
         
        if (timedMetadata.name == BLACK_OUT_END_TAG) {
            _logger.debug("#onTimedMetadataInBackground New blackout end tag identified.");
            _blackoutENDTime = timedMetadata.time;
            var duration:int = ((_blackoutENDTime - _blackoutStartTime) - _offset) - _interval;
            if (duration &gt; 0) {
                _logger.debug("#onTimedMetadataInBackground Blackout {0} msec of blackout remaining 
                              based on new/updated tags.", duration);
                _countdownTimer.reset();
                _countdownTimer.delay = duration;
                _countdownTimer.start()
            }
        }
    }
}</codeblock> 
		  </info> 
		</step> 
		<step id="step_FA57D93646174B1C93DFE8DFEAFD4933"> 
		  <cmd>Prepare the MediaPlayer for blackouts. 
		  </cmd> 
		  <info> 
			 <codeblock outputclass="syntax actionscript">public function prepareBlackoutRanges(timedMetadata:Vector.&lt;TimedMetadata&gt;):void {
    _logger.debug('#prepareBlackoutRanges Calculating blackout ranges in DVR window');
    var start:uint = 0;
    var end:uint = 0;
    for (var i:uint = 0; i &lt; timedMetadata.length; i++) {
        if (timedMetadata[i].type == TimedMetadataType.TAG) {
            if (timedMetadata[i].name == BLACK_OUT_END_TAG) {
                end = timedMetadata[i].time;
                if (start == 0) {
                    _blackoutRanges.push(new TimeRange(0, end)); // Do we have any orphan end tags?
                    end = 0;
                }
                else {
                    _blackoutRanges.push(new TimeRange(start, end)); // If not...
                    start = 0;
                    end = 0;
                }
            }
            if (timedMetadata[i].name == BLACK_OUT_START_TAG) {
                start = timedMetadata[i].time; // Get the start time
                if (timedMetadata.length - 1 == i)
                    _blackoutRanges.push(new TimeRange(start, _player.playbackRange.end));
            }
        }
    }
    
    var blackoutRangeMetadata:BlackoutMetadata = new BlackoutMetadata(_blackoutRanges);
    // Set the list of blackout ranges on the MediaPlayer
    var metadata:Metadata = _player.currentItem.resource.metadata;
    if(metadata)
        metadata.setObject(DefaultMetadataKeys.BLACKOUT_METADATA_KEY, blackoutRangeMetadata);
    _logger.debug("#prepareBlackoutRanges Printing DefaultMediaPlayer's representation of timedBlackoutMetadata.");
}</codeblock> 
		  </info> 
		</step> 
		<step id="step_482A257399E74FC19E90902D596C75B2"> 
		  <cmd>Set up a check of the list of TimedMetadataObjects for each
			 occurrence of an update to the playhead position. 
		  </cmd> 
		  <info> 
			 <codeblock outputclass="syntax actionscript">private function onTimeChange(event:TimeChangeEvent):void {
    if (!_inBlackout) {
        for (var i:int = _blackoutRanges.length - 1; i &gt;= 0; i--) {
            if (containsTime(event.time) &amp;&amp; !_seeking &amp;&amp; !_inBlackout &amp;&amp; !_adPlaying) {
                var index:int = getIndexForTime(event.time);
                if (_blackoutRanges[index].nonSeekableRange.end &gt; _player.seekableRange.end) {
                    _startTimer.reset();
                    _startTimer.start();
                    _offset = _player.currentTime - _blackoutRanges[index].nonSeekableRange.begin;
                    var duration:int = _blackoutRanges[index].nonSeekableRange.duration - 
                                         (event.time - _blackoutRanges[index].nonSeekableRange.begin);
                    _logger.debug("#onTimeChange Main content will resume in {0} msec.", duration);
                    _blackoutStartTime = _blackoutRanges[index].nonSeekableRange.begin;
                    initiate();
                    return;
                } else {
                    _logger.debug("#onTimeChange Live blackout range start dectected.");
                    _logger.debug("#onTimeChange Seekable range end {0}, Playable range {1}, 
                                  Playhead {2}", _player.seekableRange.end, 
                                  _player.playbackRange.toString(), event.time);
                    _player.seek(_blackoutRanges[index].nonSeekableRange.end);
                    _seeking = true;
                    return;
                }
            }
        }
    }
}</codeblock> 
		  </info> 
		</step> 
		<step id="step_1171857AEDA746A4973DFC03A7C3C1CF"> 
		  <cmd>Create methods for switching content at the start and end of the
			 blackout period. 
		  </cmd> 
		  <info> 
			 <codeblock outputclass="syntax actionscript">public function initiate(event:TimerEvent=null):void {
    _inBlackout = true;
    _logger.debug("#initiate Entering blackout");
    _player.removeEventListener(TimedMetadataEvent.TIMED_METADATA_AVAILABLE, onTimedMetadata);
    _player.removeEventListener(TimeChangeEvent.TIME_CHANGED, onTimeChange);
     
    // Register the current (original playback item) in background.
    _player.registerCurrentItemAsBackgroundItem();
 
    // Replace the current playback item with the alternate stream.
    _player.replaceCurrentResource(_alternate);
}
 
public function terminate(event:TimerEvent=null):void {
    _inBlackout = false;
    _offset = 0;
    _logger.debug("#terminate Exiting blackout.");
    _blackoutRanges.length = 0;
    _blackoutRanges = new Vector.&lt;BlackoutMetadata&gt;();
    // Unregister background resource
    _player.unregisterCurrentBackgroundItem();
    // Switch back to the original resource
    _player.replaceCurrentResource(mainResource);
    _player.addEventListener(TimedMetadataEvent.TIMED_METADATA_AVAILABLE, onTimedMetadata);
    _player.addEventListener(TimeChangeEvent.TIME_CHANGED, onTimeChange);
    _seekToBlackoutEnd = true;
    // Reset countdown timer
    if (_countdownTimer) {
        _countdownTimer.reset();
        _startTimer.stop();
        _startTimer.reset();
        _interval = 0;
    }
}</codeblock> 
		  </info> 
		</step> 
	 </steps> 
  </taskbody> 
</task> 
