<?xml version="1.0" encoding="UTF-8"?>
<!DOCTYPE task PUBLIC "-//OASIS//DTD DITA Task//EN" "technicalContent/dtd/task.dtd">
<task id="ad-markers-control-seek"> 
  <title>Control playback behavior for seeking over custom ad markers</title> 
  <shortdesc>You can override the default behavior for how TVSDK seeks over ads
	 when using custom ad markers. 
  </shortdesc> 
  <taskbody> 
	 <context id="context_B10CE5C43A374F12A8D59949DFF17DD8"> 
		<p>By default, when a user seeks into or past ad sections that result
		  from the placement of custom ad markers, TVSDK skips the ads. This might differ
		  from the current playback behavior for standard ad breaks. 
		</p> 
		<p>You can tell TVSDK to reposition the playhead to the beginning of the
		  most recently skipped custom ad when the user seeks past one or more custom
		  ads. 
		</p> 
	 </context> 
	 <steps id="steps_1BB4DE4E42634B9C80A7F0F7EF82CDC4"> 
		<step id="step_8E978628E6A940BFA436B9BDAC4597A3"> 
		  <cmd>Configure a Metadata instance with the 
			 <codeph>DefaultMetadataKeys.METADATA_KEY_ADJUST_SEEK_ENABLED</codeph>
			 enumeration set to the string value "true" (not as a Boolean 
			 <codeph>true</codeph>). 
		  </cmd> 
		  <info/> 
		</step> 
		<step id="step_8B8F4C491452402BA1CFB6F3147D7D12"> 
		  <cmd>Create and configure a 
			 <codeph>MediaResource</codeph> instance, passing the additional
			 configuration options to 
			 <codeph>TimeRangeCollection.toMetadata</codeph>. This method receives
			 additional configuration options via another generic metadata structure. 
		  </cmd> 
		  <info> 
			 <p/> 
		  </info> 
		</step> 
	 </steps> 
  </taskbody> 
</task> 
