<?xml version="1.0"?>
<!DOCTYPE concept PUBLIC "-//OASIS//DTD DITA Concept//EN" "concept.dtd">
<concept id="concept_content_resolvers_intro"> 
  <title>Customize opportunity detectors and content resolvers</title> 
  <shortdesc>An opportunity detector is a Browser TVSDK component that detects
	 custom tags in a stream and identifies placement opportunities. These
	 opportunities are sent to the content resolver, which customizes the content/ad
	 insertion workflow based on the placement opportunity properties and metadata. 
  </shortdesc> 
  <conbody> 
	 <p>Browser TVSDK includes the following default opportunity detectors: 
	 <ul id="ul_C19DDAF26B7749E1B0AA78C5AD44D16C"> 
		<li
		 id="li_14820FB0D5224381B74BB84C39BFE256"><codeph>AdSignalingModeOpportunityGenerator</codeph>,
		  which creates initial ad placement opportunities based on the ad signaling
		  mode. 
		</li> 
		<li
		 id="li_CBCD2DB4782F45F781D8478EF5D276F3"><codeph>ManifestCuesOpportunityGenerator</codeph>,
		  which creates ad placement opportunities from any splice-out tag. 
		</li> 
	 </ul> 
	 </p> 
	 <p>Browser TVSDK also includes default content resolvers, such as 
		<codeph>AuditudeResolver</codeph>, that provides content that will be
		inserted based on the metadata key in the player item. 
		<codeph>AuditudeResolver</codeph> is capable of communicating with Adobe
		Primetime ad decisioning servers and returning ad breaks to be placed. 
	 </p> 
	 <p>You can override the default opportunity detectors and content resolvers
		to customize the advertising workflow in the following ways: 
	 <ul id="ul_51878FC5AD5A4953866D56DC93F682AF"> 
		<li id="li_6F4592960AD844ABA152D10E9EF2D6F8">Add support for custom tag
		  detection 
		</li> 
		<li id="li_BFE89DE70D0C4CDB89D9C0B052866C05">Recognize custom tags for ad
		  insertion 
		</li> 
		<li id="li_79A84CAFA6F1466DBBB1DBAFC6F1CB47">Create a customized ad
		  provider 
		</li> 
	 </ul> 
	 </p> 
  </conbody> 
</concept> 
