<?xml version="1.0"?>
<!DOCTYPE concept PUBLIC "-//OASIS//DTD DITA Concept//EN" "concept.dtd">
<concept id="concept_F1C8D4FCC6DB4C4D9F28F455EC19C3B1"> 
  <title>Buffering</title> 
  <shortdesc>You can configure visuals to notify the user that content is
	 buffering. 
  </shortdesc> 
  <conbody> 
	 <p>Listen for <codeph>AdobePSDK.PSDKEventType.BUFFERING_BEGIN</codeph>  and
                <codeph>AdobePSDK.PSDKEventType.BUFFERING_END</codeph> events. For example:
            <codeblock outputclass="syntax javascript">player.addEventListener(AdobePSDK.PSDKEventType.BUFFERING_BEGIN, 
                        function (event) {
                            buffering = true;
                            // add buffering layer
                        });
 
player.addEventListener(AdobePSDK.PSDKEventType.BUFFERING_END, 
                        function (event) {
                           buffering = false;
                           // remove buffering layer
                        });</codeblock>
        </p> 
	 <p >The UI Framework provides default buffering overlay
		behavior implementation, which can be extended as shown below: 
		<codeblock outputclass="syntax javascript" >// Using UI Framework
function myBufferingOverlayBehavior (element, configuration, player, localize, baseLog) {
    return ptp.bufferingOverlayBehavior(element, configuration, player, localize, baseLog);
}
var playerWrapper = ptp.videoPlayer('.videoDiv', {
    player: {
        mediaResource:'Specify Resource URL',
        bufferingOverlay: {
            behavior: myBufferingOverlayBehavior,
            classNames: 'ptp-buffering-overlay my_buffering_overlay_bar'
        }
    }

});
</codeblock> 
	 </p> 
	 <p >Here is what the result DOM looks like: 
		<codeblock outputclass="syntax html">&lt;div id=" videoDiv" class="ptp-root-element"&gt;
&lt;div name="videoPlayer" value="videoPlayer" class="ptp-main-video-div-style"&gt;
&lt;div name="bufferingOverlay" value="bufferingOverlay" class="ptp-buffering-overlay my_buffering_overlay_bar'"&gt;&lt;/div&gt;
&lt;/div&gt;
&lt;/div&gt;
</codeblock> 
	 </p> 
  </conbody> 
</concept> 
