<?xml version="1.0"?>
<!DOCTYPE concept PUBLIC "-//OASIS//DTD DITA Concept//EN" "concept.dtd">
<concept id="create-player"> 
  <title>Basic player</title> 
  <shortdesc>To use Browser TVSDK, you must create and configure a basic
	 player. For playing video content, you can create a basic player in either of
	 two ways: using the Browser TVSDK, or using the UI Framework. 
  </shortdesc> 
  <conbody> 
	 <section id="section_4D1C6D4B3A3447DFA2AA0229E140E2D9"> 
		<title>Using the Browser TVSDK</title> 
		<p>Use the APIs provided with the Browser TVSDK directly to code your
		  video player. The SDK provides you with frameworks and utilities, as well as a
		  reference player to work from. 
		  <note type="tip">To see this working in a reference player, do not
			 specify any attributes with 
			 <codeph>videoDiv</codeph>. 
		  </note> 
		</p> 
	 </section> 
	 <section id="section_AE02384CFEF64A448C108232AB62A9FF"> 
		<title>Using the UI framework</title> 
		<p>This module is used to create instances of the player, where each
		  instance is bound to a document object model (DOM) element that is provided by
		  the caller. In addition to having an instance of the Browser TVSDK, each player
		  instance hosts a number of controls that make up the user interface for the
		  player. 
		</p> 
		<p>The implementation of each control consist of two aspects: 
		<ul id="ul_F6ABFD0CBE0341D3A8A63006739A9BCD"> 
		  <li id="li_5CE8EEA398394FBDB4ABBF453ECBF691">An 
			 <codeph>HTMLElement</codeph>, which is the visual representation of
			 the component on the screen 
		  </li> 
		  <li id="li_EA9ED10F882449E89B6C1D9D19C8ADEA"> A 
			 <codeph>Behavior</codeph>, which manages the 
			 <codeph>HTMLElement</codeph> and provides an API for interactions 
		  </li> 
		</ul> 
		</p> 
		<p>The details about these controls are provided to the 
		  <codeph>VideoPlayer</codeph> by using a config object, which is passed
		  to the player at its instantiation. By default, each component forms a
		  hierarchy of objects, with the element being provided to the player instance at
		  the root of the tree. As each component is created, it is added to the DOM at
		  the appropriate location. 
		</p> 
		<p>Each component has a name, which is its key in the config object when
		  the object is registered. The CSS class of the underlying DOM element is formed
		  as a 
		  <codeph>vp-</codeph> prefix that is added to the component name. 
		</p> 
		<p>Components might be extended or replaced, their configuration can be
		  altered, and initial properties set. This allows you to have broader control
		  over API properties, the CSS class name and, optionally, aspects of the
		  component implementation. These options can be used to customize functionality
		  and allow multiple instances of a component that can be styled or individually
		  configured. 
		</p> 
		<p>All component instances can be accessed with the 
		  <codeph>.behaviors</codeph> property. Instances can be enabled and
		  disabled and shown or hidden. But once the instances are created, these
		  instances cannot be removed. 
		</p> 
	 </section> 
  </conbody> 
</concept> 
