<?xml version="1.0"?>
<!DOCTYPE concept PUBLIC "-//OASIS//DTD DITA Concept//EN" "concept.dtd">
<!-- Created with XMetaL (http://www.xmetal.com) -->
<concept id="vast-ads"> 
  <title>VAST ads</title> 
  <shortdesc>When Browser TVSDK requests an ad that is not on your primary ad
	 server, the player needs to request the ad from the secondary server. Video Ad
	 Serving Template (VAST) sets the standard of communication between ad servers
	 and video players and is the response that is sent by the secondary ad server
	 when the ad is requested. 
  </shortdesc> 
  <conbody> 
	 <p>For more information about VAST, see 
		<xref href="http://www.iab.com/wp-content/uploads/2015/06/VASTv3_0.pdf"
		 format="http" scope="external">Digital Video Ad Serving Template (VAST)
		  3.0</xref>. 
	 </p> 
	 <p> Browser TVSDK supports the following VAST ad elements: 
	 </p> 
	 <section id="section_11B8A1A8F52F4F77981C6AAC02185087"> 
		<title>wrapper and inline ads</title> 
		<p>The following elements are supported: 
		<ul id="ul_4F86DCD7E10B4C12A481326032BA1E72"> 
		  <li
			id="li_008D2AB45ED545328C66D5DB51D3BF1A"><b><codeph>wrapper</codeph></b> 
			 <p>When the player needs to contact a secondary ad server to request
				an ad, the wrapper element provides the redirect information. One wrapper
				element can point to several wrappers that ultimately point to a VAST ad. 
			 </p> 
		  </li> 
		  <li
			id="li_D62215A4D6174D85B3352966F4BE9D5E"><b><codeph>inline</codeph></b> 
			 <p>The following required elements are supported: 
			 <ul id="ul_F129942148C04000B19633003FB98C44"> 
				<li
				 id="li_A0B37182CE8D4033AFFF0EF0EAF6E258"><codeph>AdSystem</codeph> 
				</li> 
				<li
				 id="li_BB9CCA0711334352ABAD213018CA0BED"><codeph>AdTitle</codeph> 
				</li> 
				<li
				 id="li_F02AB5639A36494DAA4F844D9E80900A"><codeph>Impression</codeph> 
				</li> 
			 </ul> 
			 </p> 
			 <p>The following optional elements are supported: 
			 <ul id="ul_B4BF02C9922D4698A0FBBEBFD22F5F96"> 
				<li
				 id="li_8383F6BBA6A44316B14C5FF66BA0F37C"><codeph>Description</codeph> 
				</li> 
				<li
				 id="li_6723A62BFFB84F0BA3F479ABA4704C64"><codeph>Survey</codeph> 
				</li> 
				<li id="li_A2B47EAB07594AA09F3E594BE54DD769"><codeph>Error</codeph>
				  
				</li> 
			 </ul> 
			 </p> 
		  </li> 
		</ul> 
		</p> 
	 </section> 
	 <section id="section_0121F948CB074E49A8132D202786CAA4"> 
		<title>Creatives</title> 
		<p>This element is a file that is a part of a VAST ad and contains a 
		  <codeph>creative</codeph> element that can support a linear ad, a
		  non-linear ad, or a companion ad. In the 
		  <codeph>creative</codeph> element, the 
		  <codeph>id</codeph>, 
		  <codeph>sequence</codeph>, and 
		  <codeph>adId</codeph> elements are supported. 
		</p> 
		<p>Here is more information about the ad types: 
		<ul id="ul_C96AAD4887634B38854FDA1B55A9AB98"> 
		  <li id="li_E5DB1301DB234E749B05993807E78431"><b>Linear ads</b> 
			 <p>The following elements are supported: 
			 <ul id="ul_90A5171B981648D8B9270BBC4B68989C"> 
				<li
				 id="li_90F3249537424E4198F619D4FE90CCCC"><codeph>TrackingEvent</codeph>, which
				  contains the 
				  <codeph>Tracking</codeph> element. 
				</li> 
				<li
				 id="li_FBE06E80AC1A4DD6B6524F3660733A50"><codeph>Duration</codeph> 
				</li> 
				<li
				 id="li_97B2BE52AA384DAA8E4AC36F245889DC"><codeph>AdParameters</codeph> 
				</li> 
				<li
				 id="li_3B35DDD0E6C940CBB293AC3B8991D43D"><codeph>VideoClicks</codeph>,
				  including the following: 
				  <ul id="ul_3AF052AE33DC480795A44577507D9AA2"> 
					 <li
					  id="li_8009835D63C743F3BF963FE8C06C3578"><codeph>ClickThrough</codeph> 
					 </li> 
					 <li
					  id="li_13F0298D51904A948C888DFE03DBAA60"><codeph>ClickTracking</codeph> 
					 </li> 
					 <li
					  id="li_E6E4B4B43E574C7DBA6A3EB63FE043AB"><codeph>CustomClick</codeph> 
					 </li> 
				  </ul> 
				</li> 
				<li
				 id="li_905ED7EE7DA14346B980EF90F8A75110"><codeph>MediaFiles</codeph> 
				  <ul id="ul_690875813FCA4D08B876DA66E984A276"> 
					 <li
					  id="li_25500526FE3149888EDF688B06BC9C83"><codeph>MediaFile</codeph> 
						<note type="tip">In this element, the 
						  <codeph>id</codeph>, 
						  <codeph>bitrate</codeph>, 
						  <codeph>delivery</codeph>, 
						  <codeph>width</codeph>, 
						  <codeph>height</codeph>, 
						  <codeph>scalable</codeph>, 
						  <codeph>maintainAspectRatio</codeph>, 
						  <codeph>apiFramework</codeph>, and 
						  <codeph>type</codeph> attributes are supported. 
						</note> 
					 </li> 
				  </ul> 
				</li> 
			 </ul> 
			 </p> 
		  </li> 
		  <li id="li_9087929ABA304761B9EAA86CB68B0980"><b>Non-Linear ads</b> 
			 <p>The following elements are supported: 
			 <ul id="ul_072BCB1A89FD411EA959ECF2FB80412D"> 
				<li
				 id="li_87906D46CB2142DDB2E72EDA272A129F"><codeph>Non-linear</codeph> 
				  <note type="tip">In this element, the 
					 <codeph>id</codeph>, 
					 <codeph>width</codeph>, 
					 <codeph>height</codeph>, 
					 <codeph>apiFramework</codeph>, 
					 <codeph>expandedWidth</codeph>, 
					 <codeph>expandedHeight</codeph>, 
					 <codeph>scalable</codeph>, 
					 <codeph>maintainAspectRatio</codeph>, and 
					 <codeph>minSuggestedDuration</codeph> attributes are supported.
					 
				  </note> 
				  <ul id="ul_5AB5FE20AC27402AA18DB00360ED8CEF"> 
					 <li
					  id="li_A02DE1EBE4FA4D1D9EA826373A4F4133"><codeph>StaticResource</codeph> 
					 </li> 
					 <li
					  id="li_888E4C3D18634AFE99D7DBE17BC5AE71"><codeph>IFrameResource</codeph> 
					 </li> 
					 <li
					  id="li_4E72A8DB480646FF972634D1AF0D679C"><codeph>HTMLResource</codeph> 
					 </li> 
					 <li
					  id="li_7476EC962834421A8213A976FC3390BA"><codeph>NonLinearClickThrough</codeph>
						
					 </li> 
					 <li
					  id="li_BA9C1B5B25934E22885304FB563B2069"><codeph>AdParameters</codeph> 
					 </li> 
				  </ul> 
				</li> 
			 </ul> 
			 </p> 
		  </li> 
		  <li id="li_C279D4FE77F04B00A75492B4B2369A33"><b>Companion ads</b> 
			 <p>The following elements are supported: 
			 <ul id="ul_B1923871AA2F486D8198514C024E80C3"> 
				<li
				 id="li_05FAC798D88C4B7B8CC63ED52C06E062"><codeph>Companion</codeph> 
				  <note type="tip">In this element, the 
					 <codeph>id</codeph>, 
					 <codeph>width</codeph>, 
					 <codeph>height</codeph>, 
					 <codeph>apiFramework</codeph>, 
					 <codeph>expandedWidth</codeph>, and 
					 <codeph>expandedHeight</codeph> attributes are supported. 
				  </note> 
				  <ul id="ul_404113729A814F138D8F72E5EFAC5963"> 
					 <li
					  id="li_C2EB79475A0A4D7795578527DBDFF99C"><codeph>StaticResource</codeph> 
					 </li> 
					 <li
					  id="li_B3D8AC7A77BE454C9792F409FFF97EFB"><codeph>IFrameResource</codeph> 
					 </li> 
					 <li
					  id="li_8FFDFB904FFC4C7AB173D777096D3C20"><codeph>HTMLResource</codeph> 
					 </li> 
					 <li
					  id="li_BCE2F54810154A90BCA7B64CFCC5807B"><codeph>TrackingEvents</codeph> 
					 </li> 
				  </ul> 
				</li> 
			 </ul> 
			 </p> 
		  </li> 
		</ul> 
		</p> 
	 </section> 
	 <section id="section_17401C75F419453BAE83637EEB6E1E60"> 
		<title>Extensions</title> 
		<p> 
		  <note type="tip">Only Auditude-specific extensions are supported. 
		  </note> 
		<ul id="ul_93073FACC38E44828615D02225270574"> 
		  <li id="li_7F618A5EAB374211A3A5E54B3D204699"><codeph>Extension</codeph>
			 
		  </li> 
		</ul> 
		</p> 
	 </section> 
  </conbody> 
</concept> 
