<?xml version="1.0"?>
<!DOCTYPE concept PUBLIC "-//OASIS//DTD DITA Concept//EN" "concept.dtd">
<concept id="c_psdk_new-features_browser-tvsdk-dash"> 
  <title>Supported DASH features</title> 
  <shortdesc>Browser TVSDK supports a number of DASH features that you can
	 implement to add functionality to your video applications. 
  </shortdesc> 
  <conbody> 
	 <ul id="ul_6377597198FE4D0F8C4124B6B905E766"> 
		<li id="li_1D1F81EE5662402BB257D2CA855ECD2B"><xref scope="local"
		  format="dita"
		  href="c_psdk_browser_tvsdk_2.4_new-features-C-dash.xml#c_psdk_new-features_browser-tvsdk-dash/table_frb_p2g_xx">DASH
			 Core playback features</xref> 
		</li> 
		<li id="li_8CC70A3CE1304E01BAB9A8AF4146CC4D"><xref scope="local"
		  format="dita"
		  href="c_psdk_browser_tvsdk_2.4_new-features-C-dash.xml#c_psdk_new-features_browser-tvsdk-dash/table_grb_p2g_xx">DASH
			 Advanced playback features</xref> 
		</li> 
		<li id="li_8613C63CE3114CBE8B34A46C6F5301B6"><xref scope="local"
		  format="dita"
		  href="c_psdk_browser_tvsdk_2.4_new-features-C-dash.xml#c_psdk_new-features_browser-tvsdk-dash/table_hrb_p2g_xx">DASH
			 Content protection features</xref> 
		</li> 
		<li id="li_0B250A6F94F04310801D1D5ADDED61A3"><xref scope="local"
		  format="dita"
		  href="c_psdk_browser_tvsdk_2.4_new-features-C-dash.xml#c_psdk_new-features_browser-tvsdk-dash/table_jrb_p2g_xx">DASH
			 Core ad insertion features</xref> 
		</li> 
		<li id="li_4E5C19933E264DD8BBC98C3C8E40A697"><xref scope="local"
		  format="dita"
		  href="c_psdk_browser_tvsdk_2.4_new-features-C-dash.xml#c_psdk_new-features_browser-tvsdk-dash/table_krb_p2g_xx">DASH
			 Advanced ad insertion features</xref> 
		</li> 
		<li id="li_FE7B1D82E0514869A5E3DB97236E8307"><xref scope="local"
		  format="dita"
		  href="c_psdk_browser_tvsdk_2.4_new-features-C-dash.xml#c_psdk_new-features_browser-tvsdk-dash/table_lrb_p2g_xx">DASH
			 Integrations</xref> 
		</li> 
	 </ul> 
	 <note type="tip">In the feature matrix tables below, 
		<image href="images/supported15.png"
		 id="image_17D5D01E72E64DA2AE5130BE2DF9AED4"/> means that the feature is
		supported in the current release. 
	 </note> 
	 <section id="section_erb_p2g_xx"> 
		<p>The following features are supported: 
		<table id="table_frb_p2g_xx"> 
		<title>DASH core playback features</title> 
		<tgroup cols="4"> 
		  <colspec colnum="1" colname="col1" colwidth="1.12*"/> 
		  <colspec colnum="2" colname="col2" colwidth="1.00*"/> 
		  <colspec colnum="3" colname="col3" colwidth="1.12*"/> 
		  <colspec colnum="4" colname="col6" colwidth="1.30*"/> 
		  <thead> 
			 <row> 
				<entry colname="col1">Category 
				</entry> 
				<entry colname="col2">Content type 
				</entry> 
				<entry colname="col3">Feature 
				</entry> 
				<entry colname="col6" align="center"> 
				  <lines>HTML5
									FF, IE, Chrome, Android Chrome</lines> 
				</entry> 
			 </row> 
		  </thead> 
		  <tbody> 
			 <row> 
				<entry colname="col1">Playback 
				</entry> 
				<entry colname="col2">VOD + Live 
				</entry> 
				<entry colname="col3">General playback (Play, Pause, Seek) 
				</entry> 
				<entry colname="col6" valign="middle" align="center"><image
				  href="images/supported15.png" id="image_9C16B08C5D6449F380D00D53BE74F6A1"/> 
				</entry> 
			 </row> 
			 <row> 
				<entry colname="col1">Playback 
				</entry> 
				<entry colname="col2">FER VOD 
				</entry> 
				<entry colname="col3">General playback (Play, Pause, Seek) 
				</entry> 
				<entry colname="col6" valign="middle" align="center">Not Supported 
				</entry> 
			 </row> 
			 <row> 
				<entry colname="col1">Playback 
				</entry> 
				<entry colname="col2">VOD + Live 
				</entry> 
				<entry colname="col3">Adaptive bit rate 
				</entry> 
				<entry colname="col6" valign="middle" align="center"><image
				  href="images/supported15.png" id="image_6FBFCB5BDBB8473EB6A7EE94D18FB0CA"/> 
				</entry> 
			 </row> 
			 <row> 
				<entry colname="col1">Playback 
				</entry> 
				<entry colname="col2">VOD + Live 
				</entry> 
				<entry colname="col3">608/708 captions 
				</entry> 
				<entry colname="col6" valign="middle" align="center"><image
				  href="images/supported15.png" id="image_7F53A1DD66CE4A468BF5EC457A89EE98"/> 
				</entry> 
			 </row> 
			 <row> 
				<entry colname="col1">Playback 
				</entry> 
				<entry colname="col2">VOD + Live 
				</entry> 
				<entry colname="col3">WebVTT 
				</entry> 
				<entry colname="col6" valign="middle" align="center">VOD only 
				</entry> 
			 </row> 
			 <row> 
				<entry colname="col1">Playback 
				</entry> 
				<entry colname="col2">VOD + Live 
				</entry> 
				<entry colname="col3">Failover 
				</entry> 
				<entry colname="col6" align="center" valign="middle">VOD only 
				</entry> 
			 </row> 
			 <row> 
				<entry colname="col1">Playback 
				</entry> 
				<entry colname="col2">VOD + Live 
				</entry> 
				<entry colname="col3">QoS and Player notifications 
				</entry> 
				<entry colname="col6" align="center" valign="middle"><image
				  href="images/supported15.png" id="image_E3DF0B3DC9034CE79BEE727216564FD1"/> 
				</entry> 
			 </row> 
			 <row> 
				<entry colname="col1">Playback 
				</entry> 
				<entry colname="col2">VOD + Live 
				</entry> 
				<entry colname="col3">Support for cookie headers 
				</entry> 
				<entry colname="col6" align="center" valign="middle"><image
				  href="images/supported15.png" id="image_E2B9969636764E2885544A0270CFD311"/> 
				</entry> 
			 </row> 
			 <row> 
				<entry colname="col1">Playback 
				</entry> 
				<entry colname="col2">VOD + Live 
				</entry> 
				<entry colname="col3">Setting buffer control parameters 
				</entry> 
				<entry colname="col6" align="center" valign="middle"><image
				  href="images/supported15.png" id="image_09420855EB3A4CA5AD11D0EEDB1ACA40"/> 
				</entry> 
			 </row> 
			 <row> 
				<entry colname="col1">Playback 
				</entry> 
				<entry colname="col2">VOD + Live 
				</entry> 
				<entry colname="col3">Set adaptive bit rate controls 
				</entry> 
				<entry colname="col6" align="center" valign="middle"><image
				  href="images/supported15.png" id="image_DF151A47DCD54C5287BB5935298E321B"/> 
				</entry> 
			 </row> 
			 <row> 
				<entry colname="col1">Playback 
				</entry> 
				<entry colname="col2">VOD + Live 
				</entry> 
				<entry colname="col3">Custom tags (EventStream) 
				</entry> 
				<entry colname="col6" align="center" valign="middle">VOD only
				  (Inline) 
				</entry> 
			 </row> 
			 <row> 
				<entry colname="col1">Playback 
				</entry> 
				<entry colname="col2">VOD + Live 
				</entry> 
				<entry colname="col3">Late-binding audio 
				</entry> 
				<entry colname="col6" align="center" valign="middle">VOD only 
				</entry> 
			 </row> 
			 <row> 
				<entry colname="col1">Playback 
				</entry> 
				<entry colname="col2">VOD + Live 
				</entry> 
				<entry colname="col3">302 redirect 
				</entry> 
				<entry colname="col6" align="center" valign="middle">VOD only 
				</entry> 
			 </row> 
		  </tbody> 
		</tgroup> 
		</table> 
		<table id="table_grb_p2g_xx"> 
		<title>DASH advanced playback features</title> 
		<tgroup cols="4"> 
		  <colspec colnum="1" colname="col1" colwidth="1.13*"/> 
		  <colspec colnum="2" colname="col2" colwidth="1.00*"/> 
		  <colspec colnum="3" colname="col3" colwidth="1.10*"/> 
		  <colspec colnum="4" colname="col6" colwidth="1.29*"/> 
		  <thead> 
			 <row> 
				<entry colname="col1">Category 
				</entry> 
				<entry colname="col2">Content type 
				</entry> 
				<entry colname="col3">Feature 
				</entry> 
				<entry colname="col6" align="center"> 
				  <lines>HTML5
									FF, IE, Chrome, Android Chrome</lines> 
				</entry> 
			 </row> 
		  </thead> 
		  <tbody> 
			 <row> 
				<entry colname="col1">Playback 
				</entry> 
				<entry colname="col2">VOD 
				</entry> 
				<entry colname="col3">Playback at offset 
				</entry> 
				<entry colname="col6" align="center" valign="middle"><image
				  href="images/supported15.png" id="image_5628BB94D5134273A00A02E13BFBA3C7"/> 
				</entry> 
			 </row> 
			 <row> 
				<entry colname="col1">Playback 
				</entry> 
				<entry colname="col2">VOD 
				</entry> 
				<entry colname="col3">Audio-only playback 
				</entry> 
				<entry colname="col6" align="center" valign="middle"><image
				  href="images/supported15.png" id="image_4B3C0A6016CF43C3AC13624D7133C635"/> 
				</entry> 
			 </row> 
			 <row> 
				<entry colname="col1">Playback 
				</entry> 
				<entry colname="col2">VOD 
				</entry> 
				<entry colname="col3">Trick play 
				</entry> 
				<entry colname="col6" align="center" valign="middle"><image
				  href="images/supported15.png" id="image_2FCA8E21FD594390B1BA4C779C8B9506"/> 
				</entry> 
			 </row> 
			 <row> 
				<entry colname="col1">Playback 
				</entry> 
				<entry colname="col2">VOD 
				</entry> 
				<entry colname="col3">Smooth Trick Play 
				</entry> 
				<entry colname="col6" align="center" valign="middle"><image
				  href="images/supported15.png" id="image_38BCF79A13114BB081369AA460704FD0"/> 
				</entry> 
			 </row> 
			 <row> 
				<entry colname="col1">Playback 
				</entry> 
				<entry colname="col2">VOD + Live 
				</entry> 
				<entry colname="col3">ID3 parsing 
				</entry> 
				<entry colname="col6" align="center" valign="middle">Not Supported 
				</entry> 
			 </row> 
			 <row> 
				<entry colname="col1">Playback 
				</entry> 
				<entry colname="col2">VOD 
				</entry> 
				<entry colname="col3">Multi-period support 
				</entry> 
				<entry colname="col6" align="center" valign="middle">VOD only 
				</entry> 
			 </row> 
			 <row> 
				<entry colname="col1">Playback 
				</entry> 
				<entry colname="col2">VOD + Live 
				</entry> 
				<entry colname="col3">Tokenized streams 
				</entry> 
				<entry colname="col6" align="center" valign="middle">Not Supported 
				</entry> 
			 </row> 
			 <row> 
				<entry colname="col1">Playback 
				</entry> 
				<entry colname="col2">VOD + Live 
				</entry> 
				<entry colname="col3">Billing 
				</entry> 
				<entry colname="col6" align="center" valign="middle"><image
				  href="images/supported15.png" id="image_C1240E46ED6E4616B5B883479691A004"/> 
				</entry> 
			 </row> 
			 <row> 
				<entry colname="col1">Playback 
				</entry> 
				<entry colname="col2">VOD + Live 
				</entry> 
				<entry colname="col3">Browserify 
				</entry> 
				<entry colname="col6" align="center" valign="middle"><image
				  href="images/supported15.png" id="image_7ADFE242E48B4E18A5D674A1BAF4914A"/> 
				</entry> 
			 </row> 
		  </tbody> 
		</tgroup> 
		</table> 
		<table id="table_hrb_p2g_xx"> 
		<title>DASH content protection features</title> 
		<tgroup cols="4"> 
		  <colspec colnum="1" colname="col1" colwidth="1.16*"/> 
		  <colspec colnum="2" colname="col2" colwidth="1.16*"/> 
		  <colspec colnum="3" colname="col3" colwidth="1.18*"/> 
		  <colspec colnum="4" colname="col6" colwidth="1.39*"/> 
		  <thead> 
			 <row> 
				<entry colname="col1">Category 
				</entry> 
				<entry colname="col2">Content type 
				</entry> 
				<entry colname="col3">Feature 
				</entry> 
				<entry colname="col6" align="center"> 
				  <lines>HTML5
									FF, IE, Chrome, Android Chrome</lines> 
				</entry> 
			 </row> 
		  </thead> 
		  <tbody> 
			 <row> 
				<entry colname="col1">Content Protection 
				</entry> 
				<entry colname="col2">VOD + Live 
				</entry> 
				<entry colname="col3">AES-128 
				</entry> 
				<entry colname="col6" valign="middle" align="center">Not Supported 
				</entry> 
			 </row> 
			 <row> 
				<entry colname="col1">Content Protection 
				</entry> 
				<entry colname="col2">VOD + Live 
				</entry> 
				<entry colname="col3">Sample-AES 
				</entry> 
				<entry colname="col6" align="center" valign="middle">Not Supported 
				</entry> 
			 </row> 
			 <row> 
				<entry colname="col1">Content Protection 
				</entry> 
				<entry colname="col2">VOD 
				</entry> 
				<entry colname="col3">DRM 
				</entry> 
				<entry colname="col6"> 
				  <ul id="ul_irb_p2g_xx"> 
					 <li id="li_C4643F2978BC4C8ABDB3E6C72C75A468">Widevine on 
						<ul id="ul_7047EA49AA3F40FE8F90E0ED6C028D83"> 
						  <li id="li_B575735388D74D789D56BF373A470A6D">Chrome 
						  </li> 
						  <li id="li_855146E4AC3A48E69B65F0022E1C0156">Firefox 47+ 
						  </li> 
						  <li id="li_BC06B0A6EAAC4FC991C713775A8BB4DA">Chromecast 
						  </li> 
						</ul> 
					 </li> 
					 <li id="li_D48B51C2208F423CB85D08886C2E1C66">PlayReady on
						Internet Explorer on Windows 8.1 and Edge 
					 </li> 
					 <li id="li_2786AC19387241A296E015EE6FD07F2D">Adobe Access for
						Windows Firefox (video only) 
					 </li> 
				  </ul> 
				</entry> 
			 </row> 
		  </tbody> 
		</tgroup> 
		</table> 
		<table id="table_jrb_p2g_xx"> 
		<title>DASH core ad insertion features (CSAI)</title> 
		<tgroup cols="4"> 
		  <colspec colnum="1" colname="col1" colwidth="*"/> 
		  <colspec colnum="2" colname="col2" colwidth="*"/> 
		  <colspec colnum="3" colname="col3" colwidth="*"/> 
		  <colspec colnum="4" colname="col6" colwidth="*"/> 
		  <thead> 
			 <row> 
				<entry colname="col1">Category 
				</entry> 
				<entry colname="col2">Content type 
				</entry> 
				<entry colname="col3">Feature 
				</entry> 
				<entry colname="col6" align="center"> 
				  <lines>HTML5
									FF, IE, Chrome, Android Chrome</lines> 
				</entry> 
			 </row> 
		  </thead> 
		  <tbody> 
			 <row> 
				<entry colname="col1">Ad Insertion 
				</entry> 
				<entry colname="col2">VOD + Live 
				</entry> 
				<entry colname="col3">Pre-roll 
				</entry> 
				<entry colname="col6" align="center" valign="middle">VOD only 
				</entry> 
			 </row> 
			 <row> 
				<entry colname="col1">Ad Insertion 
				</entry> 
				<entry colname="col2">VOD + Live 
				</entry> 
				<entry colname="col3">Mid-roll 
				</entry> 
				<entry colname="col6" align="center" valign="middle">VOD only 
				</entry> 
			 </row> 
			 <row> 
				<entry colname="col1">Ad Insertion 
				</entry> 
				<entry colname="col2">VOD + Live 
				</entry> 
				<entry colname="col3">Post-roll 
				</entry> 
				<entry colname="col6" align="center" valign="middle">VOD only 
				</entry> 
			 </row> 
			 <row> 
				<entry colname="col1">Ad Insertion 
				</entry> 
				<entry colname="col2">FER VOD 
				</entry> 
				<entry colname="col3">Ad Resolution and Behaviors 
				</entry> 
				<entry colname="col6" align="center" valign="middle">Not Supported 
				</entry> 
			 </row> 
			 <row> 
				<entry colname="col1">Ad Insertion 
				</entry> 
				<entry colname="col2">VOD + Live 
				</entry> 
				<entry colname="col3">Default ad policy 
				</entry> 
				<entry colname="col6" align="center" valign="middle">VOD only 
				</entry> 
			 </row> 
			 <row> 
				<entry colname="col1">Ad Insertion 
				</entry> 
				<entry colname="col2">VOD + Live 
				</entry> 
				<entry colname="col3">VAST 2.0/3.0 
				</entry> 
				<entry colname="col6" align="center" valign="middle">VOD only 
				</entry> 
			 </row> 
			 <row> 
				<entry colname="col1">Ad Insertion 
				</entry> 
				<entry colname="col2">VOD + Live 
				</entry> 
				<entry colname="col3">VMAP 1.0 
				</entry> 
				<entry colname="col6" align="center" valign="middle">VOD only 
				</entry> 
			 </row> 
			 <row> 
				<entry colname="col1">Ad Insertion 
				</entry> 
				<entry colname="col2">VOD + Live 
				</entry> 
				<entry colname="col3">CRS v3.1 
				</entry> 
				<entry colname="col6" align="center" valign="middle">VOD only 
				</entry> 
			 </row> 
		  </tbody> 
		</tgroup> 
		</table> 
		<table id="table_krb_p2g_xx"> 
		<title>DASH advanced ad insertion features (CSAI)</title> 
		<tgroup cols="4"> 
		  <colspec colnum="1" colname="col1" colwidth="*"/> 
		  <colspec colnum="2" colname="col2" colwidth="*"/> 
		  <colspec colnum="3" colname="col3" colwidth="*"/> 
		  <colspec colnum="4" colname="col6" colwidth="*"/> 
		  <thead> 
			 <row> 
				<entry colname="col1">Category 
				</entry> 
				<entry colname="col2">Content type 
				</entry> 
				<entry colname="col3">Feature 
				</entry> 
				<entry colname="col6" align="center"> 
				  <lines>HTML5
									FF, IE, Chrome, Android Chrome</lines> 
				</entry> 
			 </row> 
		  </thead> 
		  <tbody> 
			 <row> 
				<entry colname="col1">Ad Insertion 
				</entry> 
				<entry colname="col2">VOD 
				</entry> 
				<entry colname="col3">Ad only 
				</entry> 
				<entry colname="col6" valign="middle" align="center">Not Supported 
				</entry> 
			 </row> 
			 <row> 
				<entry colname="col1">Ad Insertion 
				</entry> 
				<entry colname="col2">VOD 
				</entry> 
				<entry colname="col3">Targeting parameters 
				</entry> 
				<entry colname="col6" valign="middle" align="center">VOD only 
				</entry> 
			 </row> 
			 <row> 
				<entry colname="col1">Ad Insertion 
				</entry> 
				<entry colname="col2">VOD 
				</entry> 
				<entry colname="col3">Custom Parameters 
				</entry> 
				<entry colname="col6" valign="middle" align="center">VOD only 
				</entry> 
			 </row> 
			 <row> 
				<entry colname="col1">Ad Insertion 
				</entry> 
				<entry colname="col2">VOD + Live 
				</entry> 
				<entry colname="col3">Custom ad policy 
				</entry> 
				<entry colname="col6" valign="middle" align="center">Not Supported 
				</entry> 
			 </row> 
			 <row> 
				<entry colname="col1">Ad Insertion 
				</entry> 
				<entry colname="col2">VOD + Live 
				</entry> 
				<entry colname="col3">Lazy ad loading 
				</entry> 
				<entry colname="col6" valign="middle" align="center">Not Supported 
				</entry> 
			 </row> 
			 <row> 
				<entry colname="col1">Ad Insertion 
				</entry> 
				<entry colname="col2">VOD 
				</entry> 
				<entry colname="col3">Companion ads, banner ads, and clickable ads 
				</entry> 
				<entry colname="col6" valign="middle" align="center">Not Supported 
				</entry> 
			 </row> 
			 <row> 
				<entry colname="col1">Ad Insertion 
				</entry> 
				<entry colname="col2">VOD 
				</entry> 
				<entry colname="col3">VPAID 2.0 
				</entry> 
				<entry colname="col6" valign="middle" align="center">Not Supported 
				</entry> 
			 </row> 
		  </tbody> 
		</tgroup> 
		</table>
		<table id="table_3931B525B706455C8F84957019F3854E"> 
		<title>DASH integrations</title> 
		<tgroup cols="4"> 
		  <colspec colnum="1" colname="col1" colwidth="*"/> 
		  <colspec colnum="2" colname="col2" colwidth="*"/> 
		  <colspec colnum="3" colname="col3" colwidth="*"/> 
		  <colspec colnum="4" colname="col6" colwidth="*"/> 
		  <thead> 
			 <row> 
				<entry colname="col1">Category 
				</entry> 
				<entry colname="col2">Content type 
				</entry> 
				<entry colname="col3">Feature 
				</entry> 
				<entry colname="col6" align="center"> 
				  <lines>HTML5
									FF, IE, Chrome, Android Chrome</lines> 
				</entry> 
			 </row> 
		  </thead> 
		  <tbody> 
			 <row> 
				<entry colname="col1">Integrations 
				</entry> 
				<entry colname="col2">VOD + Live 
				</entry> 
				<entry colname="col3">Adobe Analytics VHL integration 
				</entry> 
				<entry colname="col6" valign="middle" align="center"><image
				  href="images/supported15.png" id="image_F198FD58D933482C96EE8E8AC3093B1A"/> 
				</entry> 
			 </row> 
			 <row> 
				<entry colname="col1">Integrations 
				</entry> 
				<entry colname="col2">VOD + Live 
				</entry> 
				<entry colname="col3">Billing 
				</entry> 
				<entry colname="col6" valign="middle" align="center"><image
				  href="images/supported15.png" id="image_5DF2A77CB8604B52A9CEB0D2349AD716"/> 
				</entry> 
			 </row> 
			 <row> 
				<entry colname="col1">Integrations 
				</entry> 
				<entry colname="col2">VOD + Live 
				</entry> 
				<entry colname="col3">Browserify 
				</entry> 
				<entry colname="col6" valign="middle" align="center"><image
				  href="images/supported15.png" id="image_DD9490220AED4FA7B9A0E96770B173C4"/> 
				</entry> 
			 </row> 
		  </tbody> 
		</tgroup> 
		</table> 
		<draft-comment>
		  <table id="table_lrb_p2g_xx"> 
		  <title>DASH integrations</title> 
		  <tgroup cols="4"> 
			 <colspec colnum="1" colname="col1" colwidth="*"/> 
			 <colspec colnum="2" colname="col2" colwidth="*"/> 
			 <colspec colnum="3" colname="col3" colwidth="*"/> 
			 <colspec colnum="4" colname="col6" colwidth="*"/> 
			 <thead> 
				<row> 
				  <entry colname="col1">Category 
				  </entry> 
				  <entry colname="col2">Content type 
				  </entry> 
				  <entry colname="col3">Feature 
				  </entry> 
				  <entry colname="col6" align="center"> 
					 <lines>HTML5
									FF, IE, Chrome, Android Chrome</lines> 
				  </entry> 
				</row> 
			 </thead> 
			 <tbody> 
				<row> 
				  <entry colname="col1">Integrations 
				  </entry> 
				  <entry colname="col2">VOD + Live 
				  </entry> 
				  <entry colname="col3">Adobe Analytics VHL integration 
				  </entry> 
				  <entry colname="col6" valign="middle" align="center"><image
					 href="images/supported15.png" id="image_14D9248BD1D8410E83AD27DB4AB3B6ED"/> 
				  </entry> 
				</row> 
				<row> 
				  <entry colname="col1">Integrations 
				  </entry> 
				  <entry colname="col2">VOD + Live 
				  </entry> 
				  <entry colname="col3">Nielsen support 
				  </entry> 
				  <entry colname="col6" valign="middle" align="center"><image
					 href="images/supported15.png" id="image_EFA853CB763446B3B37F2CF6BCC53EE1"/> 
				  </entry> 
				</row> 
				<row> 
				  <entry colname="col1">Integrations 
				  </entry> 
				  <entry colname="col2">VOD + Live 
				  </entry> 
				  <entry colname="col3">Billing 
				  </entry> 
				  <entry colname="col6" valign="middle" align="center"><image
					 href="images/supported15.png" id="image_B3A4E5937CEC4052977C08767219BC2B"/> 
				  </entry> 
				</row> 
				<row> 
				  <entry colname="col1">Integrations 
				  </entry> 
				  <entry colname="col2">VOD + Live 
				  </entry> 
				  <entry colname="col3">Browserify 
				  </entry> 
				  <entry colname="col6" valign="middle" align="center"><image
					 href="images/supported15.png" id="image_3330E81B86C84AD391AEBFDFE911A47F"/> 
				  </entry> 
				</row> 
			 </tbody> 
		  </tgroup> 
		  </table>
		</draft-comment> 
		</p> 
	 </section> 
  </conbody> 
</concept> 
