<?xml version="1.0"?>
<!DOCTYPE concept PUBLIC "-//OASIS//DTD DITA Concept//EN" "concept.dtd">
<concept id="force-flash-fallback"> 
  <title>Forcing the Flash fallback using the media source list</title> 
  <shortdesc>The 
	 <codeph>forceflash</codeph> flag in the source list forces Flash fallback
	 for a URL. For this URL, you can use Adobe Flash Player to play the content. 
  </shortdesc> 
  <conbody> 
	 <p>In the media source list (for example in the 
		<codeph>sources.js</codeph> file), you can set 
		<codeph>forceflash</codeph> to 
		<codeph>true</codeph>. For example: 
		<codeblock outputclass="syntax javascript">{ 
        "title":"Title of the item listed in the media source list",
        "description":"Description of the item listed in the media source list",
        "isLive":true,
        "content":[ 
            { 
                "format":"HLS",
                "url":"http://path_to_HLS_stream.m3u8"
            },
 
        ],
        "forceflash" : true
},</codeblock> 
	 </p> 
  </conbody> 
</concept> 
