<?xml version="1.0"?>
<!DOCTYPE concept PUBLIC "-//OASIS//DTD DITA Concept//EN" "concept.dtd">
<concept id="concept_AD185D73660D4F289AA89150DDC2CB53"> 
  <title>Custom skins</title> 
  <shortdesc>To use the custom skins, you must write the customization similar
	 to 
	 <codeph>default-video-controls.css</codeph> and refer to this new
	 customization in the player. 
  </shortdesc> 
  <conbody> 
	 <p>For example, you can use one of the following options: 
	 <ul id="ul_B80BA0CD1EF9423AA71DA621FDC0E449"> 
		<li id="li_F04246223D48426B894CF7BA2BA6707A"><codeph>&lt;link
			 rel="stylesheet" href="css/common_style.css"&gt;</codeph> 
		</li> 
		<li id="li_6906087F680447E18040341FA72AF52D"><codeph>&lt;link
			 rel="stylesheet" href="css/custom-video-controls1.css"&gt;</codeph> 
		</li> 
	 </ul> 
	 </p> 
	 <p>You can make the following types of changes: 
	 <ul id="ul_ED75AD0E9904475E8439F79786A2BDAA"> 
		<li id="li_63AAD857966645298DE3D9ABCA581060">Foreground color of buttons
		  and text 
		  <p>All the controls which have a foreground are using the 
			 <codeph>vid-skin-fgcolor</codeph> class. To change the foreground of
			 all the controls, iterate through all the elements with the 
			 <codeph>vid-skin-fgcolor</codeph> class and specify the desired
			 color. 
		  </p> 
		</li> 
		<li id="li_33E7E9DEF3DA4B1D9CD454050E0E2893">Background color of buttons
		  and text 
		  <p>All the controls that have a foreground are using the 
			 <codeph>vid-skin-bgcolor</codeph> class. To change the foreground of
			 all the controls, iterate through all the elements with 
			 <codeph>vid-skin-bgcolor</codeph> class and specify the desired
			 color. 
		  </p> 
		</li> 
		<li id="li_C31D39C74D4C4618987C934CA67176D4">Shape of play head 
		  <p>The play head can be square or round. To change the play head, add 
			 <codeph>square</codeph> or 
			 <codeph>round</codeph> class to 
			 <codeph>playhead</codeph> element. 
		  </p> 
		</li> 
		<li id="li_8ED774A6141B4E9EAD1C7B1D59078737">Style of the buffering
		  spinners 
		  <p>The reference player provides the following styles of spinners can
			 be displayed as the player buffers content: 
		  <ul id="ul_8E3C2CFE2CCA4ACA9CEF99BEAC0FB1E6"> 
			 <li id="li_AD29125108574A93B4B3CAD87FFF2F17">Overlay-text
				(<codeph>overlay-text</codeph>) 
			 </li> 
			 <li id="li_CED78EFBE5BB447C9596DEBC6FD63CCE">Rectangular Spinner
				(<codeph>spinner</codeph>) 
			 </li> 
			 <li id="li_09F0BD4B8E0F4E4C8DEE36A8A21D45C3">Signal
				(<codeph>signal</codeph>) 
			 </li> 
			 <li id="li_136423DEB2D1495588A9FE4E33EED6CE">Vertical Bars
				(<codeph>vertical</codeph>) 
				<note type="tip">To use any of the buffering spinners, you must add
				  the class in the buffering-overlay element. For example, to use 
				  <codeph>overlay-text</codeph>, add the following lines in the 
				  <codeph>BufferOverlay.js</codeph> file: 
				  <codeblock outputclass="syntax javascript">var overlay = document.getElementById("buffering-overlay");
overlay.classList.add ("spinner");</codeblock> 
				</note> 
			 </li> 
		  </ul>
		  </p> 
		</li> 
	 </ul> 
	 </p> 
  </conbody> 
</concept> 
