<?xml version="1.0" encoding="UTF-8"?>
<!DOCTYPE concept PUBLIC "-//OASIS//DTD DITA Concept//EN" "technicalContent/dtd/concept.dtd">
<concept id="c_psdk_android_live-linear-client-ad-resolving"
 xmlns:ditaarch="http://dita.oasis-open.org/architecture/2005/"> 
  <title>FER ad resolving and insertion</title> 
  <shortdesc>Full Event Replay (FER) content is a live stream converted to VOD
	 by adding the 
	 <codeph>#EXT-X-ENDLIST</codeph> tag to the end of the manifest file. The
	 stream retains its ad cue markers. 
  </shortdesc> 
  <conbody> 
	 <p>Browser TVSDK treats a FER stream as VOD, so by default the ad signaling
		mode is 
		<codeph>SERVER_MAP</codeph>. However, since the stream retains its ad cue
		markers, you can set the ad signaling mode to 
		<codeph>MANIFEST_CUES</codeph>, which lets you use the ad cue markers for
		ad insertion.
	 </p> 
	 <p>To turn on ad insertion using cue markers for a FER stream:
		<codeblock outputclass="syntax javascript">var config = new AdobePSDK.MediaPlayerItemConfig();
config.adSignalingMode = AdobePSDK.AdSignalingMode.MANIFEST_CUES;
player.replaceCurrentResource(mediaResource, config);</codeblock>
	 </p> 
	 <p>FER ad resolving and insertion behavior is similar to live ad resolving
		and insertion. Browser TVSDK does the following: 
	 <ol id="ol_eps_k2m_3y"> 
		<li id="li_2BD692200C084FB4891BDBC7E7A009C9">Inserts any pre-roll ads at
		  the beginning of the content. 
		</li> 
		<li id="li_FE8FE07035E246F98AB4E6ECF00A6502">Resolves ads specified by
		  the cue points defined in the manifest. 
		</li> 
		<li id="li_9A393ECF63634DCE90B5338BEBBD4235">Replaces parts of the main
		  content with ad breaks of the same duration 
		</li> 
		<li id="li_DC9A76253F424EDAAA4F18190E4B90B7">Re-computes the virtual
		  timeline, if necessary.
		</li> 
	 </ol>
	 </p> 
	 <p><b>Restriction:</b> Browser TVSDK supports only HLS FER streams
		playback. Also, MP4 mid-roll ads are not supported with FER streams.
	 </p> 
  </conbody> 
</concept> 
