<?xml version="1.0"?>
<!DOCTYPE concept PUBLIC "-//OASIS//DTD DITA Concept//EN" "concept.dtd">
<concept id="c_psdk_class-summary"> 
  <title>Primetime player classes summary</title> 
  <shortdesc>You can use the Primetime Player API to customize the behavior of
	 the player. 
  </shortdesc> 
  <conbody> 
	 <p>To see the complete API documentation for Browser TVSDK, go to the 
		<xref keyref="api-toplevel" format="http" scope="external"
		 href="http://help.adobe.com/en_US/primetime/api/index.html#api-Adobe_Primetime_API_References">Adobe
		  Primetime API References</xref>. 
	 </p> 
  </conbody> 
</concept> 
