<?xml version="1.0"?>
<!DOCTYPE concept PUBLIC "-//OASIS//DTD DITA Concept//EN" "concept.dtd">
<concept id="c_events_order_ad_playback"> 
  <title>Order of advertising events</title> 
  <shortdesc>When your playback includes advertising, Browser TVSDK dispatches
	 events/notifications in generally expected sequences. Your player can implement
	 actions based on events in the expected sequence. 
  </shortdesc> 
  <conbody> 
	 <section id="section_69E3CCBC57BB48399799876E83908348"> 
		<p>When playing ads, the order of events is: 
		<ul id="ul_40507836020B435FA4AF09BC0504CE92"> 
		  <li
			id="li_8FEEEE0AD6B24525AC2B0EC488768173"><codeph>AdobePSDK.PSDKEventType.AD_BREAK_STARTED</codeph>
		  </li> 
		  <li id="li_34FAE1D2E01A4324890C9FEDF72B2471">The following are
			 dispatched for every ad in the ad break: 
			 <ul id="ul_AC90C59957374A448C5B13417C3ABBB6"> 
				<li
				 id="li_C0BE6C3BEA6C44FDAB2F12BFDDE36F7F"><codeph>AdobePSDK.PSDKEventType.AD_STARTED</codeph>
				</li> 
				<li
				 id="li_7B629FB4C6984E12BBA6E22BBBBE1095"><codeph>AdobePSDK.PSDKEventType.AD_PROGRESS</codeph>
				  (multiple times during an ad's playback) 
				</li> 
				<li
				id="li_81A8A1C39F3549F899891CA2537B44C2"><codeph>AdobePSDK.PSDKEventType.AD_COMPLETED</codeph>
				</li> 
			 </ul> 
		  </li> 
		  <li
		  id="li_8E437FF7EDEC4F5ABAB243193ACCABD9"><codeph>AdobePSDK.PSDKEventType.AD_BREAK_COMPLETED</codeph>
		  </li> 
		</ul>
		</p> 
		<p>The following example shows a typical progression of ad playback
		  events: 
		</p> 
		<codeblock outputclass="syntax javascript">player.addEventListener(AdobePSDK.PSDKEventType.AD_BREAK_STARTED, onAdbreakStarted);
player.addEventListener(AdobePSDK.PSDKEventType.AD_STARTED, onAdStarted);
player.addEventListener(AdobePSDK.PSDKEventType.AD_PROGRESS, onAdProgress);
player.addEventListener(AdobePSDK.PSDKEventType.AD_COMPLETED, onAdCompleted);
player.addEventListener(AdobePSDK.PSDKEventType.AD_BREAK_COMPLETED, onAdbreakCompleted);</codeblock> 
	 </section> 
  </conbody> 
</concept> 
