<?xml version="1.0"?>
<!DOCTYPE concept PUBLIC "-//OASIS//DTD DITA Concept//EN" "concept.dtd">
<!-- Created with XMetaL (http://www.xmetal.com) -->
<concept id="concept_EE9A981AA25C4C4480C3CA63A0E6669E"> 
  <title>Skinning the player</title> 
  <shortdesc>You can use the following information to help you skin your
	 player. For each visual construct, the corresponding behaviors is mentioned in
	 default behavior. 
  </shortdesc> 
  <conbody> 
	 <note type="important">The skinning details in this document are for the
		default UI elements that are created by the UI framework. If your player
		modified these elements, the skinning elements also need to be changed. 
	 </note> 
	 <section id="section_99B0D598219D4150B57E97D5381B118F"> 
		<title>Container divs</title> 
		<p>Here are the styles for the container divs: 
		</p> 
		<note type="tip">These divs are listed in the 
		  <codeph>common-styles.css</codeph> file. 
		</note> 
		<p>Here are the styles for the main div: 
		<table id="table_AC5745DF725543ADBBCD68BA6130DF12"> 
		  <tgroup cols="2"><colspec colnum="1" colname="col1"
			 colwidth="*"/><colspec colnum="2" colname="col2" colwidth="*"/><thead> 
				<row> 
				  <entry colname="col1">Style 
				  </entry> 
				  <entry colname="col2">Description 
				  </entry> 
				</row></thead> 
			 <tbody> 
				<row> 
				  <entry namest="col1" nameend="col2"> 
					 <p><b>Main Div</b> 
					 </p> 
				  </entry> 
				</row> 
				<row> 
				  <entry colname="col1"><codeph>.ptp-main-video-div-style</codeph> 
				  </entry> 
				  <entry colname="col2"> 
					 <p>The style of the main div in which video plays. 
					 </p> 
				  </entry> 
				</row> 
				<row> 
				  <entry colname="col1"><codeph> .pip-mode-active</codeph> 
				  </entry> 
				  <entry colname="col2"> 
					 <p>Used when the PIP mode is active. 
					 </p> 
				  </entry> 
				</row>
				<row>
				  <entry namest="col1" nameend="col2">The default behavior is 
					 <codeph>videoBehavior</codeph>. 
				  </entry>
				</row> 
				<row> 
				  <entry namest="col1" nameend="col2"> 
					 <p><b>Picture in Picture (PIP)</b> 
					 </p> 
				  </entry> 
				</row> 
				<row> 
				  <entry colname="col1"><codeph>.ptp-pip-video-div</codeph> 
				  </entry> 
				  <entry colname="col2"> 
					 <p>The style of the div in which PIP video plays. 
					 </p> 
				  </entry> 
				</row> 
				<row> 
				  <entry colname="col1"><codeph>.view-as-main-video</codeph> 
				  </entry> 
				  <entry colname="col2"> 
					 <p>Applied to the initial PIP when it has been swapped and is
						displayed as the main video. 
					 </p> 
				  </entry> 
				</row> 
				<row> 
				  <entry namest="col1" nameend="col2"> 
					 <p><b>Multi-Video View</b> 
					 </p> 
				  </entry> 
				</row> 
				<row> 
				  <entry colname="col1"><codeph>.ptp-multi-view-container</codeph> 
				  </entry> 
				  <entry colname="col2"> 
					 <p>Is used in the multi-video view. 
					 </p> 
				  </entry> 
				</row> 
				<row> 
				  <entry colname="col1"><codeph>.ptp-multi-view-view</codeph> 
				  </entry> 
				  <entry colname="col2"> 
					 <p>A common css style that is placed on each video in the
						multiview. 
					 </p> 
				  </entry> 
				</row> 
				<row> 
				  <entry colname="col1"><codeph>.multiview</codeph> 
				  </entry> 
				  <entry colname="col2"> 
					 <p>When the container that houses each of the videos in
						multiview is in multiview. 
					 </p> 
				  </entry> 
				</row> 
			 </tbody> 
		  </tgroup> 
		</table> 
		</p> 
	 </section> 
	 <section id="section_E9E4A8E3AEBF4BDC89840B84B3B0E737"> 
		<title>Various Controls</title> 
		<note type="tip">These styles are listed in the 
		  <codeph>default-controls.css</codeph> file. 
		</note> 
		<table id="table_0ACB6BAB5DAD42DBBD18CA7C0385A261"> 
		  <desc>Here are the styles for generic player controls: 
		  </desc> 
		  <tgroup cols="2"><colspec colnum="1" colname="col1"
			 colwidth="*"/><colspec colnum="2" colname="col2" colwidth="*"/><thead> 
				<row> 
				  <entry colname="col1">Style 
				  </entry> 
				  <entry colname="col2">Description 
				  </entry> 
				</row></thead> 
			 <tbody> 
				<row> 
				  <entry colname="col1"><codeph>ptp-control</codeph> 
				  </entry> 
				  <entry colname="col2"> 
					 <p>Applicable to all the controls on the control bar except
						scrubber and space 
					 </p> 
				  </entry> 
				</row> 
				<row> 
				  <entry colname="col1"><codeph>ptp-input-slider</codeph> 
				  </entry> 
				  <entry colname="col2"> 
					 <p>Input sliders 
					 </p> 
				  </entry> 
				</row> 
				<row> 
				  <entry colname="col1"><codeph>ptp-panel-header</codeph> 
				  </entry> 
				  <entry colname="col2"> 
					 <p>Header of the panels 
					 </p> 
				  </entry> 
				</row> 
				<row> 
				  <entry
					colname="col1"><codeph>ptp-vertical-list-menu-item</codeph> 
				  </entry> 
				  <entry colname="col2"> 
					 <p>Menu list in vertical style 
					 </p> 
				  </entry> 
				</row> 
				<row> 
				  <entry colname="col1"><codeph>ptp-fill-spacer</codeph> 
				  </entry> 
				  <entry colname="col2"> 
					 <p>Space on control bar 
					 </p> 
				  </entry> 
				</row> 
				<row> 
				  <entry colname="col1"><codeph>ptp-hr-separator</codeph> 
				  </entry> 
				  <entry colname="col2"> 
					 <p>Horizontal rule separator 
					 </p> 
				  </entry> 
				</row> 
				<row> 
				  <entry colname="col1"><codeph>ptp-panel-title</codeph> 
				  </entry> 
				  <entry colname="col2"> 
					 <p>Title of the panels 
					 </p> 
				  </entry> 
				</row> 
				<row> 
				  <entry colname="col1"><codeph>ptp-panel-close-btn</codeph> 
				  </entry> 
				  <entry colname="col2"> 
					 <p>Button for closing the panel 
					 </p> 
				  </entry> 
				</row> 
				<row> 
				  <entry colname="col1"><codeph>ptp-button-background</codeph> 
				  </entry> 
				  <entry colname="col2"> 
					 <p>Background of all buttons 
					 </p> 
				  </entry> 
				</row> 
				<row> 
				  <entry colname="col1"><codeph>ptp-txt-control</codeph> 
				  </entry> 
				  <entry colname="col2"> 
					 <p>Default styles for text controls. 
					 </p> 
				  </entry> 
				</row> 
			 </tbody> 
		  </tgroup> 
		</table> 
	 </section> 
	 <section id="section_B683B51EC746484B9AA90CB481D637BD"> 
		<title>Control Bar</title> 
		<p> 
		  <fig id="fig_FF0E55A0FB6B4ED387DCDF9664340796"> 
			 <image href="images/control_bar.png"
			  id="image_F36F378FC6A14463ADAF97880E144770"></image> 
		  </fig> 
		</p> 
		<table id="table_681E13F264674F849FAA2523EB65F094"> 
		  <desc>Here are the styles for the control bar: 
		  </desc> 
		  <tgroup cols="2"><colspec colnum="1" colname="col1"
			 colwidth="*"/><colspec colnum="2" colname="col2" colwidth="*"/><thead> 
				<row> 
				  <entry colname="col1">Style 
				  </entry> 
				  <entry colname="col2">Description 
				  </entry> 
				</row></thead> 
			 <tbody> 
				<row> 
				  <entry colname="col1"><codeph>ptp-control-bar</codeph> 
				  </entry> 
				  <entry colname="col2"> 
					 <p>Applicable for the control bar 
					 </p> 
				  </entry> 
				</row>
				<row>
				  <entry namest="col1" nameend="col2">The default behavior is 
					 <codeph>controlBarBehavior</codeph>.
				  </entry>
				</row> 
			 </tbody> 
		  </tgroup> 
		</table> 
	 </section> 
	 <section id="section_57FFD242FF674EA2867BCF6CA7F6B855"> 
		<title>Feature Buttons</title> 
		<p> 
		  <fig id="fig_BEF90ABFE781495EBF95DF6F16951D13"> 
			 <image href="images/feature_buttons.png"
			  id="image_BDCE48E69345455F809744FDE81E7783"></image> 
		  </fig> 
		</p> 
		<p> 
		  <note type="attention">The letters in the following tables correspond
			 to the letters in this illustration. 
		  </note> 
		</p> 
		<table id="table_2207AD72E72A47FFA03AC748F06A54FD"> 
		  <desc>Here are the styles for the scrub bar: 
		  </desc> 
		  <tgroup cols="2"><colspec colnum="1" colname="col1"
			 colwidth="*"/><colspec colnum="2" colname="col2" colwidth="*"/><thead> 
				<row> 
				  <entry colname="col1">Style (A) 
				  </entry> 
				  <entry colname="col2">Description 
				  </entry> 
				</row></thead> 
			 <tbody> 
				<row> 
				  <entry colname="col1"><codeph>ptp-scrub-bar</codeph> 
				  </entry> 
				  <entry colname="col2"> 
					 <p>Scrub bar on control bar 
					 </p> 
				  </entry> 
				</row> 
				<row> 
				  <entry colname="col1"><codeph>ptp-scrub-bar
						.ptp-buffer-progress-bar</codeph> 
				  </entry> 
				  <entry colname="col2"> 
					 <p>Buffer progress bar on the scrub bar 
					 </p> 
				  </entry> 
				</row> 
				<row> 
				  <entry colname="col1"><codeph>ptp-scrub-bar
						.ptp-seek-to-bar</codeph> 
				  </entry> 
				  <entry colname="col2"> 
					 <p>State of the scrub bar when user is seeking on it 
					 </p> 
				  </entry> 
				</row> 
				<row> 
				  <entry colname="col1"><codeph>ptp-scrub-bar
						.ptp-playback-progress-bar</codeph> 
				  </entry> 
				  <entry colname="col2"> 
					 <p>State of the scrub bar in normal playback 
					 </p> 
				  </entry> 
				</row> 
				<row> 
				  <entry colname="col1"><codeph>ptp-scrub-bar
						.ptp-progress-bar-play-head</codeph> 
				  </entry> 
				  <entry colname="col2"> 
					 <p>Play head on scrub bar while playing 
					 </p> 
				  </entry> 
				</row> 
				<row> 
				  <entry colname="col1"><codeph>ptp-scrub-bar
						.ptp-ad-marker-bar</codeph> 
				  </entry> 
				  <entry colname="col2"> 
					 <p>Ad marker bar 
					 </p> 
				  </entry> 
				</row> 
				<row> 
				  <entry colname="col1"><codeph>ptp-scrub-bar
						.ptp-ad-marker</codeph> 
				  </entry> 
				  <entry colname="col2"> 
					 <p>Ad marker 
					 </p> 
				  </entry> 
				</row>
				<row>
				  <entry namest="col1" nameend="col2">The default behaviors are: 
					 <ul id="ul_8D547A82793040349018BD0589A626AD">
						<li
						 id="li_469F37AC9FA342A99EB3A7A40C357EBB"><codeph>scrubBarBehavior</codeph>
						</li>
						<li
						 id="li_DFFC973449E741F498F87648B7E3B14E"><codeph>bufferProgressBarBehavior</codeph>
						</li>
						<li
						 id="li_A04F9E94FAAE4F9CB3EDA82BCDBAFF1F"><codeph>playHeadBehavior</codeph>
						</li>
						<li
						 id="li_CAAB67BE78F54FDD94A1989DB2C781D5"><codeph>playProgressBarBehavior</codeph>
						</li>
						<li
						 id="li_F021629719A0478BA5FEFC9930CBBF1B"><codeph>seekToBarBehavior</codeph>
						</li>
					 </ul>
				  </entry>
				</row> 
			 </tbody> 
		  </tgroup> 
		</table> 
	 </section> 
	 <section id="section_F1F40A948D0049C5A4D8EA5F2A475CAA"> 
		<title>Play/Pause Button</title> 
		<table id="table_975C2293222A4782A8C75A6149C1AD27"> 
		  <desc>Here are the styles for the play/pause button: 
		  </desc> 
		  <tgroup cols="2"><colspec colnum="1" colname="col1"
			 colwidth="*"/><colspec colnum="2" colname="col2" colwidth="*"/><thead> 
				<row> 
				  <entry colname="col1">Style (B) 
				  </entry> 
				  <entry colname="col2">Description 
				  </entry> 
				</row></thead> 
			 <tbody> 
				<row> 
				  <entry colname="col1"><codeph>ptp-btn-playpause</codeph> 
				  </entry> 
				  <entry colname="col2"> 
					 <p>Play pause button on control bar. 
					 </p> 
				  </entry> 
				</row> 
				<row> 
				  <entry
					colname="col1"><codeph>ptp-btn-playpause.pause-state</codeph> 
				  </entry> 
				  <entry colname="col2"> 
					 <p><codeph>ptp-btn-playpause</codeph> in the pause state 
					 </p> 
				  </entry> 
				</row> 
				<row> 
				  <entry
					colname="col1"><codeph>ptp-btn-playpause.pause-state</codeph> 
				  </entry> 
				  <entry colname="col2"> 
					 <p><codeph>ptp-btn-playpause</codeph> in the play state 
					 </p> 
				  </entry> 
				</row>
				<row>
				  <entry namest="col1" nameend="col2">The default behavior is 
					 <codeph>playPauseButtonBehavior</codeph>.
				  </entry>
				</row> 
			 </tbody> 
		  </tgroup> 
		</table> 
	 </section> 
	 <section id="section_23E17BD2343948F8A2CEE1C8BEE2F874"> 
		<title>Volume</title> 
		<table id="table_8F9831F36A4D427CA31C9FFA4173170D"> 
		  <desc>Here are the styles to configure the volume button: 
		  </desc> 
		  <tgroup cols="2"><colspec colnum="1" colname="col1"
			 colwidth="*"/><colspec colnum="2" colname="col2" colwidth="*"/><thead> 
				<row> 
				  <entry colname="col1">Style (C) 
				  </entry> 
				  <entry colname="col2">Description 
				  </entry> 
				</row></thead> 
			 <tbody> 
				<row> 
				  <entry colname="col1"> 
					 <p><codeph>.ptp-volume-control</codeph> 
					 <ul id="ul_B12ADDFB83EA40FD8B4E92AF418AA4B4"> 
						<li
						 id="li_7DA8143A69ED4E7D8A560B9FF75D6BA7"><codeph>.expanded</codeph> 
						</li> 
						<li
						 id="li_D8CCAD45D81C4850B6903FE261833AE6"><codeph>.vertical</codeph> 
						</li> 
					 </ul> 
					 </p> 
				  </entry> 
				  <entry colname="col2"> 
					 <p>Volume control on control bar 
					 <ul id="ul_2C60F018FDCB458885738AC378C02F61"> 
						<li id="li_6B19572B504A4BBF9C97DC29C0E92A1D">When control is
						  in expanded form 
						</li> 
						<li id="li_6489E422E1944D5194CBDFC8383D2F30">When control is
						  in vertical form 
						</li> 
					 </ul> 
					 </p> 
				  </entry> 
				</row> 
				<row> 
				  <entry colname="col1"><codeph>ptp-btn-volume</codeph> 
				  </entry> 
				  <entry colname="col2"> 
					 <p>Volume button on control bar 
					 </p> 
				  </entry> 
				</row> 
				<row> 
				  <entry
					colname="col1"><codeph>ptp-btn-volume.min-volume-state</codeph> 
				  </entry> 
				  <entry colname="col2"> 
					 <p>When volume is in minimum state 
					 </p> 
				  </entry> 
				</row> 
				<row> 
				  <entry colname="col1"><codeph>ptp-btn-volume.mute-state</codeph> 
				  </entry> 
				  <entry colname="col2"> 
					 <p>When volume is in mute state 
					 </p> 
				  </entry> 
				</row>
				<row>
				  <entry namest="col1" nameend="col2">The default behaviors are 
					 <codeph>volumeBehavior</codeph> and 
					 <codeph>muteButtonBehavior</codeph>.
				  </entry>
				</row> 
			 </tbody> 
		  </tgroup> 
		</table> 
		<table id="table_E3DC93F8FC614C30AADAE259D18F10EF"> 
		  <desc>Here are the styles for the volume slider: 
		  </desc> 
		  <tgroup cols="2"><colspec colnum="1" colname="col1"
			 colwidth="*"/><colspec colnum="2" colname="col2" colwidth="*"/><thead> 
				<row> 
				  <entry colname="col1">Style (D) 
				  </entry> 
				  <entry colname="col2">Description 
				  </entry> 
				</row></thead> 
			 <tbody> 
				<row> 
				  <entry colname="col1"><codeph>.ptp-volume-slider</codeph> 
				  </entry> 
				  <entry colname="col2"> 
					 <p>The volume slider. 
					 </p> 
				  </entry> 
				</row> 
				<row> 
				  <entry colname="col1"><codeph>.ptp-volume-hidden</codeph> 
				  </entry> 
				  <entry colname="col2"> 
					 <p>The volume slider in a hidden state. 
					 </p> 
				  </entry> 
				</row>
				<row>
				  <entry namest="col1" nameend="col2">The default behavior is 
					 <codeph>volumeSliderBehavior</codeph>.
				  </entry>
				</row> 
			 </tbody> 
		  </tgroup> 
		</table> 
	 </section> 
	 <section id="section_06EE608FC54A4CF5B5DF9DC743CFC740"> 
		<title>Rewind</title> 
		<table id="table_0ACB116582D54B188E9F5B5C03D3A615"> 
		  <desc>Here is the style for the rewind button: 
		  </desc> 
		  <tgroup cols="2"><colspec colnum="1" colname="col1"
			 colwidth="*"/><colspec colnum="2" colname="col2" colwidth="*"/><thead> 
				<row> 
				  <entry colname="col1">Style (E) 
				  </entry> 
				  <entry colname="col2">Description 
				  </entry> 
				</row></thead> 
			 <tbody> 
				<row> 
				  <entry colname="col1"><codeph>.ptp-btn-fastrewind</codeph> 
				  </entry> 
				  <entry colname="col2"> 
					 <p>The rewind button on the control bar. 
					 </p> 
				  </entry> 
				</row>
				<row>
				  <entry namest="col1" nameend="col2">The default behavior is 
					 <codeph>rewindButtonBehavior</codeph>.
				  </entry>
				</row> 
			 </tbody> 
		  </tgroup> 
		</table> 
	 </section> 
	 <section id="section_0E6549B3DF6D4C10947D445A5F8EEA7F"> 
		<title>Time</title> 
		<table id="table_CEE62BFF5FB04FDCBBE1331E0D727EBA"> 
		  <desc>Here is the style to display the remaining time on the control
			 bar: 
		  </desc> 
		  <tgroup cols="2"><colspec colnum="1" colname="col1"
			 colwidth="*"/><colspec colnum="2" colname="col2" colwidth="*"/><thead> 
				<row> 
				  <entry colname="col1">Style (F) 
				  </entry> 
				  <entry colname="col2">Description 
				  </entry> 
				</row></thead> 
			 <tbody> 
				<row> 
				  <entry colname="col1"><codeph>.ptp-txt-display-time</codeph> 
				  </entry> 
				  <entry colname="col2"> 
					 <p>Displays the remaining time on the control bar 
					 </p> 
				  </entry> 
				</row>
				<row>
				  <entry namest="col1" nameend="col2">The default behavior is 
					 <codeph>timeRemainingBehavior</codeph>.
				  </entry>
				</row> 
			 </tbody> 
		  </tgroup> 
		</table> 
	 </section> 
	 <section id="section_F6E6C65BD3BD493A89915DF9B92933BA"> 
		<title>Fast Rewind</title> 
		<table id="table_25BB4966B709402383AB6A6822FC1999"> 
		  <desc>Here is the style for the fast rewind button: 
		  </desc> 
		  <tgroup cols="2"><colspec colnum="1" colname="col1"
			 colwidth="*"/><colspec colnum="2" colname="col2" colwidth="*"/><thead> 
				<row> 
				  <entry colname="col1">Style (G) 
				  </entry> 
				  <entry colname="col2">Description 
				  </entry> 
				</row></thead> 
			 <tbody> 
				<row> 
				  <entry colname="col1"><codeph>.ptp-btn-fastrewind</codeph> 
				  </entry> 
				  <entry colname="col2"> 
					 <p>The fast rewind button on the control bar. 
					 </p> 
				  </entry> 
				</row>
				<row>
				  <entry namest="col1" nameend="col2">The default behavior is 
					 <codeph>fastRewindButtonBehavior</codeph>.
				  </entry>
				</row> 
			 </tbody> 
		  </tgroup> 
		</table> 
	 </section> 
	 <section id="section_38A22BB8681B430F8C6808C3BD21FB4E"> 
		<title>Slow Rewind</title> 
		<table id="table_E623C374622A497C91E22333D77AF8F6"> 
		  <desc>Here is the style for the slow rewind button: 
		  </desc> 
		  <tgroup cols="2"><colspec colnum="1" colname="col1"
			 colwidth="*"/><colspec colnum="2" colname="col2" colwidth="*"/><thead> 
				<row> 
				  <entry colname="col1">Style (H) 
				  </entry> 
				  <entry colname="col2">Description 
				  </entry> 
				</row></thead> 
			 <tbody> 
				<row> 
				  <entry colname="col1"><codeph>.ptp-btn-slowrewind</codeph> 
				  </entry> 
				  <entry colname="col2"> 
					 <p>The slow rewind button on the control bar. 
					 </p> 
				  </entry> 
				</row>
				<row>
				  <entry namest="col1" nameend="col2">The default behavior is 
					 <codeph>slowRewindButtonBehavior</codeph>.
				  </entry>
				</row> 
			 </tbody> 
		  </tgroup> 
		</table> 
	 </section> 
	 <section id="section_92ACF092EECC4A5EAF6AA090C05E552E"> 
		<title>Slow Forward</title> 
		<table id="table_88C1CF5DB2D84EDBA01AC62B70509B08"> 
		  <desc>Here is the style for the slow forward button: 
		  </desc> 
		  <tgroup cols="2"><colspec colnum="1" colname="col1"
			 colwidth="*"/><colspec colnum="2" colname="col2" colwidth="*"/><thead> 
				<row> 
				  <entry colname="col1">Style (I) 
				  </entry> 
				  <entry colname="col2">Description 
				  </entry> 
				</row></thead> 
			 <tbody> 
				<row> 
				  <entry colname="col1"><codeph>.ptp-btn-slowforward</codeph> 
				  </entry> 
				  <entry colname="col2"> 
					 <p>The slow forward button on the control bar. 
					 </p> 
				  </entry> 
				</row>
				<row>
				  <entry namest="col1" nameend="col2">The default behavior is 
					 <codeph>slowForwardButtonBehavior</codeph>.
				  </entry>
				</row> 
			 </tbody> 
		  </tgroup> 
		</table> 
	 </section> 
	 <section id="section_F90ED8B3739B49ACAB1F12DF18F0E4D6"> 
		<title>Fast Forward</title> 
		<table id="table_F166BD1E8B934B34AF3690BBBAD894B7"> 
		  <desc>Here is the style for the fast forward button: 
		  </desc> 
		  <tgroup cols="2"><colspec colnum="1" colname="col1"
			 colwidth="*"/><colspec colnum="2" colname="col2" colwidth="*"/><thead> 
				<row> 
				  <entry colname="col1">Style (J) 
				  </entry> 
				  <entry colname="col2">Description 
				  </entry> 
				</row></thead> 
			 <tbody> 
				<row> 
				  <entry colname="col1"><codeph>.ptp-btn-fastforward</codeph> 
				  </entry> 
				  <entry colname="col2"> 
					 <p>The fast forward button on the control bar. 
					 </p> 
				  </entry> 
				</row>
				<row>
				  <entry namest="col1" nameend="col2">The default behavior is 
					 <codeph>fastForwardButtonBehavior</codeph>.
				  </entry>
				</row> 
			 </tbody> 
		  </tgroup> 
		</table> 
	 </section> 
	 <section id="section_1CDF4FA5A1C14DB6B9C96579FFA1057C"> 
		<title>Audio Track</title> 
		<table id="table_22FC521D786B45EB84F230894FFECE79"> 
		  <desc>Here are the styles to configure the audio track: 
		  </desc> 
		  <tgroup cols="2"><colspec colnum="1" colname="col1"
			 colwidth="*"/><colspec colnum="2" colname="col2" colwidth="*"/><thead> 
				<row> 
				  <entry colname="col1">Style 
				  </entry> 
				  <entry colname="col2">Description 
				  </entry> 
				</row></thead> 
			 <tbody> 
				<row> 
				  <entry namest="col1" nameend="col2"> 
					 <p><b>Audio Track Button (K)</b> 
					 </p> 
				  </entry> 
				</row> 
				<row> 
				  <entry colname="col1"><codeph>.ptp-btn-audio-track</codeph> 
				  </entry> 
				  <entry colname="col2"> 
					 <p>The audio track button on the control bar. 
					 </p> 
				  </entry> 
				</row>
				<row>
				  <entry namest="col1" nameend="col2">The default behavior is 
					 <codeph>audioTrackButtonBehavior</codeph>.
				  </entry>
				</row> 
				<row> 
				  <entry namest="col1" nameend="col2"> 
					 <p><b>Audio Track Selection Panel (L)</b> 
					 </p> 
				  </entry> 
				</row> 
				<row> 
				  <entry
					colname="col1"><codeph>.ptp-audio-track-selection-panel</codeph> 
				  </entry> 
				  <entry colname="col2"> 
					 <p>The panel for selecting the audio track. 
					 </p> 
				  </entry> 
				</row>
				<row>
				  <entry namest="col1" nameend="col2">The default behavior is 
					 <codeph>audioTrackSelectionPanelBehavior</codeph>.
				  </entry>
				</row> 
				<row> 
				  <entry namest="col1" nameend="col2"> 
					 <p><b>Audio Track Selection Header (M)</b> 
					 </p> 
				  </entry> 
				</row> 
				<row> 
				  <entry
					colname="col1"><codeph>.ptp-audio-track-selection-header</codeph> 
				  </entry> 
				  <entry colname="col2"> 
					 <p>The header for the 
						<codeph>ptp-audio-track-selection-panel</codeph>. 
					 </p> 
				  </entry> 
				</row> 
				<row> 
				  <entry colname="col1"> 
					 <p><b>Audio Track Selection Menu (N)</b> 
					 </p> 
				  </entry> 
				  <entry colname="col2"> 
				  </entry> 
				</row> 
				<row> 
				  <entry
					colname="col1"><codeph>.ptp-audio-track-selection-menu</codeph> 
				  </entry> 
				  <entry colname="col2"> 
					 <p>The menu items in the 
						<codeph>ptp-audio-track-selection-panel</codeph>. 
					 </p> 
				  </entry> 
				</row> 
			 </tbody> 
		  </tgroup> 
		</table> 
	 </section> 
	 <section id="section_B2ADC76E76304A68AD648A00A12B676E"> 
		<title>Sharing</title> 
		<table id="table_3264C472809D462B8FC16680B96B1AC9"> 
		  <desc>Here are the styles to configure sharing: 
		  </desc> 
		  <tgroup cols="2"><colspec colnum="1" colname="col1"
			 colwidth="*"/><colspec colnum="2" colname="col2" colwidth="*"/><thead> 
				<row> 
				  <entry colname="col1">Style 
				  </entry> 
				  <entry colname="col2">Description 
				  </entry> 
				</row></thead> 
			 <tbody> 
				<row> 
				  <entry namest="col1" nameend="col2"> 
					 <p><b>Social Media Sharing Button (O)</b> 
					 </p> 
				  </entry> 
				</row> 
				<row> 
				  <entry colname="col1"><codeph>.ptp-btn-share-video</codeph> 
				  </entry> 
				  <entry colname="col2"> 
					 <p>The social media share button on the control bar that will
						open up 
						<codeph>ptp-share-video-panel</codeph>. 
					 </p> 
				  </entry> 
				</row>
				<row>
				  <entry namest="col1" nameend="col2">The default behavior is 
					 <codeph>shareVideoButtonBehavior</codeph>.
				  </entry>
				</row> 
				<row> 
				  <entry namest="col1" nameend="col2"> 
					 <p><b>Sharing Video Panel (P)</b> 
					 </p> 
				  </entry> 
				</row> 
				<row> 
				  <entry colname="col1"><codeph>.ptp-share-video-panel</codeph> 
				  </entry> 
				  <entry colname="col2"> 
					 <p>The panel that displays the social share options. 
					 </p> 
				  </entry> 
				</row>
				<row>
				  <entry namest="col1" nameend="col2">The default behavior is 
					 <codeph>shareVideoPanelBehavior</codeph>.
				  </entry>
				</row> 
				<row> 
				  <entry namest="col1" nameend="col2"> 
					 <p><b>Sharing Video Menu (Q)</b> 
					 </p> 
				  </entry> 
				</row> 
				<row> 
				  <entry
					colname="col1"><codeph>.ptp-audio-track-selection-header</codeph> 
				  </entry> 
				  <entry colname="col2"> 
					 <p>The header for the 
						<codeph>ptp-audio-track-selection-panel</codeph>. 
					 </p> 
				  </entry> 
				</row> 
				<row> 
				  <entry colname="col1"><codeph>.share-video-panel-menu</codeph> 
				  </entry> 
				  <entry colname="col2"> 
					 <p>The menu in 
						<codeph>ptp-share-video-panel</codeph> that displays all the
						options to share content on social media. 
					 </p> 
				  </entry> 
				</row> 
				<row> 
				  <entry
					colname="col1"><codeph>.ptp-share-video-panel-menu-item</codeph> 
				  </entry> 
				  <entry colname="col2"> 
					 <p>The menu item in the 
						<codeph>share-video-panel-menu</codeph>. 
					 </p> 
				  </entry> 
				</row> 
				<row> 
				  <entry
					colname="col1"><codeph>.ptp-btn-share-video-facebook</codeph> 
				  </entry> 
				  <entry colname="col2"> 
					 <p>The menu item that allows you to share content on Facebook. 
					 </p> 
				  </entry> 
				</row> 
				<row> 
				  <entry
					colname="col1"><codeph>.ptp-btn-share-video-twitter</codeph> 
				  </entry> 
				  <entry colname="col2"> 
					 <p>The menu item that allows you to share content on Twitter. 
					 </p> 
				  </entry> 
				</row> 
				<row> 
				  <entry
					colname="col1"><codeph>.ptp-btn-share-video-google-plus</codeph> 
				  </entry> 
				  <entry colname="col2"> 
					 <p>The menu item that allows you to share content on Google
						Plus. 
					 </p> 
				  </entry> 
				</row> 
				<row> 
				  <entry
					colname="col1"><codeph>.ptp-btn-share-video-linkedin</codeph> 
				  </entry> 
				  <entry colname="col2"> 
					 <p>The menu item that allows you to share content on LinkedIn. 
					 </p> 
				  </entry> 
				</row> 
			 </tbody> 
		  </tgroup> 
		</table> 
	 </section> 
	 <section id="section_A01BA68218564DA0B7D6BF51F045D7AB"> 
		<title>Closed Captions</title> 
		<table id="table_777C7034C9424F8C841DABD480FFAC47"> 
		  <desc>Here are the styles to configure closed captions: 
		  </desc> 
		  <tgroup cols="2"><colspec colnum="1" colname="col1"
			 colwidth="*"/><colspec colnum="2" colname="col2" colwidth="*"/><thead> 
				<row> 
				  <entry colname="col1">Style 
				  </entry> 
				  <entry colname="col2">Description 
				  </entry> 
				</row></thead> 
			 <tbody> 
				<row> 
				  <entry namest="col1" nameend="col2"> 
					 <p><b>Closed Captions Button (R)</b> 
					 </p> 
				  </entry> 
				</row> 
				<row> 
				  <entry colname="col1"><codeph>.ptp-btn-closed-caption</codeph> 
				  </entry> 
				  <entry colname="col2"> 
					 <p>The 
						<uicontrol>Closed Captions</uicontrol> button on the control
						bar. 
					 </p> 
				  </entry> 
				</row>
				<row>
				  <entry namest="col1" nameend="col2">The default behavior is 
					 <codeph>closedCaptionButtonBehavior</codeph>.
				  </entry>
				</row> 
				<row> 
				  <entry colname="col1"><codeph>.on-state</codeph> 
				  </entry> 
				  <entry colname="col2"> 
					 <p>The captions have been enabled for a video. 
					 </p> 
				  </entry> 
				</row> 
				<row> 
				  <entry namest="col1" nameend="col2"> 
					 <p><b>Closed Captions Panel (S)</b> 
					 </p> 
				  </entry> 
				</row> 
				<row> 
				  <entry colname="col1"><codeph>.ptp-closed-caption-panel</codeph> 
				  </entry> 
				  <entry colname="col2"> 
					 <p>The panel for closed captions. 
					 </p> 
				  </entry> 
				</row>
				<row>
				  <entry namest="col1" nameend="col2">The default behavior is 
					 <codeph>closedCaptionLanguagePanelBehavior</codeph>.
				  </entry>
				</row> 
				<row> 
				  <entry namest="col1" nameend="col2"> 
					 <p><b>Closed Captions Languages (T)</b> 
					 </p> 
				  </entry> 
				</row> 
				<row> 
				  <entry
					colname="col1"><codeph>.ptp-closed-caption-language-panel:</codeph> 
				  </entry> 
				  <entry colname="col2"> 
					 <p>The header for the 
						<codeph>ptp-audio-track-selection-panel</codeph>. 
					 </p> 
				  </entry> 
				</row> 
				<row> 
				  <entry colname="col1"><codeph>.ptp-closed-caption-language-menu: 
					 </codeph> 
				  </entry> 
				  <entry colname="col2"> 
					 <p>The menu in the closed captions panel. 
					 </p> 
				  </entry> 
				</row> 
				<row> 
				  <entry colname="col1"> 
					 <p><b>Closed Captions Options (U)</b> 
					 </p> 
				  </entry> 
				  <entry colname="col2"> 
				  </entry> 
				</row> 
				<row> 
				  <entry
					colname="col1"><codeph>.ptp-closed-caption-options-btn</codeph> 
				  </entry> 
				  <entry colname="col2"> 
					 <p>The 
						<uicontrol>Options</uicontrol> button in the closed captions
						options panel. 
					 </p> 
				  </entry> 
				</row> 
				<row> 
				  <entry
					colname="col1"><codeph>.ptp-closed-caption-options-panel</codeph> 
				  </entry> 
				  <entry colname="col2"> 
					 <p>The Options panel on the closed captions panel. 
					 </p> 
				  </entry> 
				</row> 
				<row> 
				  <entry
					colname="col1"><codeph>.ptp-closed-caption-menu-item</codeph> 
				  </entry> 
				  <entry colname="col2"> 
					 <p>The menu item in the closed captions panel. 
					 </p> 
				  </entry> 
				</row> 
				<row> 
				  <entry colname="col1"><codeph> .selected</codeph> 
				  </entry> 
				  <entry colname="col2"> 
					 <p>In the selected state. 
					 </p> 
				  </entry> 
				</row> 
				<row> 
				  <entry
					colname="col1"><codeph>.ptp-closed-caption-done-btn</codeph> 
				  </entry> 
				  <entry colname="col2"> 
					 <p>The 
						<uicontrol>Done</uicontrol> button in the header of the
						closed captions options panel. 
					 </p> 
				  </entry> 
				</row> 
				<row> 
				  <entry
					colname="col1"><codeph>.ptp-closed-caption-options-menu</codeph> 
				  </entry> 
				  <entry colname="col2"> 
					 <p>The Options menu in closed captions. 
					 </p> 
				  </entry> 
				</row> 
				<row> 
				  <entry
					colname="col1"><codeph>ptp-closed-caption-options-main-menu</codeph> 
				  </entry> 
				  <entry colname="col2"> 
					 <p>The main menu for the closed caption options. 
					 </p> 
				  </entry> 
				</row> 
				<row> 
				  <entry
					colname="col1"><codeph>ptp-closed-caption-options-sub-menu</codeph> 
				  </entry> 
				  <entry colname="col2"> 
					 <p>The sub menu for the closed caption options. 
					 </p> 
				  </entry> 
				</row> 
				<row> 
				  <entry
					colname="col1"><codeph>ptp-closed-caption-options-opacity-slider</codeph> 
				  </entry> 
				  <entry colname="col2"> 
					 <p>The opacity slider for closed caption options. 
					 </p> 
				  </entry> 
				</row> 
				<row> 
				  <entry
					colname="col1"><codeph>ptp-closed-caption-options-menu-separator</codeph> 
				  </entry> 
				  <entry colname="col2"> 
					 <p>The closed caption options separator. 
					 </p> 
				  </entry> 
				</row> 
				<row> 
				  <entry
					colname="col1"><codeph>ptp-closed-caption-options-menu-item</codeph> 
				  </entry> 
				  <entry colname="col2"> 
					 <p>The closed caption 
						<uicontrol>Options</uicontrol> menu item. 
					 </p> 
				  </entry> 
				</row> 
				<row> 
				  <entry
					colname="col1"><codeph>ptp-closed-caption-preview-panel</codeph> 
				  </entry> 
				  <entry colname="col2"> 
					 <p>The closed caption preview panel. 
					 </p> 
				  </entry> 
				</row> 
				<row> 
				  <entry
					colname="col1"><codeph>ptp-closed-caption-options-footer</codeph> 
				  </entry> 
				  <entry colname="col2"> 
					 <p>The closed caption options footer. 
					 </p> 
				  </entry> 
				</row> 
				<row> 
				  <entry
					colname="col1"><codeph>ptp-closed-caption-options-reset-button</codeph> 
				  </entry> 
				  <entry colname="col2"> 
					 <p>The 
						<uicontrol>Reset</uicontrol> button in the footer of the
						closed caption options panel. 
					 </p> 
				  </entry> 
				</row> 
				<row> 
				  <entry
					colname="col1"><codeph>ptp-closed-caption-options-apply-button</codeph> 
				  </entry> 
				  <entry colname="col2"> 
					 <p>The 
						<uicontrol>Apply</uicontrol> button in the footer of the
						closed caption options panel. 
					 </p> 
				  </entry> 
				</row>
				<row>
				  <entry namest="col1" nameend="col2">The default behavior is 
					 <codeph>closedCaptionOptionsPanelBehavior</codeph>.
				  </entry>
				</row> 
			 </tbody> 
		  </tgroup> 
		</table> 
	 </section> 
	 <section id="section_18E25CF8A8964FFD9026A8A833089CE3"> 
		<title>More Options (V)</title> 
		<table id="table_EC6EF88E2EDE4B8EBB1C14F87A6161FA"> 
		  <desc>Here are the styles to configure additional options: 
		  </desc> 
		  <tgroup cols="2"><colspec colnum="1" colname="col1"
			 colwidth="*"/><colspec colnum="2" colname="col2" colwidth="*"/><thead> 
				<row> 
				  <entry colname="col1">Style 
				  </entry> 
				  <entry colname="col2">Description 
				  </entry> 
				</row></thead> 
			 <tbody> 
				<row> 
				  <entry colname="col1"><codeph>.ptp-btn-more-options</codeph> 
				  </entry> 
				  <entry colname="col2"> 
					 <p>The 
						<uicontrol>More Options</uicontrol> button. 
					 </p> 
				  </entry> 
				</row> 
				<row> 
				  <entry
					colname="col1"><codeph>.ptp-btn-more-options.ptp-control-bar-btn</codeph> 
				  </entry> 
				  <entry colname="col2"> 
					 <p>The 
						<codeph>ptp-btn-more-options</codeph> that are used in
						control bar. 
					 </p> 
				  </entry> 
				</row> 
				<row> 
				  <entry
					colname="col1"><codeph>.ptp-more-options-control-panel</codeph> 
				  </entry> 
				  <entry colname="col2"> 
					 <p>The More Options control panel. 
					 </p> 
				  </entry> 
				</row> 
				<row> 
				  <entry
					colname="col1"><codeph>.ptp-more-options-control-panel-menu</codeph> 
				  </entry> 
				  <entry colname="col2"> 
					 <p>The More Options control panel menu. 
					 </p> 
				  </entry> 
				</row> 
				<row> 
				  <entry
					colname="col1"><codeph>.ptp-more-options-control-panel-menu-item</codeph> 
				  </entry> 
				  <entry colname="col2"> 
					 <p>The More Options control panel menu item. 
					 </p> 
				  </entry> 
				</row>
				<row>
				  <entry namest="col1" nameend="col2">The default behavior is 
					 <codeph>moreOptionsButtonBehavior</codeph>.
				  </entry>
				</row> 
			 </tbody> 
		  </tgroup> 
		</table> 
	 </section> 
	 <section id="section_1EE039DEA99541D391B30BD1DF72A83E"> 
		<title>PIP Button (W)</title> 
		<table id="table_EE2E882C87E24D39B8D5347686F29E55"> 
		  <desc>Here is the style for the 
			 <uicontrol>PIP</uicontrol> button: 
		  </desc> 
		  <tgroup cols="2"><colspec colnum="1" colname="col1"
			 colwidth="*"/><colspec colnum="2" colname="col2" colwidth="*"/><thead> 
				<row> 
				  <entry colname="col1">Style 
				  </entry> 
				  <entry colname="col2">Description 
				  </entry> 
				</row></thead> 
			 <tbody> 
				<row> 
				  <entry colname="col1"><codeph>.ptp-btn-pip</codeph> 
				  </entry> 
				  <entry colname="col2"> 
					 <p>The PIP button on the control bar. 
					 </p> 
				  </entry> 
				</row>
				<row>
				  <entry namest="col1" nameend="col2">The default behavior is 
					 <codeph>pipButtonBehavior</codeph>.
				  </entry>
				</row> 
			 </tbody> 
		  </tgroup> 
		</table> 
	 </section> 
	 <section id="section_158A19DFB30E4432A67E4A74A7CBA563"> 
		<title>Full Screen (X)</title> 
		<table id="table_5941835F31AC4E9CBA9702AB8D813B8F"> 
		  <desc>Here is the style to configure the full screen: 
		  </desc> 
		  <tgroup cols="2"><colspec colnum="1" colname="col1"
			 colwidth="*"/><colspec colnum="2" colname="col2" colwidth="*"/><thead> 
				<row> 
				  <entry colname="col1">Style 
				  </entry> 
				  <entry colname="col2">Description 
				  </entry> 
				</row></thead> 
			 <tbody> 
				<row> 
				  <entry colname="col1"><codeph>.ptp-btn-fullscreen</codeph> 
				  </entry> 
				  <entry colname="col2"> 
					 <p>The 
						<uicontrol>Full Screen</uicontrol> button on control bar. 
					 </p> 
				  </entry> 
				</row>
				<row>
				  <entry namest="col1" nameend="col2">The default behavior is 
					 <codeph>fullScreenButtonBehavior</codeph>.
				  </entry>
				</row> 
			 </tbody> 
		  </tgroup> 
		</table> 
	 </section> 
	 <section id="section_AE6F83BB7EE2497FB13CD94A8316192D"> 
		<title>Trick Play (Y)</title> 
		<table id="table_F1ADAC0A4B4E48669828690BDEB4BC09"> 
		  <desc>Here is the style to configure trick play: 
		  </desc> 
		  <tgroup cols="2"><colspec colnum="1" colname="col1"
			 colwidth="*"/><colspec colnum="2" colname="col2" colwidth="*"/><thead> 
				<row> 
				  <entry colname="col1">Style 
				  </entry> 
				  <entry colname="col2">Description 
				  </entry> 
				</row></thead> 
			 <tbody> 
				<row> 
				  <entry
					colname="col1"><codeph>.ptp-control-bar-trick-play-rate</codeph> 
				  </entry> 
				  <entry colname="col2"> 
					 <p>The trick rate display component in the control bar. 
					 </p> 
				  </entry> 
				</row>
				<row>
				  <entry namest="col1" nameend="col2">The default behavior is 
					 <codeph>trickPlayRateDisplayBehavior</codeph>.
				  </entry>
				</row> 
			 </tbody> 
		  </tgroup> 
		</table> 
	 </section> 
	 <section id="section_58EFAE7263BA45D3A4E2AB7309A9CAA7"> 
		<title>Multiview (Z)</title> 
		<table id="table_84B37D7410EE40DFA7A8BB8431C6DCF0"> 
		  <desc>Here is the style to configure multiview: 
		  </desc> 
		  <tgroup cols="2"><colspec colnum="1" colname="col1"
			 colwidth="*"/><colspec colnum="2" colname="col2" colwidth="*"/><thead> 
				<row> 
				  <entry colname="col1">Style 
				  </entry> 
				  <entry colname="col2">Description 
				  </entry> 
				</row></thead> 
			 <tbody> 
				<row> 
				  <entry colname="col1"><codeph>.ptp-btn-multiview</codeph> 
				  </entry> 
				  <entry colname="col2"> 
					 <p>The 
						<uicontrol>MultiView</uicontrol> button on control bar, and
						the initial state of 
						<uicontrol>Multiview</uicontrol> button. 
					 </p> 
				  </entry> 
				</row>
				<row>
				  <entry colname="col1">The default behavior is 
					 <codeph>multiViewButtonBehavior</codeph>.
				  </entry>
				  <entry colname="col2">
				  </entry>
				</row> 
			 </tbody> 
		  </tgroup> 
		</table> 
	 </section> 
	 <section id="section_0AFD932975634BB08387EEE7D3BFC438"> 
		<title>Thumbnail</title> 
		<table id="table_968136A8BBA042A7A8E79739B8F92F55"> 
		  <desc>Here is the style to configure thumbnails: 
		  </desc> 
		  <tgroup cols="2"><colspec colnum="1" colname="col1"
			 colwidth="*"/><colspec colnum="2" colname="col2" colwidth="*"/><thead> 
				<row> 
				  <entry colname="col1">Style 
				  </entry> 
				  <entry colname="col2">Description 
				  </entry> 
				</row></thead> 
			 <tbody> 
				<row> 
				  <entry
					colname="col1"><codeph>.ptp-progress-bar-thumb-nail</codeph> 
				  </entry> 
				  <entry colname="col2"> 
					 <p>The progress bar of the thumbnails. 
					 </p> 
				  </entry> 
				</row>
				<row>
				  <entry namest="col1" nameend="col2">The default default behavior
					 is 
					 <codeph>thumbnailPreviewBehavior</codeph>.
				  </entry>
				</row> 
			 </tbody> 
		  </tgroup> 
		</table> 
	 </section> 
	 <section id="section_AC9858EE1B5A4FF4947E383C663B6AB5"> 
		<title>Error Messages</title> 
		<table id="table_7F4C156170DB4AFFA7DEE06F00449506"> 
		  <desc>Here is the style to configure error messages: 
		  </desc> 
		  <tgroup cols="2"><colspec colnum="1" colname="col1"
			 colwidth="*"/><colspec colnum="2" colname="col2" colwidth="*"/><thead> 
				<row> 
				  <entry colname="col1">Style 
				  </entry> 
				  <entry colname="col2">Description 
				  </entry> 
				</row></thead> 
			 <tbody> 
				<row> 
				  <entry colname="col1"><codeph>.ptp-error-message-panel</codeph> 
				  </entry> 
				  <entry colname="col2"> 
					 <p>The panel that displays the error messages from player. 
					 </p> 
				  </entry> 
				</row> 
				<row> 
				  <entry
					colname="col1"><codeph>.ptp-error-message-panel-icon</codeph> 
				  </entry> 
				  <entry colname="col2"> 
					 <p>The icon that is displayed on the panel when there is an
						error message. 
					 </p> 
				  </entry> 
				</row> 
				<row> 
				  <entry
					colname="col1"><codeph>.ptp-error-message-panel-message</codeph> 
				  </entry> 
				  <entry colname="col2"> 
					 <p>The error message that is displayed. 
					 </p> 
				  </entry> 
				</row>
				<row>
				  <entry namest="col1" nameend="col2">The default behavior is 
					 <codeph>errorMessagePanelBehavior</codeph>.
				  </entry>
				</row> 
			 </tbody> 
		  </tgroup> 
		</table> 
	 </section> 
	 <section id="section_2FE8FDE2599E42BAA7411D0D38FA0A88"> 
		<title>Buffering Overlay</title> 
		<table id="table_1FECE1DC29B8434B886751A29455F004"> 
		  <desc>Here is the style to configure thumbnails: 
		  </desc> 
		  <tgroup cols="2"><colspec colnum="1" colname="col1"
			 colwidth="*"/><colspec colnum="2" colname="col2" colwidth="*"/><thead> 
				<row> 
				  <entry colname="col1">Style 
				  </entry> 
				  <entry colname="col2">Description 
				  </entry> 
				</row></thead> 
			 <tbody> 
				<row> 
				  <entry colname="col1"><codeph>.ptp-buffering-overlay</codeph> 
				  </entry> 
				  <entry colname="col2"> 
					 <p>The buffering overlay control. 
					 </p> 
				  </entry> 
				</row>
				<row>
				  <entry namest="col1" nameend="col2">The default overlay is 
					 <codeph>bufferingOverlayBehavior</codeph>.
				  </entry>
				</row> 
			 </tbody> 
		  </tgroup> 
		</table> 
	 </section> 
	 <section id="section_51F735AEF82E41E890FF59E031A0DB89"> 
		<title>Specific Selectors</title> 
		<table id="table_E77EDC7D227348E79C7E73FB5D46F992"> 
		  <desc>Here is the style for the fast forward button: 
		  </desc> 
		  <tgroup cols="2"><colspec colnum="1" colname="col1"
			 colwidth="*"/><colspec colnum="2" colname="col2" colwidth="*"/><thead> 
				<row> 
				  <entry colname="col1">Style 
				  </entry> 
				  <entry colname="col2">Description 
				  </entry> 
				</row></thead> 
			 <tbody> 
				<row> 
				  <entry colname="col1"><codeph>.ad-break</codeph> 
				  </entry> 
				  <entry colname="col2"> 
					 <p>The state of the control panel while ad is being played. 
					 </p> 
					 <p>Applies to the following: 
					 <ul id="ul_D5076303DCD94D968682289823D1A9F2"> 
						<li
						 id="li_4290C4B2D48546E3AD023BED6CAAE395"><codeph>.ptp-btn-fastforward</codeph> 
						</li> 
						<li
						 id="li_72A3D3E916E44A55BA170407EAB0527D"><codeph>.ptp-btn-fastrewind</codeph> 
						</li> 
						<li
						 id="li_A0BAEBB0E01B402EB83E3CE9B92B15CC"><codeph>.ptp-btn-fastrewind</codeph> 
						</li> 
						<li
						 id="li_FDF2CEDB0A854098907FF9CBCF1A61C1"><codeph>.ptp-btn-slowforward</codeph> 
						</li> 
						<li
						 id="li_CD2E14DB3DD64C10A253DA23FBE04A04"><codeph>.ptp-btn-slowforward</codeph> 
						</li> 
						<li
						 id="li_A230359E8F7F4571A9EBFF0E4C2462D7"><codeph>.ptp-btn-slowrewind</codeph> 
						</li> 
						<li
						 id="li_5711A315872F4FA59FDDF0EF0AFD03C6"><codeph>.ptp-btn-more-options 
						  </codeph> 
						</li> 
						<li
						 id="li_71C8E76077A84ED590160AB5ABFCC0D7"><codeph>.ptp-btn-share-video</codeph> 
						</li> 
						<li
						 id="li_4A3113C0360F4F708AAA96AB316FA057"><codeph>.ptp-btn-closed-caption 
						  </codeph> 
						</li> 
						<li
						 id="li_901A0186D65A48A1B774DC555CEC5367"><codeph>.ptp-btn-audio-track</codeph> 
						</li> 
						<li
						 id="li_2331583C01C2482B8EE72979FBF111DB"><codeph>.ptp-btn-pip 
						  </codeph> 
						</li> 
						<li
						 id="li_7BB39BDF5E294AEB8FA3DCD9F9A29468"><codeph>.ptp-btn-rewind</codeph> 
						</li> 
						<li
						 id="li_E4FEF5A7486A40F6A5FE1119BD63AFEF"><codeph>.ptp-scrub-bar</codeph> 
						</li> 
						<li
						 id="li_12153547558A4871842EE0416BCCA8B2"><codeph>.ptp-seek-to-bar</codeph> 
						</li> 
					 </ul> 
					 </p> 
				  </entry> 
				</row> 
				<row> 
				  <entry colname="col1"><codeph>.multi-view</codeph> 
				  </entry> 
				  <entry colname="col2"> 
					 <p>The state of the control while in multiview. 
					 </p> 
					 <p>Applies to the following: 
					 <ul id="ul_A8AC653C30814AC49041F3B58A2106F4"> 
						<li
						 id="li_0407167DA21647A8A6960DFE55A33F42"><codeph>.ptp-btn-fastforward</codeph> 
						</li> 
						<li
						 id="li_EA71CAF41CDC41DE859A85CE482BE97C"><codeph>.ptp-btn-share-video</codeph> 
						</li> 
						<li
						 id="li_F3A998C51A034C22A914EAEFF19FFEA7"><codeph>.ptp-btn-closed-caption</codeph>
						  
						</li> 
						<li
						 id="li_022F871ABC894C9BA879B3AF3D341202"><codeph>.ptp-btn-audio-track</codeph> 
						</li> 
					 </ul> 
					 </p> 
				  </entry> 
				</row> 
				<row> 
				  <entry colname="col1"><codeph>.fullscreen-state</codeph> 
				  </entry> 
				  <entry colname="col2"> 
					 <p>The player is in full screen mode. 
					 </p> 
					 <p>Applies to the following: 
					 <ul id="ul_B235C1D339F64B2FAC6BC72F03807616"> 
						<li
						 id="li_6E050EE74C604FDAB4C9C0447F547A9D"><codeph>.ptp-control-bar 
						  </codeph> 
						</li> 
						<li
						 id="li_67D54B1A41764B2DA544479CDA1C901C"><codeph>.ptp-btn-fullscreen</codeph> 
						</li> 
					 </ul> 
					 </p> 
				  </entry> 
				</row> 
			 </tbody> 
		  </tgroup> 
		</table> 
	 </section> 
  </conbody> 
</concept> 
