<?xml version="1.0"?>
<!DOCTYPE concept PUBLIC "-//OASIS//DTD DITA Concept//EN" "concept.dtd">
<!-- Created with XMetaL (http://www.xmetal.com) -->
<concept id="concept_BD64F2F00A7A4CE3A6B73DDE982318DD"> 
  <title>Implementing DRM callbacks</title> 
  <shortdesc>The following new APIs allow you to define DRM callbacks. 
  </shortdesc> 
  <conbody> 
	 <section id="section_1090BFDB2C1D4EA4AAC9F9A6EC9DCD51"> 
		<p>You can define a call back function (for example, 
		  <codeph>parseContentIdCallback</codeph>) to parse the content ID and
		  set it to 
		  <codeph>drmManager</codeph> by using the 
		  <codeph>setParseContentIdCallback</codeph> API. 
		  <codeblock outputclass="syntax javascript">var arrayToString = function (array) {
        var uint16array = new Uint16Array(array.buffer);
        return String.fromCharCode.apply(null, uint16array);
},
 
parseContentIdCallback = function (initData) {
        var contentId = arrayToString(initData),
            tokens = contentId?contentId.split('/'):[];
        if(tokens.length) {
            return tokens[tokens.length-1];
        } else {
            return '';
        }
};
  
drmManager.setParseContentIdCallback(parseContentIdCallback);</codeblock> 
		</p> 
	 </section> 
	 <section id="section_1E082B428EA74D9CA11C052158A83947"> 
		<p>You can define a call back function (for example, 
		  <codeph>onCertificateResponseCallback</codeph>) to process a text
		  certificate response and set the function to 
		  <codeph>drmManager</codeph> by using the 
		  <codeph>setCertificateResponseCallback</codeph> API. You can set 
		  <codeph>setCertificateResponseCallback</codeph> to override the default
		  behavior. For example, if you have a 
		  <codeph>certificateResponseType</codeph> that is other than 
		  <codeph>ArrayBuffer</codeph>, you can use this callback to convert the
		  certificate response to the 
		  <codeph>ArrayBuffer</codeph> type. 
		  <codeblock outputclass="syntax javascript">var base64DecodeUint8Array = function (input) {
        var raw = window.atob(input);
        var rawLength = raw.length;
        var array = new Uint8Array(new ArrayBuffer(rawLength));

        for (var i = 0; i &lt; rawLength; i++)
            array[i] = raw.charCodeAt(i);

        return array;
    },
 
onCertificateResponseCallback = function (certificateResponse) {
    if(certificateResponse) {
        var certText = certificateResponse.trim();
        certText = certText.replace(/^"(.+(?="$))"$/, '$1');
        return base64DecodeUint8Array(certText);
    }
};
 
drmManager.setCertificateResponseCallback(onCertificateResponseCallback);</codeblock> 
		</p> 
	 </section> 
	 <section id="section_4DCC1B3ABCED484EB5340A558C9A770A"> 
		<p>You can define callback functions to parse the license message and the
		  license response and pass them in a call to 
		  <codeph>drmManager.acquireLicense</codeph>. 
		  <codeph>onLicenseResponseCallback</codeph> is a new parameter in the 
		  <codeph>acquireLicense</codeph> API. 
		  <codeblock outputclass="syntax javascript">var base64EncodeUint8Array = function (input) {
        var keyStr = "ABCDEFGHIJKLMNOPQRSTUVWXYZabcdefghijklmnopqrstuvwxyz0123456789+/=";
        var output = "";
        var chr1, chr2, chr3, enc1, enc2, enc3, enc4;
        var i = 0;
        while (i &lt; input.length) {
            chr1 = input[i++];
            chr2 = i &lt; input.length ? input[i++] : Number.NaN; // Not sure if the index
            chr3 = i &lt; input.length ? input[i++] : Number.NaN; // checks are needed here
 
            enc1 = chr1 &gt;&gt; 2;
            enc2 = ((chr1 &amp; 3) &lt;&lt; 4) | (chr2 &gt;&gt; 4);
            enc3 = ((chr2 &amp; 15) &lt;&lt; 2) | (chr3 &gt;&gt; 6);
            enc4 = chr3 &amp; 63;
 
            if (isNaN(chr2)) {
                enc3 = enc4 = 64;
            } else if (isNaN(chr3)) {
                enc4 = 64;
            }
            output += keyStr.charAt(enc1) + keyStr.charAt(enc2) +
                keyStr.charAt(enc3) + keyStr.charAt(enc4);
        }
        return output;
    },
 
    base64DecodeUint8Array = function (input) {
        var raw = window.atob(input);
        var rawLength = raw.length;
        var array = new Uint8Array(new ArrayBuffer(rawLength));
 
        for (var i = 0; i &lt; rawLength; i++)
            array[i] = raw.charCodeAt(i);
 
        return array;
    },
 
    onLicenseMessageCallback = function (drmLicenseRequest) {
        var licenseMessage = drmLicenseRequest.licenseMessage,
            base64Message = base64EncodeUint8Array(licenseMessage);
        return base64Message;
    },
 
    onLicenseResponseCallback = function (serverResponse) {
        var keyText = serverResponse.licenseResponse.trim();
        keyText = keyText.replace(/^"(.+(?="$))"$/, '$1');
        return base64DecodeUint8Array(keyText);
    };
  
  
drmManager.acquireLicense(drmMetadata, null, acquireLicenseListener, onLicenseMessageCallback, onLicenseResponseCallback);</codeblock> 
		</p> 
		<p>In Protection data, the new 
		  <uicontrol>certificateResponseType</uicontrol> field is used to set the
		  certificate response type. Here is an example of protection data: 
		  <codeblock outputclass="syntax javascript">{
     "com.apple.fps.1_0": {
         "serverURL": "https://fairplay.license.istreamplanet.com/api/license/9d3ed760-3ba9-4042-b4a4-07e0d8069200",
         "certificateURL":"https://fairplay-stage.license.istreamplanet.com/api/AppCert/9d3ed760-3ba9-4042-b4a4-07e0d8069200",
         "licenseResponseType": "text",
         "certificateResponseType": "text",
         "httpRequestHeaders": {
            "Content-type": "application/x-www-form-urlencoded"
         }
     }
}</codeblock> 
		</p>
		<p>Using the 
		  <codeph>certificateResponseType</codeph> field is optional. If it is
		  not used, the value is assumed to be 
		  <codeph>ArrayBuffer</codeph>. 
		</p> 
	 </section> 
  </conbody> 
</concept> 
