<?xml version="1.0" encoding="UTF-8"?>
<!DOCTYPE concept PUBLIC "-//OASIS//DTD DITA Concept//EN" "technicalContent/dtd/concept.dtd">
<concept id="redirect-overview"> 
  <title>HTTP 302 redirect optimization</title> 
  <shortdesc>302 redirect optimization minimizes the number of 302 redirect
	 responses, which allows your application to load balance more effectively. 
  </shortdesc> 
  <conbody> 
	 <p> If a main manifest request is redirected, and 302 optimization is
		enabled in your player, subsequent requests made for assets from that manifest
		will use the final domain location, which avoids additional 302 responses. This
		feature is enabled by default, and you can change this setting. 
	 </p> 
	 <note type="important">This feature is supported only in the certified
		browsers that support the 
		<codeph>responseURL</codeph> property in the 
		<codeph>XMLHttpRequest</codeph> object. 
	 </note> 
	 <p>For Flash fallback, remember the following information: 
	 <ul id="ul_54905FD324B54D93B0AC56C8C26AABC1"> 
		<li id="li_58633CEDCBC440FA81E8546CD6B91C57">Your end users must have
		  Adobe Flash Player version 23 or later installed. 
		</li> 
		<li id="li_7961CF7856CF449491EC423C14366948">If stream integrity is
		  disabled, 302 redirect is supported on certified browsers only. 
		</li> 
		<!-- <li id="li_FAB022203FA7416281DAD79D8A684A67">If stream integrity is
		  enabled, 302 redirect is supported on all browsers. 
		</li>  Stream integrity deprecated in Flash 2017 01 26 Eric Wenburg  -->
	 </ul> 
	 </p> 
  </conbody> 
</concept> 
