<?xml version="1.0"?>
<!DOCTYPE concept PUBLIC "-//OASIS//DTD DITA Concept//EN" "concept.dtd">
<concept id="concept_vpaid-2.0"> 
  <title>VPAID 2.0 ad support</title> 
  <shortdesc>Video player ad-serving interface definition (VPAID) 2.0 provides
	 a common interface to play video ads. It provides a rich media experience for
	 users and allows publishers to better target ads, track ad impressions, and
	 monetize video content. 
  </shortdesc> 
  <conbody> 
	 <p>The following features are supported: 
	 <ul id="ul_DB359547F79F49B3ABCA21B5E307290C"> 
		<li id="li_9191B5794448427DADC6546245CC9AA8">Version 2.0 of the VPAID
		  specification 
		  <p>For more information, see 
			 <xref
			  href="http://www.iab.com/guidelines/digital-video-player-ad-interface-definition-vpaid-2-0/"
			  format="http" scope="external">IAB VPAID 2.0</xref>. 
		  </p> 
		</li> 
		<li id="li_6E2F8CFE106345A0B5816C250F372A02">Linear VPAID ads with
		  video-on-demand (VOD) content 
		</li> 
		<li id="li_2EBA52D3839E4A8384083A0326B47CA5">In Live content, Browser
		  TVSDK supports pre-roll JavaScript VPAID ads. 
		</li> 
		<li id="li_07B44330F5D947AE99F4DDAF3BC0BEAC"> In Flash fallback mode,
		  Browser TVSDK supports only Flash-based VPAID ads. 
		</li> 
		<li id="li_94F54A8D3731406FA746884B4008E4CB">Linear JavaScript VPAID ads 
		  <p>VPAID ads must be JavaScript-based, and the ad response must
			 identify the media type of the VPAID ad as 
			 <codeph>application/javascript</codeph>. 
		  </p> 
		</li> 
	 </ul> 
	 </p> 
	 <p>The following features are not supported: 
	 <ul id="ul_26BD28DD82DC4AD1A8B5484A0765C6CA"> 
		<li id="li_4601D4DF9519417882E9A59CF627B3E7"> Version 1.0 of the VPAID
		  specification 
		</li> 
		<li id="li_E4066B7E63934E2198EDDF8B2FE4432B">Skippable ads 
		</li> 
		<li id="li_68E45B32C5D84FDDA7E99D2BD86B6160">Nonlinear ads, such as
		  overlay ads, dynamic companion ads, minimizable ads, collapsible ads, and
		  expandable ads 
		</li> 
		<li id="li_88C1326945534A15B3BCEB83E2E184FD">Preloading VPAID ads 
		</li> 
		<li id="li_BEEA008B133E49B188F2017B3090E20C"> VPAID ads in live content 
		</li> 
		<li id="li_55411F2C4FEF4620B9EA771A5C998909">Flash VPAID ads 
		</li> 
	 </ul> 
	 </p> 
	 <section id="section_0DB1D383CA5047B281BC808BC082C69B"> 
		<title>API</title> 
		<p>The following API elements support VPAID 2.0 ads: 
		<ul id="ul_41FCDAEAFE394F94A220AF71759BC1AB"> 
		  <li id="li_5FC342DB6432491385F46A84E800A5B0"> The 
			 <codeph>getCustomAdView</codeph> method of 
			 <codeph>MediaPlayer</codeph> returns a 
			 <codeph>CustomAdView</codeph> object, which represents the web view
			 that renders the VPAID ad. 
			 <p>For more information about the 
				<codeph>getCustomAdView</codeph> method, see 
				<xref
				 href="http://help.adobe.com/en_US/primetime/api/psdk/browser_tvsdk/AdobePSDK.MediaPlayer.html"
				 format="http" scope="external">MediaPlayer API documentation</xref>. 
			 </p> 
		  </li> 
		  <li
			id="li_37FEA944A3EF4BD0A99F6558F9659C9A"><codeph>MediaPlayer.setCustomAdTimeout(int
				milliseconds)</codeph> sets the timeout on the VPAID loading process. 
			 <p>The default timeout value is 10 seconds. 
			 </p> 
		  </li> 
		  <li id="li_F0A5238B6DFB4C1D8CF9A71ADE6AA867">The API, 
			 <codeph>auditudeSettings.ignoreVPAIDAds</codeph>, allows you to
			 ignore VPAID ads received from the Auditude server. The API does not work for
			 Flash Fallback.
		  </li>
		</ul> 
		</p> 
		<p>While the VPAID ad is playing: 
		<ul id="ul_858F7E5CEC9D475BBE836CCC04D90E2B"> 
		  <li id="li_354A695433D44061B6ACC1AA78FD1C14">The VPAID ad is displayed
			 in a view container above the player view, so code that relies on taps by users
			 on the player view does not work. 
		  </li> 
		  <li id="li_41CC91FAD2034EF4A513096E504BB970">Calls to pause and play on
			 the player instance pause and resume the VPAID ad. 
		  </li> 
		  <li id="li_A95ED89A397A4355A539D15ADD7A56FE">VPAID ads do not have a
			 predefined duration, because the ad can be interactive. 
			 <p>The ad duration and total ad break duration that are specified in
				the ad server response might not be accurate. 
			 </p> 
		  </li> 
		</ul> 
		</p> 
	 </section> 
  </conbody> 
</concept> 
