<?xml version="1.0"?>
<!DOCTYPE concept PUBLIC "-//OASIS//DTD DITA Concept//EN" "concept.dtd">
<concept id="c_psdk_new-features_browser-tvsdk-mp3-mp4"> 
  <title>Supported MP3 and MP4 features</title> 
  <shortdesc>Browser TVSDK supports a number of MP3 and MP4 features that you
	 can implement to add functionality to your applications. 
  </shortdesc> 
  <conbody> 
	 <ul id="ul_6D6C8DF0E4BF4C1A91C7F1693050DB3A"> 
		<li id="li_3674350B589A40239ED4A269DAA3DD53"><xref scope="local"
		  format="dita"
		  href="c_psdk_browser_tvsdk_2.4_new-features-A-mp3-mp4.xml#c_psdk_new-features_browser-tvsdk-mp3-mp4/table_dy5_ctf_xx">MP3
			 Audio Features — Core Playback</xref> 
		</li> 
		<li id="li_6E1E8E226C7542E09EA7F467EA8B2460"><xref scope="local"
		  format="dita"
		  href="c_psdk_browser_tvsdk_2.4_new-features-A-mp3-mp4.xml#c_psdk_new-features_browser-tvsdk-mp3-mp4/table_pkt_yyf_xx">MP4
			 Video Features — Core Playback</xref> 
		</li> 
		<li id="li_AD4BFBB9545E497EB7820877D2F30DD0"><xref scope="local"
		  format="dita"
		  href="c_psdk_browser_tvsdk_2.4_new-features-A-mp3-mp4.xml#c_psdk_new-features_browser-tvsdk-mp3-mp4/table_v2v_z1g_xx">MP4
			 Video Features — Core Ad Insertion</xref> 
		</li> 
	 </ul> 
	 <note type="tip">In the feature matrix tables below, 
		<image href="images/supported15.png"
		 id="image_E447E54CB7FB4F669C3C56BC4BFB2640"/> means that the feature is
		supported in the current release. 
	 </note> 
	 <section id="section_C900C301291A40529D02EACC3CD4D55A"> 
		<title>MP3 Audio Features</title> 
		<table id="table_dy5_ctf_xx"> 
		<title>Core Playback</title> 
		<tgroup cols="6"> 
		  <colspec colname="c1" colnum="1"/> 
		  <colspec colname="c2" colnum="2"/> 
		  <colspec colname="c3" colnum="3"/> 
		  <colspec colname="c4" colnum="4"/> 
		  <colspec colname="c5" colnum="5"/> 
		  <colspec colname="c6" colnum="6"/> 
		  <thead> 
			 <row> 
				<entry morerows="1">Category 
				</entry> 
				<entry morerows="1">Content Type 
				</entry> 
				<entry morerows="1">Feature 
				</entry> 
				<entry morerows="1" align="center">Flash 
				</entry> 
				<entry align="center" namest="c5" nameend="c6">HTML5 
				</entry> 
			 </row> 
			 <row> 
				<entry align="center">FF, IE, Chrome, Android Chrome 
				</entry> 
				<entry align="center">Safari, iOS Safari 
				</entry> 
			 </row> 
		  </thead> 
		  <tbody> 
			 <row> 
				<entry>Playback 
				</entry> 
				<entry>MP3 VOD 
				</entry> 
				<entry>General Playback (Play, Pause, Seek) 
				</entry> 
				<entry align="center">Not Supported 
				</entry> 
				<entry align="center"><image href="images/supported15.png"
				  id="image_EED0BEBC0B05412AA376B93C87135098"/>
				</entry> 
				<entry align="center"><image href="images/supported15.png"
				  id="image_0A4B8BE1152744EFAEA3EF0B1F18F41E"/>
				</entry> 
			 </row> 
		  </tbody> 
		</tgroup> 
		</table> 
	 </section> 
	 <section id="section_1A8CBC5AA4FA4477813FD9EFF26AC104"> 
		<title>MP4 Video Features</title> 
		<table id="table_pkt_yyf_xx"> 
		<title>Core Playback</title> 
		<tgroup cols="6"> 
		  <colspec colname="c1" colnum="1"/> 
		  <colspec colname="c2" colnum="2"/> 
		  <colspec colname="c3" colnum="3"/> 
		  <colspec colname="c4" colnum="4"/> 
		  <colspec colname="c5" colnum="5"/> 
		  <colspec colname="c6" colnum="6"/> 
		  <thead> 
			 <row> 
				<entry morerows="1">Category 
				</entry> 
				<entry morerows="1">Content Type 
				</entry> 
				<entry morerows="1">Feature 
				</entry> 
				<entry morerows="1" align="center">Flash 
				</entry> 
				<entry align="center" namest="c5" nameend="c6">HTML5 
				</entry> 
			 </row> 
			 <row> 
				<entry align="center">FF, IE, Chrome, Android Chrome 
				</entry> 
				<entry align="center">Safari, iOS Safari 
				</entry> 
			 </row> 
		  </thead> 
		  <tbody> 
			 <row> 
				<entry>Playback 
				</entry> 
				<entry>MP4 VOD 
				</entry> 
				<entry>General Playback (Play, Pause, Seek) 
				</entry> 
				<entry align="center">Not Supported 
				</entry> 
				<entry align="center"><image href="images/supported15.png"
				  id="image_6F1026641DE54DB3A735F51903FB069E"/>
				</entry> 
				<entry align="center"><image href="images/supported15.png"
				  id="image_0388D4B89F384073BA98753F9170462D"/>
				</entry> 
			 </row> 
		  </tbody> 
		</tgroup> 
		</table> 
		<table id="table_v2v_z1g_xx"> 
		<title>Core Ad insertion</title> 
		<tgroup cols="6"> 
		  <colspec colname="c1" colnum="1"/> 
		  <colspec colname="c2" colnum="2"/> 
		  <colspec colname="c3" colnum="3"/> 
		  <colspec colname="c4" colnum="4"/> 
		  <colspec colname="c5" colnum="5"/> 
		  <colspec colname="c6" colnum="6"/> 
		  <thead> 
			 <row> 
				<entry morerows="1">Category 
				</entry> 
				<entry morerows="1">Content Type 
				</entry> 
				<entry morerows="1">Feature 
				</entry> 
				<entry morerows="1" align="center">Flash 
				</entry> 
				<entry align="center" namest="c5" nameend="c6">HTML5 
				</entry> 
			 </row> 
			 <row> 
				<entry align="center">FF, IE, Chrome, Android Chrome 
				</entry> 
				<entry align="center">Safari, iOS Safari 
				</entry> 
			 </row> 
		  </thead> 
		  <tbody> 
			 <row> 
				<entry>Ad Insertion 
				</entry> 
				<entry>MP4 VOD 
				</entry> 
				<entry>Pre-roll 
				</entry> 
				<entry align="center">Not Supported 
				</entry> 
				<entry align="center"><image href="images/supported15.png"
				  id="image_826687074C57462187B8C1AED24FA0A8"/>
				</entry> 
				<entry align="center"><image href="images/supported15.png"
				  id="image_4E22B29C2E5A4B128FE2F1DF605832AA"/>
				</entry> 
			 </row> 
			 <row> 
				<entry>Ad Insertion 
				</entry> 
				<entry>MP4 VOD 
				</entry> 
				<entry>Post-roll 
				</entry> 
				<entry align="center">Not Supported 
				</entry> 
				<entry align="center"><image href="images/supported15.png"
				  id="image_8C889819D67847E0B405E85095B3EDAD"/>
				</entry> 
				<entry align="center"><image href="images/supported15.png"
				  id="image_D2F2F41678714D2EA76341249D4544CE"/>
				</entry> 
			 </row> 
		  </tbody> 
		</tgroup> 
		</table> 
	 </section> 
  </conbody> 
</concept> 
