<?xml version="1.0"?>
<!DOCTYPE concept PUBLIC "-//OASIS//DTD DITA Concept//EN" "concept.dtd">
<concept id="concept_content_resolver_about"> 
  <title>Opportunity generators and content resolvers</title> 
  <shortdesc>Browser TVSDK provides default opportunity generators and content
	 resolvers that place ads in the timeline, and these generators and resolvers
	 are based on nonstandard tags in the manifest. Your application might need to
	 alter the timeline based on opportunities that are identified in the manifest. 
  </shortdesc> 
  <conbody> 
	 <p>An 
		<term>opportunity</term> represents a point of interest on the timeline
		that usually indicates an ad placement opportunity. This opportunity can also
		indicate a custom operation that might affect the timeline. An 
		<term>opportunity generator</term> identifies specific opportunities
		(tags) in the timeline and notifies TVSDK that these opportunities have been
		tagged. 
	 </p> 
	 <p>Opportunities are identified in a timeline in 
		<codeph>TimedMetata</codeph>. The 
		<codeph>ManifestCuesOpportunityGenerator</codeph> creates opportunities
		based on the 
		<codeph>TimedMetadata</codeph> objects that are created for each
		splice-out ad tag (in 
		<codeph>MediaPlayerItemConfig.adTags</codeph>) that has been detected in
		the manifest. The 
		<codeph>AdSignalingModeOpportunityGenerator</codeph> creates the initial
		opportunity that is based on the 
		<codeph>MediaPlayerItem</codeph> type and its associated ad signaling
		mode. 
	 </p> 
	 <note type="tip">If the 
		<codeph>AdvertisingMetadata.livePreroll</codeph> or the 
		<codeph>AdvertisingMetadata.preroll</codeph> property is set, 
		<codeph>AdSignalingModeOpportunityGenerator</codeph> generates a pre-roll
		opportunity for live streams. 
	 </note> 
	 <p>When your application is notified about an opportunity (tag), your
		application might alter the timeline by, for example, inserting a series of
		ads. By default, Browser TVSDK calls the appropriate 
		<term>content resolver</term> to implement the required timeline changes
		or actions. Your application can use the default Browser TVSDK advertisement
		content resolver or register its own content resolver. 
	 </p> 
	 <p>You can also use 
		<codeph>MediaPlayerItemConfig.adTags</codeph> to add more ad marker
		tags/cues for the default 
		<codeph>ManifestCuesOpportunityGenerator</codeph> class and use 
		<codeph>MediaPlayerItemConfig.subscribedTags</codeph> so that TVSDK can
		notify your application about additional tags that might have advertising
		workflow information.. 
	 </p> 
	 <note type="tip">The default values of 
		<codeph>MediaPlayerItemConfig.adTags</codeph> and 
		<codeph>MediaPlayerItemConfig.subscribeTags</codeph> is 
		<codeph>[MediaPlayerItemConfig.DEFAULT_AD_TAG]</codeph>. 
	 </note> 
  </conbody> 
</concept> 
