<?xml version="1.0"?>
<!DOCTYPE concept PUBLIC "-//OASIS//DTD DITA Concept//EN" "concept.dtd">
<concept id="metrics"> 
  <title>Metrics</title> 
  <shortdesc>Browser TVSDK provides metrics to use for analyzing and debugging.
	 You can get these metrics by using 
	 <codeph>QoSProvider</codeph>. 
  </shortdesc> 
  <conbody> 
	 <p>For example: 
		<codeblock outputclass="syntax javascript">var qosProvider = new AdobePSDK.QOSProvider();
qosProvider.attachMediaPlayer(player);
var metrics = qosProvider.playbackInformation;</codeblock> 
	 </p> 
  </conbody> 
</concept> 
