<?xml version="1.0"?>
<!DOCTYPE concept PUBLIC "-//OASIS//DTD DITA Concept//EN" "concept.dtd">
<!-- Created with XMetaL (http://www.xmetal.com) -->
<concept id="concept_36F0832A2F8B4F6DB3D7B5027A6D3652"> 
  <title>Sample AES encrypted HLS streams</title> 
  <shortdesc>While the AES-128 encryption method encrypts the entire transport
	 stream (TS) container including headers, the SAMPLE-AES encryption only
	 encrypts the audio and part of the video data. 
  </shortdesc> 
  <conbody> 
	 <p>In encrypted streams, a protected block is identified over which the
		protection process is completed. H.264 video protected blocks are the body of
		types 1 and 5 of network adaptation layer (NAL) units. A protected block of
		audio is an audio frame, and audio must be in the AAC format. 
	 </p> 
	 <note type="important">You must have the key and the initialization vector
		(IV). Browser TVSDK uses the key and IV to decrypt the stream before playing
		it. 
	 </note> 
	 <p>Each protected block contains an integer of 16-byte blocks that are
		encrypted using the AES-128 cipher block-chaining (CBC) mode with no padding.
		CBC occurs in each protected block, and at the start of each new protected
		block, the IV must be reset to its original value. 
	 </p> 
	 <p>The following codecs are supported: 
	 <ul id="ul_89A1488CDBAE48798181F531D027B6F5"> 
		<li id="li_DD2534BE678E4EDB829C214B289C5516">For video, H.264 is
		  supported. 
		</li> 
		<li id="li_62D087CA86DF4818A96EB7BBDCCD8F6B">For audio, sample-AES is
		  supported only for AAC. 
		</li> 
	 </ul> 
	 </p> 
  </conbody> 
</concept> 
