<?xml version="1.0"?>
<!DOCTYPE concept PUBLIC "-//OASIS//DTD DITA Concept//EN" "concept.dtd">
<concept id="c_psdk_android_psdkconfig-methods"> 
  <title>Config class methods for tags</title> 
  <shortdesc>You can configure custom tag names in a stream with the 
	 <codeph>MediaPlayerItemConfig</codeph> class. 
  </shortdesc> 
  <conbody> 
	 <p>To create a new 
		<codeph>MediaPlayerItemConfig</codeph>: 
		<codeblock outputclass="syntax javascript">var mediaPlayerItemConfig = new AdobePSDK.MediPlayerItemConfig();</codeblock> Here is some information about how the 
		<codeph>MediaPlayerItemConfig</codeph> methods are used to manage custom
		tags: 
		<table id="table_0AC0973497144DDAB05726E3F031ACD1"> 
		  <tgroup cols="2"> 
			 <colspec colnum="1" colname="col1" colwidth="*"/> 
			 <colspec colnum="2" colname="col2" colwidth="*"/> 
			 <tbody> 
				<row> 
				  <entry namest="col1" nameend="col2"><b>Subscribe to specific
						custom tags</b> 
				  </entry> 
				</row> 
				<row> 
				  <entry colname="col1"> 
					 <codeblock outputclass="syntax javascript">var subscribeTagsObtained = mediaPlayerItemConfig.subscribeTags;</codeblock> 
				  </entry> 
				  <entry colname="col2"> 
					 <p>Retrieves the current list of subscribed tags. 
					 </p> 
				  </entry> 
				</row> 
				<row> 
				  <entry colname="col1"> 
					 <codeblock outputclass="syntax javascript">var subscribeTags = ["#EXT-X-PROGRAM-DATE-TIME"];
mediaPlayerItemConfig.subscribeTags = subscribeTags;
</codeblock> 
				  </entry> 
				  <entry colname="col2"> 
					 <p>Sets the list of subscribed tags exposed to the application.
						
					 </p> 
					 <p>Your application is also automatically subscribed to all
						tags that are transmitted through 
						<codeph>adTags</codeph>. 
					 </p> 
				  </entry> 
				</row> 
				<row> 
				  <entry namest="col1" nameend="col2"><b>Customize the ad tags used
						by the default opportunity detector 
					 </b> 
				  </entry> 
				</row> 
				<row> 
				  <entry colname="col1"> 
					 <codeblock outputclass="syntax javascript">var adTagsObtained = mediaPlayerItemConfig.adTags;</codeblock> 
				  </entry> 
				  <entry colname="col2"> 
					 <p>Retrieves the current list of ad tags. 
					 </p> 
				  </entry> 
				</row> 
				<row> 
				  <entry colname="col1"> 
					 <codeblock outputclass="syntax javascript">var adTags = ["#EXT-X-CUE"];
mediaPlayerItemConfig.adTags = adTags;
</codeblock> 
				  </entry> 
				  <entry colname="col2"> 
					 <p>Sets the list of ad tags to be used by the default
						opportunity generator. 
					 </p> 
				  </entry> 
				</row> 
			 </tbody> 
		  </tgroup> 
		</table> 
	 </p> 
	 <p>Remember the following: 
	 <ul id="ul_9ED9020B38EE400C9FF13C9637823650"> 
		<li id="li_13B7FA0153B740ACB6D7AC424EA3093C">The custom tag name must
		  contain the 
		  <codeph>#</codeph> prefix. 
		  <p>For example, 
			 <codeph>#EXT-X-ASSET</codeph> is a correct custom tag name, but 
			 <codeph>EXT-X-ASSET</codeph> is incorrect. 
		  </p> 
		</li> 
		<li id="li_0E4E29CE4CF3478F84577D8908108BDA">You cannot change the
		  configuration after the media stream has been loaded. 
		</li> 
	 </ul> 
	 </p> 
  </conbody> 
</concept> 
