<?xml version="1.0"?>
<!DOCTYPE concept PUBLIC "-//OASIS//DTD DITA Concept//EN" "concept.dtd">
<!-- Created with XMetaL (http://www.xmetal.com) -->
<concept id="concept_3A71C2EFF7A84ABAA5E0C4854B51191E"> 
  <title>The UI Framework</title> 
  <shortdesc>The UI framework is a UI layer on top of Browser TVSDK, which
	 provides various video player-related UI constructs out of the box. You can
	 create a highly customizable player by making the point changes that are
	 appropriate for your environment. 
  </shortdesc> 
  <conbody> 
	 <p> 
		<note type="tip">Visual (skinning) and UI behavior is customizable. 
		</note> 
	 </p> 
	 <p>You can rewrite your own behaviors or override the functionality of
		certain default behaviors. You can also reuse the behaviors that are supplied
		with SDK by writing the behaviors from scratch. 
	 </p> 
	 <section id="section_30E4812C4DDA4B519C9C837930B6AE45"> 
		<title>Creating a basic player</title> 
		<p><codeph>primetimevisualapi.min.js</codeph> is the UI framework
		  library, and all of its functionality is exposed through the global object ptp.
		  In the following example, 
		  <codeph>videoPlayer</codeph> methods creates the underlying player: 
		  <codeblock outputclass="syntax javascript">&lt;script src="scripts/primetimevisualapi.min.js"&gt;&lt;/script&gt;
&lt;script&gt;
    (function(){
        var player = ptp.videoPlayer('#video1');
    })();
&lt;/script&gt;</codeblock> 
		</p> 
	 </section> 
	 <section id="section_9FC936B983CD40439E6D7675197B226C"> 
		<title>Configuring the player</title> 
		<p>You can configure the player in one of the following ways: 
		<ul id="ul_02372515E6DB488B85701B070AE175E8"> 
		  <li id="li_C047D994063B42F38F4E2C029BB68916">Using the JSON object 
		  </li> 
		  <li id="li_2756D711B9244590BB9AF0AC3C3E5A1F">Using APIs 
		  </li> 
		</ul> 
		</p> 
		<p>To generate the JSON object, Browser TVSDK provides a UI Configurator
		  tool. In the tool, you can select various settings, click 
		  <uicontrol>Test Configuration</uicontrol> to verify the settings, and
		  click 
		  <uicontrol>Download Configuration</uicontrol> to download the settings.
		  The contents of the downloaded file are used as JSON object to be passed to the
		  
		  <codeph>ptp.videoPlayer</codeph> API. 
		</p> 
		<p> 
		  <b>How to run the UI Configurator tool</b>: 
		<ol id="ol_0DD1D692946740519095AB7B8D466284"> 
		  <li id="li_E10258F618DC4AB1985D6E7F230CC051"> Host the 
			 <codeph>frameworks</codeph> folder, that is available in Browser
			 TVSDK, on a local web server. 
		  </li> 
		  <li id="li_D1737334D8534B71AA4CB6AE99D1ECF5">To open the tool, open a
			 browser and navigate to 
			 <codeph>&lt;<i>path-to-hosted-frameworks-folder</i>&gt;/ui-framework/ui-configurator/</codeph>.
			 
		  </li> 
		</ol> 
		</p> 
		<p><b>Configuring the behavior of the player</b> 
		</p> 
		<p>You can configure the player behavior in one of the following ways: 
		  <note type="tip">For some of the settings, both the options are
			 available. 
		  </note> 
		<ul id="ul_E31B6D67F7A64CBDBCADF8B0BC235F96"> 
		  <li id="li_9E29F3FD61564F86BB82C184987313C5"><b>Using the videoBehavior
				APIs</b> 
			 <p><codeph>ptp.videoPlayer</codeph> returns the 
				<codeph>ptp.videoBehavior</codeph>, which allows you to configure
				the underlying video player. If some playback-related setting needs to be
				configured, you can use this option. 
				<codeblock outputclass="syntax javascript">player.setAbrControlParameters ({object})</codeblock> 
			 </p> 
		  </li> 
		  <li id="li_020A83E045EC45A1AA688F947DB5A27B"><b>Passing a configuration
				object to the videoPlayer function</b> 
			 <p>When you use this object, the behavior of the UI can be configured
				in addition to the playback settings discussed above. The caller needs to
				specify the parameters that must be changed, and the player will continue to
				use default values for the unspecified parameters. 
				<codeblock outputclass="syntax javascript">var player = ptp.videoPlayer('#video1', {
        player: {
            abrControlParameters : {object}
    },
    controlBar : {object}
});</codeblock> 
			 </p> 
			 <p>In the example above, ABR control parameters were configured by
				using a configuration object. An object was also passed to configure the
				control bar behavior. 
			 </p> 
			 <p>Please refer View Configuration objects structure section below
				for the structure of the configuration object. 
			 </p> 
		  </li> 
		  <li id="li_097FD76DC8CC4211B0280879A5A93F01"><b>Access to
				AdobePSDK.MediaPlayer</b> 
			 <p>You can use 
				<codeph>videoPlayer.getMediaPlayer</codeph> in certain advanced use
				cases where you need access to Browser TVSDK's MediaPlayer. 
			 </p> 
		  </li> 
		  <li id="li_FCF89A5D454545778D329269670BFA7A"><b>Configuring the
				skinning of the player</b> 
			 <p>For more information about skinning the player, see 
				<xref
				href="c_psdk_browser_tvsdk_2.4_skin-the-player.xml#concept_EE9A981AA25C4C4480C3CA63A0E6669E"
				format="dita" scope="local"><?xm-replace_text Skinning the player?></xref>. 
			 </p> 
		  </li> 
		</ul> 
		</p> 
	 </section> 
	 <section id="section_D5D692638FFF4BEF81F7BE70E438CCE9"> 
		<title>Modifying a default behavior</title> 
		<p>In UI framework terminology, a behavior is a construct that defines
		  the visual part and the interaction part of a specific component. By using the
		  object structure outlined below, you can modify what you want to change in the
		  behavior. 
		</p> 
		<p>For example, after the volume slider is visible, if you do not want to
		  hide it, use the following sample: 
		  <codeblock outputclass="syntax javascript">var customVolumeSliderBehavior = function (element, configuration, player) {
    function neverHide() {
        // do nothing
 }

    var api = ptp.volumeSliderBehavior(element, configuration, player)
        .compose({
            hide: neverHide
 });
    return api;
};
var player = ptp.videoPlayer('.videoHolder', {
    controlBar : {
        volume: {
            slider: {
                behavior: customVolumeSliderBehavior
 }
        }
    }
}</codeblock> 
		</p> 
		<note>Depending upon the customization that you want, you can override
		  certain functionality in the behavior or write your own behavior. For more
		  information about which functionality can be overridden, see the 
		  <xref
		  href="http://help.adobe.com/en_US/primetime/api/psdk/btvsdk-ui-framework/index.html"
		  format="html" scope="external">UI framwork</xref> API documentation. 
		</note> 
	 </section> 
	 <section id="section_0A76A3F44D8A49B09FE4C83F3FACCB76"> 
		<title>References</title> 
		<p>Here is some additional reference information: 
		<ul id="ul_93FF55006A7E44EEA943966D0FCA0730"> 
		  <li id="li_C7C2876477FA4CE8B9BCA8054CBAB902"><b>View Configuration
				objects structure</b> 
			 <p>This is the complete object structure that mentions all of the
				default behaviors in hierarchical manner with the default elements for the
				behaviors. In the sample configuration, UI factories were used to create the
				element. You can use the same ones or your preferred ways to construct the
				elements. 
			 </p> 
			 <p>You need to specify only the parts you want to change, and the
				rest of the functionality will be selected from defaults. To start, depending
				on the use case, you need to supply the 
				<codeph>SingleViewConfigurationObject</codeph> or the 
				<codeph>MultiViewConfigurationObject</codeph> structure. 
				<codeblock outputclass="syntax javascript">var DEFAULT_CONTROL_BAR_CONFIG = {
    behavior: ptp.controlBarBehavior,
    element: ptp.factories.simpleDivFactory(null, ptp.elementGetter(selector), 'ptp-control-bar'),
    audioTrack: {
        behavior: ptp.audioTrackButtonBehavior,
        element: ptp.factories.simpleButtonFactory('audioTrackBtn', ptp.elementGetter('.ptp-control-bar'),
            'ptp-control ptp-btn-control ptp-button-background ptp-btn-audio-track ptp-control-bar-btn')
    },
    closedCaption: {
        behavior: ptp.closedCaptionButtonBehavior,
        element: ptp.factories.simpleButtonFactory('cc', ptp.elementGetter('.ptp-control-bar'),
            'ptp-control ptp-btn-control ptp-button-background ' +
            'ptp-btn-closed-caption ptp-control-bar-btn hidden',
            'CC')
    },
    displayTime: {
        behavior: ptp.timeRemainingBehavior,
        element: ptp.factories.simpleDivFactory('displayTime', ptp.elementGetter('.ptp-control-bar'),
            'ptp-control ptp-txt-control ptp-txt-display-time')
    },
    fastForward: {
        behavior: ptp.fastForwardButtonBehavior,
        element: ptp.factories.simpleButtonFactory('fastForward', ptp.elementGetter('.ptp-control-bar'),
            'ptp-control ptp-btn-control ptp-button-background ptp-btn-fastforward ptp-control-bar-btn',
            'Fast Forward')
    },
    fastRewind: {
        behavior: ptp.fastRewindButtonBehavior,
        element: ptp.factories.simpleButtonFactory('fastRewind', ptp.elementGetter('.ptp-control-bar'),
            'ptp-control ptp-btn-control ptp-button-background ptp-btn-fastrewind ptp-control-bar-btn',
            'Fast Rewind')
    },
    fullScreen: {
        behavior: ptp.fullScreenButtonBehavior,
        element: ptp.factories.simpleButtonFactory('fullScreen', ptp.elementGetter('.ptp-control-bar'),
            'ptp-control ptp-btn-control ptp-button-background ptp-btn-fullscreen ptp-control-bar-btn',
            'Full Screen')
    },
    moreOptions: {
        behavior: ptp.moreOptionsButtonBehavior,
        element: ptp.factories.simpleButtonFactory('moreOptions', ptp.elementGetter('.ptp-control-bar'),
            'ptp-control ptp-btn-control ptp-button-background ptp-btn-more-options ptp-control-bar-btn',
            'More Options')
    },
    multiView: {
        behavior: ptp.multiViewButtonBehavior,
        element: ptp.factories.simpleButtonFactory('multiView', ptp.elementGetter('.ptp-control-bar'),
            'ptp-control ptp-btn-control ptp-button-background ptp-btn-multiview ptp-control-bar-btn',
            'Multi View')
    },
    socialButton: {
        behavior: ptp.shareVideoButtonBehavior,
        element: ptp.factories.simpleButtonFactory('shareVideo', ptp.elementGetter('.ptp-control-bar'),
            'ptp-control ptp-btn-control ptp-button-background ptp-btn-share-video ptp-control-bar-btn',
            'Share Video')
    },
    volume: {
        behavior: ptp.volumeBehavior,
        element: ptp.factories.simpleDivFactory('volume', ptp.elementGetter('.ptp-control-bar'),
            'ptp-control ptp-volume-control ptp-control-bar-btn'),
        mute: {
            behavior: ptp.muteButtonBehavior,
            element: ptp.factories.simpleButtonFactory('mute', ptp.elementGetter('.ptp-volume-control'),
                'ptp-control ptp-button-background ptp-btn-volume', 'Mute')
        },
        slider: {
            behavior: ptp.volumeSliderBehavior,
            element: ptp.factories.simpleSliderFactory('volumeSlider', ptp.elementGetter('.ptp-volume-control'),
                'ptp-control ptp-volume-slider ptp-volume-hidden', 'Volume')
        }
    },
    pip: {
        behavior: ptp.pipButtonBehavior,
        element: ptp.factories.simpleButtonFactory('pip', ptp.elementGetter('.ptp-control-bar'),
            'ptp-control ptp-btn-control ptp-button-background ptp-btn-pip ptp-control-bar-btn', 'PIP')
    },
    playPause: {
        behavior: ptp.playPauseButtonBehavior,
        element: ptp.factories.simpleButtonFactory('play', ptp.elementGetter('.ptp-control-bar'),
            'ptp-control ptp-btn-control ptp-button-background ptp-btn-playpause ptp-control-bar-btn',
            'Play')
    },
    rewind: {
        behavior: ptp.rewindButtonBehavior,
        element: ptp.factories.simpleButtonFactory('rewind', ptp.elementGetter('.ptp-control-bar'),
            'ptp-control ptp-btn-control ptp-button-background ptp-btn-rewind ptp-control-bar-btn',
            'Rewind')
    },
    scrubBar: {
        element: ptp.factories.simpleDivFactory('scrubBar', ptp.elementGetter('.ptp-control-bar'), 'ptp-scrub-bar'),
        behavior: ptp.scrubBarBehavior,
 },
  bufferProgressBar: {
            element: ptp.factories.simpleDivFactory('bufferProgressBar', ptp.elementGetter('.ptp-scrub-bar'),
                'ptp-buffer-progress-bar'),
            behavior: ptp.bufferProgressBarBehavior
  },
    seekToBar: {
            element: ptp.factories.simpleDivFactory('seekToBar', ptp.elementGetter('.ptp-scrub-bar'), 'ptp-seek-to-bar'),
            behavior: ptp.seekToBarBehavior
  },
    playbackProgressBar: {
            element: ptp.factories.simpleDivFactory('playbackProgressBar', ptp.elementGetter('.ptp-scrub-bar'),
                'ptp-playback-progress-bar'),
            behavior: ptp.playProgressBarBehavior
  },
    playHead: {
            element: ptp.factories.simpleDivFactory('playHead', ptp.elementGetter('.ptp-scrub-bar'), 'ptp-progress-bar-play-head'),
            behavior: ptp.playHeadBehavior
  }
    },
    slowRewind: {
        behavior: ptp.slowRewindButtonBehavior,
        element: ptp.factories.simpleButtonFactory('slowRewind', ptp.elementGetter('.ptp-control-bar'),
            'ptp-control ptp-btn-control ptp-button-background ptp-btn-slowrewind ptp-control-bar-btn',
            'Slow Rewind'),
        enabled: true
 },
    slowForward: {
        behavior: ptp.slowForwardButtonBehavior,
        element: ptp.factories.simpleButtonFactory('slowForward', ptp.elementGetter('.ptp-control-bar'),
            'ptp-control ptp-btn-control ptp-button-background ptp-btn-slowforward ptp-control-bar-btn',
            'Slow Forward')
    },
    spacer: {
        element: ptp.factories.simpleDivFactory('spacer', ptp.elementGetter('.ptp-control-bar'), 'ptp-fill-spacer')
    },
    trickPlayRateDisplay: {
        behavior: ptp.trickPlayRateDisplayBehavior,
        element: ptp.factories.simpleDivFactory('trickPlayDisplay',
            ptp.elementGetter('.ptp-control-bar'),
            'ptp-control ptp-btn-control ptp-control-bar-trick-play-rate hidden')
    }
};
var DEFAULT_LOCALIZATION_CONFIG = {
    locale: 'en-US',
    behavior: mapLocalizer,
    localizationMap: {
        'en-US': {
            OK: 'Okay',
            CANCEL: 'Cancel',
            DEFAULT: 'Default',
            NONE: 'None',
            FONT_MONO_W_SERIF: 'Monospaced With Serifs',
            FONT_PROP_W_SERIF: 'Proportional with Serifs',
            FONT_MONO_WO_SERIF: 'Monospaced without Serifs',
            FONT_CASUAL: 'Casual',
            FONT_CURSIVE: 'Cursive',
            FONT_SMALL_CAPS: 'Small Capitals',
            FONT_EDGE_DEFAULT: 'Default',
            FONT_EDGE_NONE: 'None',
            FONT_EDGE_RAISED: 'Raised',
            FONT_EDGE_DEPRESSED: 'Depressed',
            FONT_EDGE_UNIFORM: 'Uniform',
            FONT_EDGE_DROP_SHADOW_LEFT: 'Drop Shadow Left',
            FONT_EDGE_DROP_SHADOW_RIGHT: 'Drop Shadow Right',
            SIZE_SMALL: 'Small',
            SIZE_MEDIUM: 'Medium',
            SIZE_LARGE: 'Large',
            COLOR_BLACK: 'Black',
            COLOR_GREY: 'Grey',
            COLOR_WHITE: 'White',
            COLOR_BRIGHT_WHITE: 'Bright White',
            COLOR_DARK_RED: 'Dark Red',
            COLOR_RED: 'Red',
            COLOR_BRIGHT_RED: 'Bright Red',
            COLOR_DARK_GREEN: 'Dark Green',
            COLOR_GREEN: 'Green',
            COLOR_BRIGHT_GREEN: 'Bright Green',
            COLOR_DARK_BLUE: 'Dark Blue',
            COLOR_BLUE: 'Blue',
            COLOR_BRIGHT_BLUE: 'Bright Blue',
            COLOR_DARK_YELLOW: 'Dark Yellow',
            COLOR_YELLOW: 'Yellow',
            COLOR_BRIGHT_YELLOW: 'Bright Yellow',
            COLOR_DARK_MAGENTA: 'Dark Magenta',
            COLOR_MAGENTA: 'Magenta',
            COLOR_BRIGHT_MAGENTA: 'Bright Magenta',
            COLOR_DARK_CYAN: 'Dark Cyan',
            COLOR_CYAN: 'Cyan',
            COLOR_BRIGHT_CYAN: 'Bright Cyan',
            REPLAY: 'Replay',
            PLAY: 'Play',
            PAUSE: 'Pause',
            STOP: 'Stop'
  }
    }
};
var DEFAULT_AUDIO_TRACK_SELECTION_CONFIG = {
    behavior: ptp.audioTrackSelectionPanelBehavior,
    element: ptp.factories.simpleDivFactory('audioTrackSelectionPanel', ptp.elementGetter(selector),
        'ptp-audio-track-selection-panel hidden'),
    audioTrackSelectionPanelHeader: {
        behavior: ptp.audioTrackSelectionPanelHeader,
        element: ptp.factories.simpleDivFactory('header', ptp.elementGetter('.ptp-audio-track-selection-panel'),
            'ptp-panel-header ptp-audio-track-selection-header'),
        audioTrackSelectionPanelCloseButton: {
            behavior: ptp.buttonBehavior,
            element: ptp.factories.simpleDivFactory('closeButton', ptp.elementGetter('.ptp-audio-track-selection-header'),
                'ptp-control ptp-btn-control ptp-panel-close-btn', 'X')
        },
        audioTrackSelectionPanelTitle: {
            element: ptp.factories.simpleDivFactory('title', ptp.elementGetter('.ptp-audio-track-selection-header'),
                'ptp-panel-title', 'Audio Track')
        }
    },
    audioTrackSelectionPanelSeparator: {
        element: ptp.factories.simpleHRFactory('audioTrackSelectionPanelSeparator',
            ptp.elementGetter('.ptp-audio-track-selection-panel'), 'ptp-hr-separator')
    },
    audioTrackSelectionMenu: {
        behavior: ptp.audioTrackSelectionMenu,
        element: ptp.factories.simpleDivFactory('audioTrackSelectionMenu', ptp.elementGetter('.ptp-audio-track-selection-panel'),
            'ptp-audio-track-selection-menu', 'Menu TBD')
    }
};

var DEFAULT_CLOSED_CAPTION_LANGUAGE_PANEL_CONFIG = {
    behavior: ptp.closedCaptionLanguagePanelBehavior,
    element: ptp.factories.simpleDivFactory('closedCaptionLanguagePanel', ptp.elementGetter(selector),
        'ptp-closed-caption-panel hidden ptp-closed-caption-language-panel'),
    closedCaptionLanguagePanelHeader: {
        behavior: ptp.closedCaptionLanguagePanelHeader,
        element: ptp.factories.simpleDivFactory('header', ptp.elementGetter('.ptp-closed-caption-language-panel'),
            'ptp-panel-header ptp-closed-caption-language-header'),
        closedCaptionLanguageCloseButton: {
            behavior: ptp.buttonBehavior,
            element: ptp.factories.simpleDivFactory('closeButton', ptp.elementGetter('.ptp-closed-caption-language-header'),
                'ptp-control ptp-btn-control ptp-panel-close-btn', 'X')
        },
        closedCaptionLanguageTitle: {
            element: ptp.factories.simpleDivFactory('title', ptp.elementGetter('.ptp-closed-caption-language-header'),
                'ptp-panel-title', 'Closed Captions')
        },
        closedCaptionLanguageOptionsButton: {
            behavior: ptp.buttonBehavior,
            element: ptp.factories.simpleDivFactory('title', ptp.elementGetter('.ptp-closed-caption-language-header'),
                'ptp-closed-caption-options-btn', 'Options')
        }
    },
    closedCaptionLanguageSeparator: {
        element: ptp.factories.simpleHRFactory('closedCaptionLanguageSeparator', ptp.elementGetter('.ptp-closed-caption-panel'),
            'ptp-hr-separator')
    },
    closedCaptionOptions: {
        behavior: ptp.closedCaptionLanguageMenu,
        element: ptp.factories.simpleDivFactory('captionLanguageMenu', ptp.elementGetter('.ptp-closed-caption-panel'),
            'ptp-scroll-bar ptp-closed-caption-language-menu')
    }
};

var DEFAULT_CLOSED_CAPTION_OPTIONS_PANEL_CONFIG = {
    behavior: ptp.closedCaptionOptionsPanelBehavior,
    element: ptp.factories.simpleDivFactory('closedCaptionOptionsPanel', ptp.elementGetter(selector),
        'ptp-closed-caption-panel hidden ptp-closed-caption-options-panel'),
    closedCaptionOptionsHeader: {
        behavior: ptp.closedCaptionOptionsPanelHeader,
        element: ptp.factories.simpleDivFactory('closedCaptionOptionsHeader', ptp.elementGetter('.ptp-closed-caption-options-panel'),
            'ptp-panel-header ptp-closed-caption-options-header'),
        closedCaptionOptionsCloseButton: {
            behavior: ptp.buttonBehavior,
            element: ptp.factories.simpleDivFactory('closedCaptionOptionsCloseButton',
                ptp.elementGetter('.ptp-closed-caption-options-header'),
                'ptp-control ptp-btn-control ptp-panel-close-btn', '&lt;')
        },
        closedCaptionOptionsTitle: {
            element: ptp.factories.simpleDivFactory('closedCaptionOptionsTitle',
                ptp.elementGetter('.ptp-closed-caption-options-header'), 'ptp-panel-title', 'Closed Captions')
        },
        closedCaptionLanguageDoneButton: {
            behavior: ptp.buttonBehavior,
            element: ptp.factories.simpleDivFactory('closedCaptionLanguageDoneButton',
                ptp.elementGetter('.ptp-closed-caption-options-header'), 'ptp-closed-caption-done-btn', 'Done')
        }
    },
    closedCaptionOptionsHeaderSeparator: {
        element: ptp.factories.simpleHRFactory('closedCaptionOptionsHeaderSeparator',
            ptp.elementGetter('.ptp-closed-caption-options-panel'), 'ptp-hr-separator')
    },
    closedCaptionOptionsMenu: {
        behavior: ptp.closedCaptionOptionsMenu,
        element: ptp.factories.simpleDivFactory('closedCaptionOptionsMenu', ptp.elementGetter('.ptp-closed-caption-options-panel'),
            'ptp-closed-caption-options-menu'),
        closedCaptionOptionsMainMenu: {
            behavior: ptp.closedCaptionOptionsMainMenu,
            element: ptp.factories.simpleDivFactory('closedCaptionOptionsMainMenu',
                ptp.elementGetter('.ptp-closed-caption-options-menu'),
                'ptp-scroll-bar ptp-closed-caption-options-main-menu'),
            closedCaptionOptionsFontStyle: {
                behavior: ptp.buttonBehavior,
                element: ptp.factories.simpleDivFactory('closedCaptionOptionsFontStyle',
                    ptp.elementGetter('.ptp-closed-caption-options-main-menu'),
                    'ptp-closed-caption-options-menu-item', 'Font Style')
            },
            closedCaptionOptionsFontSize: {
                behavior: ptp.buttonBehavior,
                element: ptp.factories.simpleDivFactory('closedCaptionOptionsFontSize',
                    ptp.elementGetter('.ptp-closed-caption-options-main-menu'),
                    'ptp-closed-caption-options-menu-item', 'Font Size')
            },
            closedCaptionOptionsFontColor: {
                behavior: ptp.buttonBehavior,
                element: ptp.factories.simpleDivFactory('closedCaptionOptionsFontColor',
                    ptp.elementGetter('.ptp-closed-caption-options-main-menu'),
                    'ptp-closed-caption-options-menu-item', 'Font Color')
            },
            closedCaptionOptionsFontOpacity: {
                behavior: ptp.buttonBehavior,
                element: ptp.factories.simpleDivFactory('closedCaptionOptionsFontOpacity',
                    ptp.elementGetter('.ptp-closed-caption-options-main-menu'),
                    'ptp-closed-caption-options-menu-item', 'Font Opacity')
            },
            closedCaptionOptionsBackgroundColor: {
                behavior: ptp.buttonBehavior,
                element: ptp.factories.simpleDivFactory('closedCaptionOptionsBackgroundColor',
                    ptp.elementGetter('.ptp-closed-caption-options-main-menu'),
                    'ptp-closed-caption-options-menu-item', 'Background Color')
            },
            closedCaptionOptionsBackgroundOpacity: {
                behavior: ptp.buttonBehavior,
                element: ptp.factories.simpleDivFactory('closedCaptionOptionsBackgroundOpacity',
                    ptp.elementGetter('.ptp-closed-caption-options-main-menu'),
                    'ptp-closed-caption-options-menu-item', 'Background Opacity')
            },
            closedCaptionOptionsFillColor: {
                behavior: ptp.buttonBehavior,
                element: ptp.factories.simpleDivFactory('closedCaptionOptionsFillColor',
                    ptp.elementGetter('.ptp-closed-caption-options-main-menu'),
                    'ptp-closed-caption-options-menu-item', 'Fill Color')
            },
            closedCaptionOptionsFillOpacity: {
                behavior: ptp.buttonBehavior,
                element: ptp.factories.simpleDivFactory('closedCaptionOptionsFillOpacity',
                    ptp.elementGetter('.ptp-closed-caption-options-main-menu'),
                    'ptp-closed-caption-options-menu-item', 'Fill Opacity')
            },
            closedCaptionOptionsFontEdge: {
                behavior: ptp.buttonBehavior,
                element: ptp.factories.simpleDivFactory('closedCaptionOptionsFontEdge',
                    ptp.elementGetter('.ptp-closed-caption-options-main-menu'),
                    'ptp-closed-caption-options-menu-item', 'Stroke Weight')
            },
            closedCaptionOptionsFontEdgeColor: {
                behavior: ptp.buttonBehavior,
                element: ptp.factories.simpleDivFactory('closedCaptionOptionsFontEdgeColor',
                    ptp.elementGetter('.ptp-closed-caption-options-main-menu'),
                    'ptp-closed-caption-options-menu-item', 'Stroke Color')
            }
        },
        closedCaptionOptionsMenuSeparator: {
            element: ptp.factories.simpleHRFactory('closedCaptionOptionsMenuSeparator',
                ptp.elementGetter('.ptp-closed-caption-options-menu'),
                'ptp-closed-caption-options-menu-separator')
        },
        closedCaptionOptionsSubMenu: {
            behavior: ptp.closedCaptionOptionsSubMenu,
            closedCaptionOptionsFontStyleSubMenu: {
                behavior: ptp.verticalListMenu,
                element: ptp.factories.simpleDivFactory('closedCaptionOptionsFontStyleSubMenu',
                    ptp.elementGetter('.ptp-closed-caption-options-menu'),
                    'ptp-scroll-bar ptp-closed-caption-options-sub-menu hidden')
            },
            closedCaptionOptionsFontEdgeSubMenu: {
                behavior: ptp.verticalListMenu,
                element: ptp.factories.simpleDivFactory('closedCaptionOptionsFontEdgeSubMenu',
                    ptp.elementGetter('.ptp-closed-caption-options-menu'),
                    'ptp-scroll-bar ptp-closed-caption-options-sub-menu hidden')
            },
            closedCaptionOptionsFontEdgeColorSubMenu: {
                behavior: ptp.verticalListMenu,
                element: ptp.factories.simpleDivFactory('closedCaptionOptionsFontEdgeColorSubMenu',
                    ptp.elementGetter('.ptp-closed-caption-options-menu'),
                    'ptp-scroll-bar ptp-closed-caption-options-sub-menu hidden')
            },
            closedCaptionOptionsFontSizeSubMenu: {
                behavior: ptp.verticalListMenu,
                element: ptp.factories.simpleDivFactory('closedCaptionOptionsFontSizeSubMenu',
                    ptp.elementGetter('.ptp-closed-caption-options-menu'),
                    'ptp-scroll-bar ptp-closed-caption-options-sub-menu hidden')
            },
            closedCaptionOptionsFontColorSubMenu: {
                behavior: ptp.verticalListMenu,
                element: ptp.factories.simpleDivFactory('closedCaptionOptionsFontColorSubMenu',
                    ptp.elementGetter('.ptp-closed-caption-options-menu'),
                    'ptp-scroll-bar ptp-closed-caption-options-sub-menu hidden')
            },
            closedCaptionOptionsFontOpacitySubMenu: {
                behavior: ptp.sliderMenu,
                element: ptp.factories.simpleDivFactory('closedCaptionOptionsFontOpacitySubMenu',
                    ptp.elementGetter('.ptp-closed-caption-options-menu'),
                    'ptp-closed-caption-options-sub-menu ptp-closed-caption-options-opacity-slider hidden')
            },
            closedCaptionOptionsBackgroundColorSubMenu: {
                behavior: ptp.verticalListMenu,
                element: ptp.factories.simpleDivFactory('closedCaptionOptionsBackgroundColorSubMenu',
                    ptp.elementGetter('.ptp-closed-caption-options-menu'),
                    'ptp-scroll-bar ptp-closed-caption-options-sub-menu hidden')
            },
            closedCaptionOptionsBackgroundOpacitySubMenu: {
                behavior: ptp.sliderMenu,
                element: ptp.factories.simpleDivFactory('closedCaptionOptionsBackgroundOpacitySubMenu',
                    ptp.elementGetter('.ptp-closed-caption-options-menu'),
                    'ptp-closed-caption-options-sub-menu ptp-closed-caption-options-opacity-slider hidden')
            },
            closedCaptionOptionsFillColorSubMenu: {
                behavior: ptp.verticalListMenu,
                element: ptp.factories.simpleDivFactory('closedCaptionOptionsFillColorSubMenu',
                    ptp.elementGetter('.ptp-closed-caption-options-menu'),
                    'ptp-scroll-bar ptp-closed-caption-options-sub-menu hidden')
            },
            closedCaptionOptionsFillOpacitySubMenu: {
                behavior: ptp.sliderMenu,
                element: ptp.factories.simpleDivFactory('closedCaptionOptionsFillOpacitySubMenu',
                    ptp.elementGetter('.ptp-closed-caption-options-menu'),
                    'ptp-closed-caption-options-sub-menu ptp-closed-caption-options-opacity-slider hidden')
            }
        }
    },
    closedCaptionOptionsPreviewSeparator: {
        element: ptp.factories.simpleHRFactory('closedCaptionOptionsPreviewSeparator',
            ptp.elementGetter('.ptp-closed-caption-options-panel'), 'ptp-hr-separator')
    },
    closedCaptionPreviewPanel: {
        behavior: ptp.closedCaptionPreviewPanel,
        text: 'Sample Captions',
        element: ptp.factories.simpleDivFactory('closedCaptionPreviewPanel',
            ptp.elementGetter('.ptp-closed-caption-options-panel'),
            'ptp-closed-caption-preview-panel', 'Sample Captions')
    },
    closedCaptionOptionsFooterSeparator: {
        element: ptp.factories.simpleHRFactory('closedCaptionOptionsFooterSeparator',
            ptp.elementGetter('.ptp-closed-caption-options-panel'), 'ptp-hr-separator')
    },
    closedCaptionOptionsFooter: {
        behavior: ptp.closedCaptionOptionsFooter,
        element: ptp.factories.simpleDivFactory('closedCaptionOptionsFooter',
            ptp.elementGetter('.ptp-closed-caption-options-panel'), 'ptp-closed-caption-options-footer'),
        closedCaptionOptionsResetButton: {
            behavior: ptp.buttonBehavior,
            element: ptp.factories.simpleDivFactory('closedCaptionOptionsResetButton',
                ptp.elementGetter('.ptp-closed-caption-options-footer'),
                'ptp-closed-caption-options-reset-button', 'Reset to Default')
        },
        closedCaptionOptionsApplyButton: {
            behavior: ptp.buttonBehavior,
            element: ptp.factories.simpleDivFactory('closedCaptionOptionsApplyButton',
                ptp.elementGetter('.ptp-closed-caption-options-footer'),
                'ptp-closed-caption-options-apply-button', 'Apply')
        }
    }
};

var DEFAULT_SHARE_VIDEO_PANEL_CONFIG = {
    behavior: ptp.shareVideoPanelBehavior,
    element: ptp.factories.simpleDivFactory('shareVideoPanel', ptp.elementGetter(selector), 'ptp-share-video-panel hidden'),
    shareVideoPanelHeader: {
        behavior: ptp.shareVideoPanelHeader,
        element: ptp.factories.simpleDivFactory('shareVideoPanelHeader', ptp.elementGetter('.ptp-share-video-panel'),
            'ptp-panel-header ptp-share-video-panel-header'),
        shareVideoPanelCloseButton: {
            behavior: ptp.buttonBehavior,
            element: ptp.factories.simpleDivFactory('shareVideoPanelCloseButton', ptp.elementGetter('.ptp-share-video-panel-header'),
                'ptp-control ptp-btn-control ptp-panel-close-btn', 'X')
        },
        shareVideoPanelTitle: {
            element: ptp.factories.simpleDivFactory('shareVideoPanelTitle', ptp.elementGetter('.ptp-share-video-panel-header'),
                'ptp-panel-title', 'Social Share')
        }
    },
    shareVideoPanelHeaderSeparator: {
        element: ptp.factories.simpleHRFactory('shareVideoPanelHeaderSeparator', ptp.elementGetter('.ptp-share-video-panel'),
            'ptp-hr-separator')
    },
    shareVideoPanelMenu: {
        element: ptp.factories.simpleDivFactory('shareVideoPanelMenu', ptp.elementGetter('.ptp-share-video-panel'),
            'share-video-panel-menu'),
        behavior: ptp.shareVideoPanelMenu,
        shareVideoPanelFacebookBtn: {
            behavior: ptp.buttonBehavior,
            element: ptp.factories.simpleDivFactory('shareVideoPanelFacebookBtn', ptp.elementGetter('.share-video-panel-menu'),
                'ptp-btn-control ptp-button-background ptp-share-video-panel-menu-item ' +
                'ptp-btn-share-video-facebook')
        },
        shareVideoPanelTwitterBtn: {
            behavior: ptp.buttonBehavior,
            element: ptp.factories.simpleDivFactory('shareVideoPanelTwitterBtn', ptp.elementGetter('.share-video-panel-menu'),
                'ptp-btn-control ptp-button-background ptp-share-video-panel-menu-item ' +
                'ptp-btn-share-video-twitter')
        },
        shareVideoPanelGoogleBtn: {
            behavior: ptp.buttonBehavior,
            element: ptp.factories.simpleDivFactory('shareVideoPanelGoogleBtn', ptp.elementGetter('.share-video-panel-menu'),
                'ptp-btn-control ptp-button-background ptp-share-video-panel-menu-item ' +
                'ptp-btn-share-video-google-plus')
        },
        shareVideoPanelLinkedinBtn: {
            behavior: ptp.buttonBehavior,
            element: ptp.factories.simpleDivFactory('shareVideoPanelLinkedinBtn', ptp.elementGetter('.share-video-panel-menu'),
                'ptp-btn-control ptp-button-background ptp-share-video-panel-menu-item ' +
                'ptp-btn-share-video-linkedin')
        }
    }
};

var DEFAULT_MORE_OPTIONS_CONTROL_PANEL_CONFIG = {
    behavior: ptp.moreOptionsControlPanel,
    element: ptp.factories.simpleDivFactory('moreOptionsControlPanel', ptp.elementGetter(selector),
        'ptp-more-options-control-panel hidden'),
    moreOptionsControlPanelHeader: {
        behavior: ptp.moreOptionsControlPanelHeader,
        element: ptp.factories.simpleDivFactory('moreOptionsControlPanelHeader',
            ptp.elementGetter('.ptp-more-options-control-panel'),
            'ptp-panel-header ptp-more-options-control-panel-header'),
        moreOptionsControlPanelCloseButton: {
            behavior: ptp.buttonBehavior,
            element: ptp.factories.simpleDivFactory('moreOptionsControlPanelCloseButton',
                ptp.elementGetter('.ptp-more-options-control-panel-header'),
                'ptp-control ptp-btn-control ptp-panel-close-btn', 'X')
        },
        moreOptionsControlPanelTitle: {
            element: ptp.factories.simpleDivFactory('moreOptionsPanelTitle',
                ptp.elementGetter('.ptp-more-options-control-panel-header'),
                'ptp-panel-title', 'Options')
        }
    },
    moreOptionsPanelHeaderSeparator: {
        element: ptp.factories.simpleHRFactory('moreOptionsPanelHeaderSeparator',
            ptp.elementGetter('.ptp-more-options-control-panel'),
            'ptp-hr-separator')
    },
    moreOptionsPanelMenu: {
        element: ptp.factories.simpleDivFactory('moreOptionsPanelMenu',
            ptp.elementGetter('.ptp-more-options-control-panel'),
            'ptp-more-options-control-panel-menu'),
        behavior: ptp.moreOptionsControlPanelMenu,
        audioTrackButton: {
            behavior: ptp.audioTrackButtonBehavior,
            element: ptp.factories.simpleButtonFactory('audioTrackBtn', ptp.elementGetter('.ptp-more-options-control-panel-menu'),
                'ptp-control ptp-btn-control ptp-button-background ptp-btn-audio-track ' +
                'ptp-more-options-control-panel-menu-item ' +
                'ptp-more-options-menu-btn',
                'Audio Track')
        },
        multiViewButton: {
            behavior: ptp.multiViewButtonBehavior,
            element: ptp.factories.simpleButtonFactory('multiView', ptp.elementGetter('.ptp-more-options-control-panel-menu'),
                'ptp-control ptp-btn-control ptp-button-background ptp-btn-multiview ' +
                'ptp-more-options-control-panel-menu-item ' +
                'ptp-more-options-menu-btn',
                'Multi View')
        },
        pipButton: {
            behavior: ptp.pipButtonBehavior,
            element: ptp.factories.simpleButtonFactory('pip', ptp.elementGetter('.ptp-more-options-control-panel-menu'),
                'ptp-control ptp-btn-control ptp-button-background ptp-btn-pip ' +
                'ptp-more-options-control-panel-menu-item ' +
                'ptp-more-options-menu-btn', 'PIP')
        },
        socialButton: {
            behavior: ptp.shareVideoButtonBehavior,
            element: ptp.factories.simpleButtonFactory('shareVideo', ptp.elementGetter('.ptp-more-options-control-panel-menu'),
                'ptp-control ptp-btn-control ptp-button-background ptp-btn-share-video ' +
                'ptp-more-options-control-panel-menu-item ' +
                'ptp-more-options-menu-btn',
                'Share Video')
        }
    }
};

SingleViewConfigurationObject = {
    element: ptp.elementGetter(selector),
    classNames: 'ptp-root-element',
    behavior: ptp.singleViewBehavior,
    logLevel: 0,
    logOutput: null,
    player: {
        element: ptp.factories.simpleDivFactory('videoPlayer', ptp.elementGetter(selector),
            'ptp-main-video-div-style ptp-background-style'),
        behavior: ptp.videoBehavior,
        autoPlay: true,
        bufferingOverlay: {
            behavior: ptp.bufferingOverlayBehavior,
            element: ptp.createDiv('bufferingOverlay', ptp.elementGetter('.ptp-main-video-div-style'), 'ptp-buffering-overlay')
        },
        errorMessagePanel: {
            behavior: ptp.errorMessagePanelBehavior,
            element: ptp.createDiv('errorMessagePanel', ptp.elementGetter('.ptp-main-video-div-style'), 'ptp-error-message-panel hidden')
        },
        controlsDisabledInAd: //same as ptp.videoBehavior.setControlsDisabledInAd 
 mediaPlayerItemConfig: //same as ptp.videoBehavior.setMediaPlayerItemConfig 
   abrControlParameters: //same as ptp.videoBehavior.setAbrControlParameters 
  bufferControlParameters: //same as ptp.videoBehavior.setBufferControlParameters 
  ccVisibility: //same as ptp.videoBehavior.setCCVisibility 
   ccStyle: //same as ptp.videoBehavior.setCCStyle 
  mediaResource: //same as ptp.videoBehavior.setMediaResource 
  volume: //same as ptp.videoBehavior.setVolume
  },

    pip: {
        element: ptp.factories.simpleDivFactory('pip', ptp.elementGetter(selector), 'ptp-pip-video-div'),
            behavior: ptp.videoBehavior,
            bufferingOverlay: {
            behavior: ptp.bufferingOverlayBehavior,
                element: ptp.createDiv('bufferingOverlay', ptp.elementGetter('.ptp-pip-video-div'), 'ptp-buffering-overlay')
        },
        errorMessagePanel: {
            behavior: ptp.errorMessagePanelBehavior,
                element: ptp.createDiv('errorMessagePanel', ptp.elementGetter('.ptp-pip-video-div'), 'ptp-error-message-panel hidden')
        },
        autoPlay: false
  },
    localization: DEFAULT_LOCALIZATION_CONFIG,
    controlBar: DEFAULT_CONTROL_BAR_CONFIG,
    audioTrackSelectionPanel: DEFAULT_AUDIO_TRACK_SELECTION_CONFIG,
    closedCaptionLanguagePanel: DEFAULT_CLOSED_CAPTION_LANGUAGE_PANEL_CONFIG,
    closedCaptionOptionsPanel: DEFAULT_CLOSED_CAPTION_OPTIONS_PANEL_CONFIG,
    moreOptionsControlPanel: DEFAULT_MORE_OPTIONS_CONTROL_PANEL_CONFIG,
    shareVideoPanel: DEFAULT_SHARE_VIDEO_PANEL_CONFIG
};

MultiViewConfigurationObject = {
    element: ptp.elementGetter(selector),
    classNames: 'ptp-root-element',
    behavior: ptp.multiViewBehavior,
    logLevel: 0,
    logOutput: null,
    multiVideoHolder: {
        element: ptp.factories.simpleDivFactory('multiViewPlayer', ptp.elementGetter(selector), 'ptp-multi-view-container')
    },
    views: [
        {
            player: {} // see in SingleViewConfigurationObject above
  }
    ],
    localization: DEFAULT_LOCALIZATION_CONFIG,
    controlBar: DEFAULT_CONTROL_BAR_CONFIG,
    audioTrackSelectionPanel: DEFAULT_AUDIO_TRACK_SELECTION_CONFIG,
    closedCaptionLanguagePanel: DEFAULT_CLOSED_CAPTION_LANGUAGE_PANEL_CONFIG,
    closedCaptionOptionsPanel: DEFAULT_CLOSED_CAPTION_OPTIONS_PANEL_CONFIG,
    moreOptionsControlPanel: DEFAULT_MORE_OPTIONS_CONTROL_PANEL_CONFIG,
    shareVideoPanel: DEFAULT_SHARE_VIDEO_PANEL_CONFIG
};</codeblock> 
			 </p> 
		  </li> 
		  <li id="li_7BE149733CED447C87E5FD52C19BB92B"><b>Helper constructs</b> 
			 <p>This construct is composed of the following: 
			 <ul id="ul_5BED3268ED444C6AA82215A1624B7088"> 
				<li id="li_BD85F0CCC47A4FEE8CB3C35B65A691C8"><b>Factories</b> 
				  <p>To create the visual elements, you can use 
					 <codeph>ptp.factories.simpleButtonFactory</codeph>, 
					 <codeph>ptp.factories.simpleDivFactory</codeph>, 
					 <codeph>ptp.factories.simpleHRFactory</codeph>, and 
					 <codeph>ptp.factories.simpleSliderFactory</codeph>. For more
					 information, see the 
					 <xref
					 href="http://help.adobe.com/en_US/primetime/api/psdk/btvsdk-ui-framework/index.html"
					 format="html" scope="external">UI Framework</xref> API documentation. 
				  </p> 
				</li> 
				<li id="li_F50DBE35DE7548689CCEF34A5E2BAAAE"><b>Mixins</b> 
				  <p>Mixins are composable modules that can be composed in the
					 behaviors to use common constructs. For example, many of the components would
					 like to be aware of changes that might impact their behavior when, for example,
					 an ad is playing. All of these elements will add an 
					 <codeph>adBreak</codeph> class. 
				  </p> 
				  <p>Here is an example about how to implement the built-in mixin 
					 <codeph>adBreakStyling</codeph>: 
					 <codeblock outputclass="syntax javascript">adBreakStyling = function (element, player) {
    ...
    ...
    return composable().compose({
        init: init,
        manageAdBreakStyle: manageAdBreakStyle
 });
}</codeblock> 
				  </p> 
				  <p>Here is how a behavior can use this mixin: 
					 <codeblock outputclass="syntax javascript">customBehavior = function (element, configuration, player) {
    var api =
        component(element, configuration, player, clickHandler).compose(
            adBreakStyling(element, player).compose({
                init: init,
            }));
    return api;
}</codeblock> 
				  </p> 
				  <p>Now 
					 <codeph>customBehavior</codeph> can use all of the methods that
					 are exposed by 
					 <codeph>adBreakStyling</codeph>, which in this example, is 
					 <codeph>manageAdBreakStyle</codeph>. One additional use case is
					 when a mixin can add event listeners, and in the handler, the mixin can modify
					 the element in some way. Subsequently, the components that are using this mixin
					 will automatically have this functionality. 
				  </p> 
				</li> 
				<li id="li_1F82DE5AE3AC48A2860E5DF3B017523B"><b>Utils</b> 
				  <p>Some utilities, such as 
					 <codeph>ptp.elementGetter</codeph>, which is used in
					 configuration section and 
					 <codeph>ptp.deepmerge</codeph>, can help you write or extend
					 behaviors. For more information, see the 
					 <xref
					 href="http://help.adobe.com/en_US/primetime/api/psdk/btvsdk-ui-framework/index.html"
					 format="html" scope="external">UI Framework</xref> API documentation. 
				  </p> 
				</li> 
			 </ul> 
			 </p> 
		  </li> 
		</ul> 
		</p> 
	 </section> 
  </conbody> 
</concept> 
