<?xml version="1.0"?>
<!DOCTYPE concept PUBLIC "-//OASIS//DTD DITA Concept//EN" "concept.dtd">
<concept id="concept_8C2E8A7199014AC8B9B7103CB3B33581"> 
  <title></title> 
  <shortdesc>Browser TVSDK provides tools for creating an advanced video player
	 application (your 
	 <keyword>Primetime player</keyword>), which you can integrate with other
	 Primetime components. 
  </shortdesc> 
  <conbody> 
	 <p>Use your platform's tools to create a player and connect it to the media
		player view in Browser TVSDK, which has methods to play and manage videos. For
		example, Browser TVSDK provides play and pause methods. You can create user
		interface buttons on your platform and set the buttons to call those Browser
		TVSDK methods. 
	 </p> 
	 <section id="section_92D3884A13A6431F9A9CC5C79715D888">
		<title>Flash fallback</title>
		<p>In Browser TVSDK, your application interacts only with the 
		  <codeph>Primetime.js</codeph> API. The underlying Browser TVSDK
		  implementation decides which player technology to use based on the current
		  platform and the resource type of the media to be played. 
		</p>
		<p>The decision for the player technology is not made until you call 
		  <codeph>MediaPlayer.replaceCurrentResource</codeph> to play a specific
		  resource. 
		</p>
		<p>For example:
		</p>
		<codeblock outputclass="syntax javascript">var player = new AdobePSDK.MediaPlayer(),
              mediaResource = new AdobePSDK.MediaResource(url,
              AdobePSDK.MediaResource.Type.TYPE_HLS);
              ...
              player.replaceCurrentResource(mediaResource);</codeblock>
	 </section>
	 <section id="section_D844E386AF5848688D204DEE258ECEE6"> 
		<title>Determine the media player to use</title> 
		<p>This sample procedure illustrates the process of determining the
		  player technology: 
		  <note type="tip">The process might vary depending on the URL and your
			 environment. 
		  </note> 
		<ol id="ol_C1D9C2A51B564FB1ACD9EE5AC25E7611"> 
		  <li id="li_2DBF5ED192C34912B86D63E91CCE047B">If Media Source Extensions
			 is supported, use it with no known limitations.
						<!--<note type="important">MSE is not used on the Mac / Safari platform. Although Yosemite with Safari 8 supports MSE, the quality of the playback might not be good. </note>-->
		  </li> 
		  <li id="li_44CA9E1AAC9D42E7AC5F2DEC4FD16A90">If supported, use the 
			 <codeph>&lt;video&gt;</codeph> tag directly without MSE. 
		  </li> 
		  <li id="li_9970388E1B1843B7BC0F3CCDD89763AA">Ensure that you are using
			 at least Adobe Flash Player version 23.0. 
		  </li> 
		  <li id="li_06249071AA8E4F2FA0BA46DE0886E9D3">If no suitable playback
			 technology is found, 
			 <codeph>replaceCurrentResource</codeph> returns an error. 
		  </li> 
		</ol> 
		</p> 
		<p>A subsequent 
		  <codeph>replaceCurrentResource</codeph> call on the same 
		  <codeph>MediaPlayer</codeph> instance follows the same process. This
		  allows you to play various resource types by using the same 
		  <codeph>MediaPlayer</codeph> instance in the same parent 
		  <codeph>&lt;DIV&gt;</codeph> tag that you specified when the 
		  <codeph>MediaPlayerView</codeph> instance was created. 
		  <note type="tip">The SWF Object and the 
			 <codeph>&lt;video&gt;</codeph> tag are nested in the parent 
			 <codeph>&lt;DIV&gt;</codeph> tag. 
		  </note> 
		</p> 
	 </section> 
  </conbody> 
</concept> 
