<?xml version="1.0" encoding="UTF-8"?>
<!DOCTYPE concept PUBLIC "-//OASIS//DTD DITA Concept//EN" "technicalContent/dtd/concept.dtd"[
  <!-- Begin Document Specific Declarations -->
  <!-- End Document Specific Declarations -->
]>
<concept id="c_psdk_android_notification-system"
 xmlns:ditaarch="http://dita.oasis-open.org/architecture/2005/"> 
  <title>Notification system</title> 
  <shortdesc>The notification portion of the Browser TVSDK library allows you
	 to create a logging and debugging system that can be useful for diagnostic and
	 validation purposes. 
  </shortdesc> 
  <conbody> 
	 <section id="section_EC5DBE8DDA434B70A01FA2F3EF4618BD"> 
		<p>Browser TVSDK has a 
		  <i>no throw</i> policy for its API. Most methods return an 
		  <codeph>PSDKErrorCode</codeph> value to indicate whether the method was
		  executed successfully. For a complete list of all possible 
		  <codeph>PSDKErrorCode</codeph> values, see 
		  <xref
			href="http://help.adobe.com/en_US/primetime/api/psdk/html5/index.html"
			format="http" scope="external">Browser TVSDK API references</xref>. 
		</p> 
		<p>Asynchronous errors are notified through the specific events. 
		</p> 
		<p>Browser TVSDK dispatches 
		  <codeph>MediaPlayer</codeph> events to provide information about player
		  activity. You must implement event listeners to capture and respond to these
		  events. 
		</p> 
		<note type="tip">Key events and information are logged on the web browser
		  console. 
		</note> 
	 </section> 
	 <section id="section_06B96633433D497E842FB7ADD5F2C7DA">
		<title>Listen for notifications</title>
		<p>You can listen for notifications and add your own notifications to the
		  notification history. The core of the Browser TVSDK notification system is the 
		  <codeph>Notification</codeph> class, which represents a stand-alone
		  notification. 
		</p>
		<p>To set up your application to listen for notifications: 
		</p>
		<ol id="ol_F067D357BD9B4B37A62F29E10890C7D9">
		  <li id="li_C9F7833DA0B5453FA80643886581EF69">Listen for MediaPlayer
			 status changes by using the MediaPlayer instance. 
			 <codeblock outputclass="syntax javascript">player.addEventListener(
      AdobePSDK.PSDKEventType.STATUS_CHANGED, onStatusChange);</codeblock>
		  </li>
		  <li id="li_6907248E93AC479C91C2953F96DBF657">Implement the callback.
			 <p>The callback receives an instance of the 
				<codeph>AdobePSDK.MediaPlayerStatusChangeEvent</codeph>, and
				Browser TVSDK passes this event object to the callback that contains the new
				player state. 
			 </p>
		  </li>
		  <li id="li_44B0EDE461C94642AAB51994D40BB754">Your application can
			 listen to other events that are dispatched by Browser TVSDK by using the 
			 <codeph>MediaPlayer</codeph> instance. 
		  </li>
		</ol>
	 </section>
  </conbody> 
</concept> 
