<?xml version="1.0"?>
<!DOCTYPE concept PUBLIC "-//OASIS//DTD DITA Concept//EN" "concept.dtd">
<concept id="manifest-update-intro"> 
  <title>Live master-manifest update</title> 
  <shortdesc>Browser TVSDK can detect changed playback information in master
	 m3u8 manifests for live streaming and update the playback information while the
	 stream is playing. Browser TVSDK supports a dynamic set of bit rate profiles as
	 the profiles appear or disappear from the master manifest, including
	 non-overlapping profile bit rates between updates. 
  </shortdesc> 
  <conbody> 
	 <p>The following features are supported:
	 <ul id="ul_0DD234F76C5E4F52BCC257803726FFA3"> 
		<li id="li_EE34565EBDD2452596143258471087BF">Profile count (increasing or
		  decreasing)
		</li> 
		<li id="li_F8A340FBABE145DB8F8E95CE5B513144">Profile bit rates
		  (overlapping or not overlapping)
		</li> 
		<li id="li_ED2C1C42F457444DA715E5FDE4285FD1">Profiles with URLs on the
		  same (or different) servers
		</li> 
		<li id="li_7ED117EF0C5F4D078D62E5C185716E7E">Any failover structure
		</li> 
	 </ul>
	 </p> 
	 <p>All of the following conditions must be met:
	 <ul id="ul_7FCED4B603A84AADB1D24F5869C382EB"> 
		<li id="li_175DA99C2B3E4E6783356E135D327C64">Stream is live.
		</li> 
		<li id="li_646842A5F7544AA4864345C51EE2BD6D">Both the time and the etag
		  change.
		</li> 
		<li id="li_811F8C634C774CB5A39306A53E0BEB80">All rendition information
		  remains the same (except that URLs may vary).
		</li> 
		<li id="li_0252A83568BA40239180A18268074703">The DRM access information
		  remains the same.
		</li> 
		<li id="li_096D59D2B6CC4093820E3AB628F3FCD6">Segments are packaged around
		  the same PTS and frame boundaries in a small error range.
		</li> 
	 </ul>
	 </p> 
  </conbody> 
</concept> 
