<?xml version="1.0" encoding="UTF-8"?>
<!DOCTYPE concept PUBLIC "-//OASIS//DTD DITA Concept//EN" "technicalContent/dtd/concept.dtd">
<concept id="c_psdk_browser_tvsdk_2.4_autoplay-ios"
 xmlns:ditaarch="http://dita.oasis-open.org/architecture/2005/"> 
  <title>Autoplay on iOS</title> 
  <shortdesc> 
  </shortdesc> 
  <conbody> 
	 <p> The implementation of the volume API of AdobePSDK.MediaPlayer allows
		autoplaying content on devices running iOS version 10 or above. iOS allows
		autoplay only when the volume is muted. When the volume is set to zero, the API
		sets the 
		<codeph>muted</codeph> property of the video tag to 
		<codeph>true</codeph>, otherwise the 
		<codeph>muted</codeph> property is set to 
		<codeph>false</codeph>. The 
		<codeph>play</codeph> API starts the playback without any user
		interaction or user gesture. 
	 </p> 
	 <p>For autoplay on iPhone, additionally set the 
		<codeph>playsInline</codeph> property of the 
		<codeph>video</codeph> tag to 
		<codeph>true</codeph>. 
		<codeblock>videoDiv.getElementsByTagName('video')[0].playsInline = true;</codeblock> 
		<note> Use of 
		  <codeph>playsInline</codeph> property starts the playback without the
		  fullscreen mode. 
		</note> 
	 </p> 
  </conbody> 
</concept> 
