<?xml version="1.0"?>
<!DOCTYPE concept PUBLIC "-//OASIS//DTD DITA Concept//EN" "concept.dtd">
<concept id="events-order-qos"> 
  <title>QoS events</title> 
  <shortdesc> Browser TVSDK dispatches quality of service (QoS) events to
	 notify your application about events that could influence the computation of
	 QoS statistics, such as buffering and seeking events. 
  </shortdesc> 
  <conbody> 
	 <p>To be notified about all QoS-related events, create an instance of 
		<codeph>AdobePSDK.QOSProvider</codeph> and attach the MediaPlayer
		instance to this 
		<codeph>QOSProvider</codeph> instance: 
		<codeblock outputclass="syntax javascript">var qosProvider = new AdobePSDK.QOSProvider();
// initialize QOS provider before setting media 
qosProvider.attachMediaPlayer(player);</codeblock> 
	 </p> 
	 <p>Configure a timer in your application to periodically check the 
		<codeph>playbackInformation</codeph> property of the 
		<codeph>qosProvider</codeph> instance. The 
		<codeph>playbackInformation</codeph> property provides a snapshot of the
		current playback statistics. For example: 
		<codeblock outputclass="syntax javascript">var startTimer = function () {
   var metrics = qosProvider.playbackInformation;

    //analyze metrics
    //for e.g. metrics.timeToFirstByte ; metrics.timeToLoad etc. 
    //refer API doc for supported metrics 
}
window.setTimeout(startTimer, 500)
</codeblock> 
	 </p> 
  </conbody> 
</concept> 
