<?xml version="1.0" encoding="UTF-8"?>
<!DOCTYPE concept PUBLIC "-//OASIS//DTD DITA Concept//EN" "technicalContent/dtd/concept.dtd">
<concept id="c_psdk_ad-transcoding"
 xmlns:ditaarch="http://dita.oasis-open.org/architecture/2005/"> 
  <title>Repackage (transcode) incompatible ads</title> 
  <shortdesc> Some third-party ads (or creatives) cannot be stitched into the
	 HTTP Live Streaming (HLS)<ph>/Dynamic Adaptive Streaming over HTTP (DASH) 
	 </ph> content stream because their video format is incompatible with
	 HLS<ph>/DASH</ph>. Adobe Primetime ad insertion and Browser TVSDK can
	 optionally attempt to repackage (transcode) incompatible videos into compatible
	 m3u8<ph>/mpd</ph> videos. 
  </shortdesc> 
  <conbody> 
	 <p>Ads served from various third parties, such as an agency ad server, your
		inventory partner, or an ad network, are often delivered in incompatible
		formats, such as progressive-download MP4. 
	 </p> 
  </conbody> 
</concept> 
