<?xml version="1.0" encoding="UTF-8"?>
<!DOCTYPE concept PUBLIC "-//OASIS//DTD DITA Concept//EN" "concept.dtd">
<concept id="c_psdk_html5-requirements"> 
  <title>Requirements</title> 
  <shortdesc>This release includes players and supports a wide range of
	 browsers. 
  </shortdesc> 
  <conbody> 
	 <p>The Browser TVSDK release includes the following players: 
	 <ul id="ul_D0515F683C034F85818AD56CEF3E16F2"> 
		<li
		 id="li_22CF98D3BA6640CAB55D92B2EE375C9A"><codeph>Primetime.js</codeph> for HLS
		  on Desktop and Mobile 
		</li> 
	 </ul> 
	 </p> 
	 <p>Players include the following reference APIs: 
	 <ul id="ul_B052DC1E34394E70AAFC8E6F23780BA8"> 
		<li
		 id="li_793DBBC49CB04ACAB92EB3DE18CB68E0"><codeph>Primetime.js</codeph> Browser
		  TVSDK 
		</li> 
		<li id="li_03CDBDACFD224D3B8287EFADD52DFCCE">JavaScript API for Core
		  Playback 
		</li> 
		<li id="li_E121C9FAEEB94B6FA97E93C2F35992A7">Reference Demo Player 
		</li> 
	 </ul> 
	 </p> 
	 <p> 
		<b>Certified Platforms:</b> 
	 <ul id="ul_D83EC867CE7F4E73A8657D3BE658085F"> 
		<li id="li_F0D544303C5A4880BBAB1E6AEF9CE35A"><b>Desktop
			 Configurations</b> 
		  <ul id="ul_F43FE257AD6D4028991893960C680CD2"> 
			 <li id="li_D32B1CA202DD47E2825E5AE51FC38C05">Microsoft Windows 7: 
				<ul id="ul_ACC1F051881A47659E6C6167F9B8DB57"> 
				  <li id="li_AF321FC2AC244D2CA92E6E672241668D">Internet Explorer
					 11+ 
				  </li> 
				  <li id="li_F7D9074E373F46169A8C0F7686FFFC54">Chrome 33+ 
				  </li> 
				  <li id="li_80117BA070F44628A8B11C46AD9957B6">Firefox 38+ 
				  </li> 
				</ul> 
			 </li> 
			 <li id="li_8A5586ACFA274625B29D9C8318656235">Microsoft Windows 8.1 
				<ul id="ul_5FDC7387579143FE83951EBB5C9CCB32"> 
				  <li id="li_DA022DC55E96474AB18D132078CA26A3">Internet Explorer
					 11+ 
				  </li> 
				  <li id="li_A05AC8EAC64B4B789AEDDBAC53D00934">Chrome 33+ 
				  </li> 
				  <li id="li_CFBB53672EBF44BBB29778988DAE43B1">Firefox 38+ 
				  </li> 
				</ul> 
			 </li> 
			 <li id="li_F4C70018281F4AF09533EA28C5951A26"> Microsoft Windows 10 
				<ul id="ul_F07555F115D74BA289B67C186F7CEBC4"> 
				  <li id="li_ABCE0076E05A46D5A40DF847D26FD608">Edge+ 
				  </li> 
				</ul> 
			 </li> 
			 <li id="li_4921C7400A0B4B8096C1FD3DCA94D764"> Apple OS X 
				<ul id="ul_86C9C6E324DE4C94873E5FCF65133059"> 
				  <li id="li_5244EC09FE2246CC9120277109214AA4">Safari 8+ 
				  </li> 
				  <li id="li_44D67B3BEAEF4841A2453E5932BFD5AC">Chrome 33+ 
				  </li> 
				  <li id="li_DCBB5F941BA84B8E9EBBB2263CFBCCB2">Firefox 38+ 
				  </li> 
				</ul> 
			 </li> 
		  </ul> 
		</li> 
		<li id="li_51F699DF30804E7D9874E51B4AE07D63"><b>Mobile Web
			 Configurations</b> 
		  <ul id="ul_27047276519245CF9D58FFA0C0BF9A78"> 
			 <li id="li_58B998E81AE8463A91FBB848783D47B7">Android 4.4 
				<ul id="ul_8455E5FA23E2409BB90BC22B52A16608"> 
				  <li id="li_9912662FB6714127AA0F2D4E58251CE4">Native Browser 
				  </li> 
				  <li id="li_8AD8288CD2EB4D87973816D5FEDDE1FE">Chrome 33+ 
				  </li> 
				</ul> 
			 </li> 
			 <li id="li_ABDD249F3C5A477C8E589FBF9244CD9A"> Android 5.0 
				<ul id="ul_8192A90B742B43E299E1ADA0CC7CF26C"> 
				  <li id="li_0052F0D539754F4182A6CF8E48D9FDDA">Native Browser 
				  </li> 
				  <li id="li_1E316A0CC6344B3AA22A8E47CCD4ADF4">Chrome 33+ 
				  </li> 
				</ul> 
			 </li> 
			 <li id="li_F0D6A0835E5E408290A11343A7A7E854"> Android 6.0 
				<ul id="ul_4F0A1CB67ED747F88C7F954087D0E48B"> 
				  <li id="li_0B8FE86B594D4D69A98F9173C5DA52D9">Chrome 33+ 
				  </li> 
				</ul> 
			 </li> 
			 <li id="li_34C00E67F1034FB9A2D58A42639422CC"> Apple iOS 8 
				<ul id="ul_D8A576988AF54BD891A8FAC613A87618"> 
				  <li id="li_21E6F975503A4FEF9BE5E025EFD0E349">Safari 8+ 
				  </li> 
				  <li id="li_5B55AA4B6D0B40DCACF7980A8AA22FF9">Chrome 33+ 
				  </li> 
				</ul> 
			 </li> 
			 <li id="li_9DDA063CA7E4422A9A95DB18EC2660AF"> Apple iOS 9 
				<ul id="ul_8D03CAD6659D48B6A33269A202D6F061"> 
				  <li id="li_EFD054C8C9004B2E9D80FBC7247AB1DF">Safari 8+ 
				  </li> 
				  <li id="li_6B357992784D470984F2B27D1BFBBD6C">Chrome 33+ 
				  </li> 
				</ul> 
			 </li> 
		  </ul> 
		</li> 
	 </ul> 
	 </p> 
  </conbody> 
</concept> 
