<?xml version="1.0"?>
<!DOCTYPE concept PUBLIC "-//OASIS//DTD DITA Concept//EN" "concept.dtd">
<!-- Created with XMetaL (http://www.xmetal.com) -->
<concept id="drm"> 
  <title>Digital Rights Management</title> 
  <shortdesc>You can complete Digital Rights Management (DRM)-specific
	 workflows. 
  </shortdesc> 
  <conbody> 
	 <p>You can listen to the 
		<codeph>AdobePSDK.DRMMetadataInfoEvent</codeph> event to handle DRM
		workflows: 
		<codeblock outputclass="syntax javascript">...
player.addEventListener(AdobePSDK.PSDKEventType.DRM_METADATA_INFO_AVAILABLE, onDRMMetadataInfoAvailable);
...</codeblock> 
	 </p> 
  </conbody> 
</concept> 
