<?xml version="1.0" encoding="UTF-8"?>
<!DOCTYPE concept PUBLIC "-//OASIS//DTD DITA Concept//EN" "technicalContent/dtd/concept.dtd">
<concept id="concept_077AC970CC2240E3B8F8B825B5D5877B">
  <title>Reuse or remove a MediaPlayer instance </title> 
  <shortdesc>You can reset, reuse, or release a MediaPlayer instance that you
	 no longer need. 
  </shortdesc>
  <conbody>
	 <section id="section_C183E6164C184C3CBC5321FC6A2528EA">
		<title>Reset or reuse a MediaPlayer instance </title>
		<p>You can reset a 
		  <codeph>MediaPlayer</codeph> instance to return it to its uninitialized
		  IDLE state as defined in 
		  <codeph>MediaPlayerStatus</codeph>. You can also replace the current
		  media item or set a new one using a previously loaded media resource. 
		</p>
		<p>This operation is useful in the following cases: 
		<ul id="ul_8CD8E94853704884A86B371F01B7E717"> 
		  <li id="li_FC25AB6F8C7B4596998565836A674D8A">You want to reuse a 
			 <codeph>MediaPlayer</codeph> instance but need to load a new 
			 <codeph>MediaResource</codeph> (video content) and replace the
			 previous instance. 
			 <p>Resetting allows you to reuse the 
				<codeph>MediaPlayer</codeph> instance without the overhead of
				releasing resources, recreating the 
				<codeph>MediaPlayer</codeph>, and reallocating resources. The 
				<codeph>replaceCurrentItem</codeph> method automatically does these
				steps for you. 
			 </p> 
		  </li> 
		  <li id="li_AE15116279304B15A81DE90995280E93">When the 
			 <codeph>MediaPlayer</codeph> is in an ERROR state and needs to be
			 cleared. 
			 <note type="important">This is the only way to recover from the ERROR
				state. 
			 </note> 
		  </li> 
		</ul> 
		<ol id="ol_01F1F6031F1F4F01902583EA943B1661">
		  <li id="li_BA6430EA6ADD49F8B40178681E46AD68">Call 
			 <codeph>MediaPlayer.reset()</codeph> to return the 
			 <codeph>MediaPlayer</codeph> instance to its uninitialized state:
			 <codeblock outputclass="syntax javascript">reset(); // returns AdobePSDK.PSDKErrorCode.SUCCESS
         // on successful reset</codeblock>
		  </li>
		  <li id="li_0F04D5FE858943C49333FAD78B7CCFA2">Call 
			 <codeph>MediaPlayer.replaceCurrentItem()</codeph> to load another 
			 <codeph>MediaResource</codeph>
			 <note type="tip">To clear an error, load the same 
				<codeph>MediaResource</codeph>. 
			 </note>
		  </li>
		  <li id="li_0312FB26485F4F13B83CFACE7E1E7797">Call the 
			 <codeph>prepareToPlay()</codeph> method. 
			 <note>When you receive the 
				<codeph>MediaPlaybackStatusChangeEvent.STATUS_CHANGED</codeph>
				event with the PREPARED state, you can start the playback.
			 </note>
		  </li>
		</ol>
		</p>
	 </section>
	 <section id="section_2D159975C82245098E7078FE0B1578CE">
		<title>Release a MediaPlayer instance and resources</title>
		<p>You should release a 
		  <codeph>MediaPlayer</codeph> instance and resources when you no longer
		  need the MediaResource.
		</p>
		<p>Here are some reasons to release a 
		  <codeph>MediaPlayer</codeph>: 
		<ul id="ul_A640C04524984D22B1142BF9847E71ED"> 
		  <li id="li_C7C09279252D4937AFBBA614C04471DA">Holding unnecessary
			 resources can affect performance. 
		  </li> 
		  <li id="li_EC0A08DA8CB84E9D85E4BA7AAF648A51">Leaving an unnecessary 
			 <codeph>MediaPlayer</codeph> object can lead to continuous battery
			 consumption for mobile devices. 
		  </li> 
		  <li id="li_62257BD67DBA4357A96B55745C03E4A6">If multiple instances of
			 the same video-codec are not supported on a device, playback failure might
			 occur for other applications. 
		  </li> 
		</ul> 
		</p>
		<ul id="ul_5B4951E64CEC4DAE876DE8A9CEE2C1C9">
		  <li id="li_A6D1ED17CEC84F7F9E4A281F065A389D">Release the 
			 <codeph>MediaPlayer</codeph>.
			 <codeblock outputclass="syntax javascript">void release()</codeblock>
			 <note>After the 
				<codeph>MediaPlayer</codeph> instance is released, you can no
				longer use it. If any method of the 
				<codeph>MediaPlayer</codeph> interface is called after it is
				released, an 
				<codeph>IllegalStateException</codeph> is thrown. 
			 </note>
		  </li>
		</ul>
	 </section>
  </conbody>
</concept> 
