<?xml version="1.0" encoding="UTF-8"?>
<!DOCTYPE concept PUBLIC "-//OASIS//DTD DITA Concept//EN" "technicalContent/dtd/concept.dtd">
<concept id="c_psdk_browser_tvsdk_forced-https"
 xmlns:ditaarch="http://dita.oasis-open.org/architecture/2005/"> 
  <title>Secure Ad Loading over HTTPS</title> 
  <shortdesc> 
  </shortdesc> 
  <conbody> 
	 <p>Adobe Primetime can request third-party ad servers over https even if
		the player is hosted on http. Only those ad-servers calls are upgraded to https
		that the client seeks during the Auditude Ad resolver phase. 
	 </p> 
	 <note>This feature is not supported for Flash. 
	 </note> 
	 <p>Use the following to enable secure ad loading. It is not enabled by
		default. 
		<codeblock>var auditudeSettings = new AdobePSDK.AuditudeSettings();
auditudeSettings.forceHttpsConfiguration.adServerCalls = true;</codeblock> 
	 </p> 
  </conbody> 
</concept> 
