<?xml version="1.0"?>
<!DOCTYPE concept PUBLIC "-//OASIS//DTD DITA Concept//EN" "concept.dtd">
<concept id="c_events-order-playback"> 
  <title>Order of playback events</title> 
  <shortdesc> Browser TVSDK dispatches events/notifications in generally
	 expected sequences. Your player can implement actions based on events in the
	 expected sequence. 
  </shortdesc> 
  <conbody> 
	 <section id="section_D247A5873A854A079EFA6AC2E80AB894"> 
		<p> The following examples show the order of some events that include
		  playback events. 
		</p> 
		<ul id="ul_88A64BAE714247CDBF62365F677CE548"> 
		  <li id="li_1663DA101F1042F0A79325527E72B96A">When successfully loading
			 a media resource through 
			 <codeph>replaceCurrentResource</codeph>, the order of events is: 
			 <ul id="ul_0B9318503F07423D8D5639EBBB157EEA"> 
				<li
				 id="li_B1E0B596FA8F441C8972EA3AD27553E0"><codeph>AdobePSDK.MediaPlayerStatusChangeEvent</codeph>
				  with 
				  <codeph>event.status =</codeph> 
				  <ul id="ul_73F15E9837E84ABDBCC2D692F5F99332"> 
					 <li
					  id="li_A9FB6CD3469B4399B6657E49573DB91C"><codeph>MediaPlayerStatus.INITIALIZING</codeph>
					 </li> 
					 <li
					  id="li_685859E03E824980ADFC6104F263E3FD"><codeph>MediaPlayerStatus.INITIALIZED</codeph>
						
					 </li> 
				  </ul> 
				</li> 
			 </ul> 
		  </li> 
		  <li id="li_FBF9328DB1714BA5895A6D56E7BD619E">When preparing for
			 playback through 
			 <codeph>MediaPlayer.prepareToPlay</codeph>, the order of events is: 
			 <ul id="ul_F8E29142A1B34036A6C32A53E5456A3E"> 
				<li
				 id="li_9218EAB3D5204D8E937B0CC6575A840C"><codeph>AdobePSDK.MediaPlayerStatusChangeEvent</codeph>
				  with 
				  <codeph>event.status =</codeph> 
				  <ul id="ul_1B0FEF660FAC44E49EE0EBB45B57CAEE"> 
					 <li
					  id="li_92164E26BF674313B677AD06CFF7FA2A"><codeph>MediaPlayerStatus.PREPARING 
						</codeph> 
					 </li> 
					 <li
					  id="li_0A32755C98FC4D10B397B02145AF9582"><codeph>MediaPlayerStatus.PREPARED 
						</codeph> 
					 </li> 
				  </ul> 
				</li> 
			 </ul> 
		  </li> 
		</ul> 
	 </section> 
	 <section id="section_76C13548AF934868B70757CA5489E516"> 
		<p>The following example shows a typical progression of events: 
		</p> 
		<codeblock outputclass="syntax javascript">player.addEventListener(AdobePSDK.PSDKEventType.STATUS_CHANGED, 
                                 onStatusChange);

onStatusChange = function (event) {

    switch (event.status) {
        case AdobePSDK.MediaPlayerStatus.IDLE:
            console.log("Player Status: IDLE");
            break;

        case AdobePSDK.MediaPlayerStatus.INITIALIZING:
            console.log("Player Status: INITIALIZING");
            break;

        case AdobePSDK.MediaPlayerStatus.INITIALIZED:
            console.log("Player Status: INITIALIZED");
            player.prepareToPlay();
            break;

        case AdobePSDK.MediaPlayerStatus.PREPARING:
            console.log("Player Status: PREPARING");
            break;

        case AdobePSDK.MediaPlayerStatus.PREPARED:
            console.log("Player Status: PREPARED");
            if (autoPlay) {
                player.play();
            }
            else {
                dispatchEvent(ReferencePlayer.Events.PreparedEvent, 
                              {target: this});
            }
            break;

        case AdobePSDK.MediaPlayerStatus.PLAYING:
            console.log("Player Status: PLAYING");
            //update UI play/pause to show pause icon
            break;

        case AdobePSDK.MediaPlayerStatus.PAUSED:
            console.log("Player Status: PAUSED");
            //update UI play/pause to show play icon &amp; 
            //display pause icon over video
            break;

        case AdobePSDK.MediaPlayerStatus.SEEKING:
            console.log("Player Status: SEEKING");
            break;

        case AdobePSDK.MediaPlayerStatus.COMPLETE:
            console.log("Player Status: COMPLETE");
            break;

        case AdobePSDK.MediaPlayerStatus.RELEASED:
            console.log("Player Status: RELEASED");
            break;

        case AdobePSDK.MediaPlayerStatus.ERROR:
            console.log("Player Status: ERROR");
            break;
    }
};</codeblock> 
	 </section> 
  </conbody> 
</concept> 
