<?xml version="1.0" encoding="UTF-8"?>
<!DOCTYPE concept PUBLIC "-//OASIS//DTD DITA Concept//EN" "technicalContent/dtd/concept.dtd">
<concept id="c_psdk_android_about-ad-insertion"
 xmlns:ditaarch="http://dita.oasis-open.org/architecture/2005/"> 
  <title>Inserting ads</title> 
  <shortdesc>Ad insertion resolves ads for video-on-demand (VOD) , for live
	 streaming, and for linear streaming with ad tracking and ad playback. Browser
	 TVSDK makes the required requests to the ad server, receives information about
	 ads for the specified content, and places the ads in the content in phases. 
  </shortdesc> 
  <conbody> 
	 <p>An 
		<term>ad break</term> contains one or more ads that play in sequence.
		Browser TVSDK inserts ads in the main content as members of one or more ad
		breaks. 
	 </p> 
  </conbody> 
</concept> 
