<?xml version="1.0"?>
<!DOCTYPE reference PUBLIC "-//OASIS//DTD DITA Reference//EN" "reference.dtd">
<reference id="reference_BB2CC16C602647568BAF0880C9849F8D"> 
  <title>Security considerations</title> 
  <shortdesc> There are some security considerations to be aware for Browser
	 TVSDK. 
  </shortdesc> 
  <refbody> 
	 <refsyn id="refsyn_3B5E85BD5E9C43D98BCD60E6AA520CA9"> 
		<ul id="ul_7E0A9E9A5AFE427FA05E9D54B6A57EB3"> 
		  <li id="li_2D3C257B86664BB6A29C858FC9C0F02A"><b>Adobe Flash Player 
			 </b> 
			 <ul id="ul_E30EA7A3F23048AABE93468965959F00"> 
				<li id="li_4941CD1DF6AC4DF0A464F47BE43E20C0">Flash Player does not
				  allow access to data that resides outside the domain from which the SWF
				  originated. 
				  <p>To allow access, host a cross domain policy file with
					 appropriate permissions at the root of the server that is hosting the data. In
					 Flash Fallback mode in Browser TVSDK (Flash Player version 23 and higher), you
					 need the authorization token for your domain. To generate the token, contact
					 your Adobe representative. 
				  </p> 
				</li> 
			 </ul> 
		  </li> 
		  <li id="li_BC2F19153B48421CBC85A03F661F8A2B"><b>JavaScript</b> 
			 <ul id="ul_1986AB3C672D4F7FAC638ECA81243DA6"> 
				<li id="li_268FC5697F4C4208B4842C93E490A295">JavaScript follows the
				  same origin policy and prevents access to resources across domain boundaries. 
				  <p>To allow access to these resources, the
					 Access-Control-Allow-Origin (CORS) header must be set on the resources that are
					 hosted on origins other than the player. Optionally, if the content is
					 specified by using byte ranges, the CORS pre-flight options request must
					 indicate that these requests are allowed by the origin. 
				  </p> 
				</li> 
			 </ul> 
		  </li> 
		  <li id="li_F6B1B66908034A56995C548586BF0914"><b>Browsers and mixed
				content</b> 
			 <ul id="ul_1BEADE25C6CC46569D2B14C4C25AD111"> 
				<li id="li_684A6A246BBD499381E8E74B120278B9">Browsers require that
				  AES-128 encrypted content be hosted over secure Origin (for example, HTTPS). 
				  <p>Since most browsers do not allow mixed content, we recommend
					 that the player, the content, and the associated assets such as Key/ WebVTT
					 files are also hosted over secure Origin. 
					 <note type="important">Starting in version 2.4.5, if the player
						is hosted over HTTPS, Browser TVSDK converts the HTTP calls to HTTPS when using
						MSE technology. 
					 </note> 
				  </p>
				</li> 
			 </ul> 
		  </li> 
		</ul> 
	 </refsyn> 
  </refbody> 
</reference> 
