<?xml version="1.0" encoding="UTF-8"?>
<!DOCTYPE concept PUBLIC "-//OASIS//DTD DITA Concept//EN" "technicalContent/dtd/concept.dtd">
<concept id="overview_audience_guide"
 xmlns:ditaarch="http://dita.oasis-open.org/architecture/2005/"> 
  <title>Product overview and audience</title> 
  <shortdesc>This guide provides information about how to develop video player
	 applications using Browser TVSDK. 
  </shortdesc> 
  <conbody> 
	 <section id="section_1C66E736CEFD4246B7C7C99AADD48118"> 
		<title>Product overview</title> 
		<p>The Adobe Primetime Software Development Kit (Browser TVSDK) is a
		  toolkit that allows you to add advanced video playback functionality, content
		  protection, and advertising to your browser-based video player applications.
		  Browser TVSDK provides JavaScript APIs to build browser-based video
		  applications, and includes playback support in the following modes: 
		<ul id="ul_EE45271C9E764F0880E887DB8B3AF172"> 
		  <li id="li_C4036FD4726D403DA4FACECF0BD4E274">HTML5 only 
		  </li> 
		  <li id="li_B2FCA9AFFC4344CBB31D6B54ECA1E9E1">HTML5 with auto flash
			 fallback 
		  </li> 
		  <li id="li_CDDF250BDF5E4A1A9D29E576AA074A45">Flash always 
		  </li> 
		</ul> 
		</p> 
		<p>This release includes the Browser TVSDK APIs and a sample reference
		  implementation. 
		</p> 
		<p> 
		  <b>UI Framework</b> 
		</p> 
		<p>To help accelerate the UI development for JavaScript-based video
		  player applications for browsers, Browser TVSDK includes a UI framework that
		  consists of APIs to: 
		<ul id="ul_3AE6AF5C1D334A159E26B07CAA52E8FE"> 
		  <li id="li_DE8CE7F8AE2C4462BAE80DE3BBBEBBB5">Include default UI
			 controls such as play/pause, volume, and so on 
		  </li> 
		  <li id="li_259D55313D2B457C9D21AED34CE1080D">Easily add (or remove)
			 advanced playback UI controls without manipulating the DOM structure directly 
		  </li> 
		  <li id="li_96521489C4104C24B383F8CE102F72EB">Easily configure the
			 behavior for the associated UI controls 
		  </li> 
		  <li id="li_CA16F330461A417F94757B0570BEBC3B">Create custom UI controls 
		  </li> 
		  <li id="li_9C9D0E12DF4242E598EC4EBB689463A9">Skin the player UI based
			 on requirements 
		  </li> 
		</ul> 
		</p> 
		<p>For more information about the APIs for the UI framework, see 
		  <xref
			href="http://help.adobe.com/en_US/primetime/api/psdk/btvsdk-ui-framework/index.html"
			format="html" scope="external">UI Framework for Browser TVSDK 2.4</xref>. 
		</p> 
	 </section> 
	 <section id="section_DFC9DECC2E30426DBBDDEA4E288E666C"> 
		<title>Audience</title> 
		<p>This guide assumes that you understand how to develop applications and
		  video players using JavaScript. You can implement a video player and
		  incorporate Browser TVSDK features. 
		</p> 
	 </section> 
  </conbody> 
</concept> 
