<?xml version="1.0"?>
<!DOCTYPE concept PUBLIC "-//OASIS//DTD DITA Concept//EN" "concept.dtd">
<concept id="concept_1090E083859441CFB8D54780A453DCA2"> 
  <title>Captions</title> 
  <shortdesc>You can display captions when playing video content. 
  </shortdesc> 
  <conbody> 
	 <p>To handle captions, you must add the <codeph>AdobePSDK.PSDKEventType.CAPTIONS_UPDATED</codeph>
      event listener:
      <codeblock outputclass="syntax javascript">...
player.addEventListener(AdobePSDK.PSDKEventType.CAPTIONS_UPDATED, 
                        onCaptionsUpdateEvent);
...
function onCaptionsUpdateEvent (event) {
  // code to show the captions icon and any settings button.<ph> For example:
 var btnCC = document.getElementById("btn_captions");
  btnCC.classList.remove("invisible");
 
 var btnSettings = document.getElementById("btn_settings");
  btnSettings.classList.remove("invisible");
}</ph></codeblock>
    </p> 
	 <p>The UI Framework provides a default captions behaviors implementation, which can be modified.
      Closed captions behaviors can also be modified by extending default closed captions behaviors.
      For example:
      <codeblock outputclass="syntax javascript">// Using UI Framework
var playerWrapper = ptp.videoPlayer(‘.videoDiv’, {
player:{
    mediaResource: 'Specify Resource URL',
    ccStyle: {
    font:AdobePSDK.TextFormat.CURSIVE,
    fontColor:AdobePSDK.TextFormat.BRIGHT_WHITE,
    edgeColor:AdobePSDK.TextFormat.BLUE,
    backgroundColor:AdobePSDK.TextFormat.BLACK,
    fillColor:AdobePSDK.TextFormat.BLUE,
    size:AdobePSDK.TextFormat.MEDIUM,
    fontOpacity:100,
    backgroundOpacity:1,
    fillOpacity:1
   }
 }

});
</codeblock>
    </p> 
  </conbody> 
</concept> 
