<?xml version="1.0"?>
<!DOCTYPE concept PUBLIC "-//OASIS//DTD DITA Concept//EN" "concept.dtd">
<!-- Created with XMetaL (http://www.xmetal.com) -->
<concept id="concept_9962773E6BCA4967A7BB8408CDD30C29"> 
  <title>Extensionless streams</title> 
  <shortdesc>Browser TVSDK currently supports the playback of streams where
	 manifests and fragments do not contain extensions. 
  </shortdesc> 
  <conbody> 
	 <section id="section_0E035129501D4A77BBC14192D8A53A86"> 
		<title>Fragment level</title> 
		<p>Browser TVSDK parses the first few bytes of the response to detect the
		  content type of extensionless fragments. If no valid content type is detected,
		  Browser TVSDK will throw an error. 
		</p> 
	 </section> 
	 <section id="section_AAD9EBAC883D4CC3A0133A45B555EECF"> 
		<title>Manifest level</title> 
		<p>Browser TVSDK uses the 
		  <codeph>mediaResource.resourceType</codeph> parameter that is passed in
		  the 
		  <codeph>replaceCurrentResource</codeph> method to detect the content
		  type of manifest URL. For more information, see the 
		  <codeph>AdobePSDK.MediaPlayer</codeph> class. 
		</p> 
		<p>In the UI Framework player, you can specify the resource type in media
		  resource as follows: 
		  <codeblock outputclass="syntax javascript">var playerWrapper = ptp.videoPlayer('.videoDiv', {
  player: {
    mediaResource: {
      resourceUrl:'Specify Resource Url',
      resourceType: ‘Specify Resource Type. Refer AdobePSDK.MediaResourceType’
    }
  }
});
</codeblock> 
		</p> 
		<p>If 
		  <codeph>resourceType</codeph> is not provided, the UI Framework
		  determines the resource type from resource URL extension, which is then passed
		  to 
		  <codeph>replaceCurrentResource</codeph> method. 
		  <note type="tip">For extension-less manifest, ensure that 
			 <codeph>resourceType</codeph> is always passed while loading a
			 resource in the UI Framework. 
		  </note> 
		</p> 
	 </section> 
  </conbody> 
</concept> 
