<?xml version="1.0" encoding="UTF-8"?>
<!DOCTYPE concept PUBLIC "-//OASIS//DTD DITA Concept//EN" "concept.dtd">
<concept id="concept_ard_wvc_ty"> 
  <title>Browserify-compatible player</title> 
  <shortdesc>You can create a Browserify-compatible player using JS files
	 provided by the Browser TVSDK. 
  </shortdesc> 
  <conbody> 
	 <p>Browser TVSDK provides two Browserify-compatible JS files. One is for
		use with the AdobePSDK module; this is for developing apps without the
		UI-Framework. The other is for use with the UI-Framework module; it returns the
		PTP namespace you use for writing apps using the UI-Framework. 
	 </p> 
	 <p>To get started with Browserify, run the following setup commands to
		create 
		<filepath>final.js</filepath> files (your Browserify bundle file) inside
		the 
		<filepath>example</filepath> directories under 
		<filepath>samples/browerify/reference</filepath> and 
		<filepath>samples/browerify/ui-framework</filepath>: 
	 </p> 
	 <ol id="ol_wkg_31q_ty"> 
		<li id="li_8733F8951AE84AE8A53000A05C5C1EAC">Navigate to 
		  <filepath>samples/browserify/reference/build</filepath>. 
		</li> 
		<li id="li_7F8D934FB3864A26B9E6838443F84285">Run the following commands: 
		  <ol id="ol_trt_l1q_ty"> 
			 <li id="li_C73E72D368994C38A3ABDD7E1A7C369A"><filepath>npm
				  install</filepath> 
			 </li> 
			 <li
			  id="li_A831ABBA27FA4C3FA0180A457E6E617B"><filepath>node_modules/.bin/grunt</filepath>
				
			 </li> 
		  </ol> 
		</li> 
		<li id="li_A3C240FA52CA46F29012A150E39CD300">Navigate to 
		  <filepath>samples/browserify/ui-framework/build</filepath>. 
		</li> 
		<li id="li_304767138C744DDFAF95CC1E385D6187">Run the same commands as in
		  Step 2. 
		</li> 
	 </ol> 
	 <p>With this setup done, you can proceed to create Browserify-compatible
		TVSDK apps based on the samples provided with the TVSDK. 
	 </p> 
  </conbody> 
</concept> 
