<?xml version="1.0"?>
<!DOCTYPE concept PUBLIC "-//OASIS//DTD DITA Concept//EN" "concept.dtd">
<concept id="ads"> 
  <title>Ads</title> 
  <shortdesc>When content is playing, Browser TVSDK can display ads and pass
	 information about ads when creating the 
	 <codeph>MediaResource</codeph> object. 
  </shortdesc> 
  <conbody> 
	 <p>You can optionally call the 
		<codeph>prepareToPlay</codeph> function after you receive 
		<codeph>AdobePSDK.MediaPlayerStatus.INITIALIZED</codeph>. 
		<codeblock outputclass="syntax javascript">function onStatusChange (event) {
   switch (event.status) {
     case AdobePSDK.MediaPlayerStatus.INITIALIZED:
        player.prepareToPlay(AdobePSDK.MediaPlayer.LIVE_POINT);
        break;
     case AdobePSDK.MediaPlayerStatus.PREPARED:
        player.play();
        break;
   }
}

var auditudeSettings     = new AdobePSDK.AuditudeSettings();
auditudeSettings.domain  = "sample_auditude_domain";
auditudeSettings.mediaId = "sample_media_id";
auditudeSettings.zoneId  = "sample_zone_id";

// event handler
player.addEventListener(AdobePSDK.PSDKEventType.STATUS_CHANGED, onStatusChange);

var mediaResource = new AdobePSDK.MediaResource(resourceUrl, resourceType, auditudeSettings, false);</codeblock> 
	 </p> 
	 <p>Browser TVSDK also provides the following ad-specific events that you
		can use in your event handlers to prevent content from fast forwarding when ads
		are playing: 
	 <ul id="ul_7C5551A414D646EF9EC0E176B994D936"> 
		<li
		 id="li_7A0A9B065B364DF7A0B357875A78A106"><codeph>AdobePSDK.PSDKEventType.AD_BREAK_STARTED</codeph>
		</li> 
		<li
		 id="li_DEBBB1B0D2974CBEA5F4A4E4AEE5DF77"><codeph>AdobePSDK.PSDKEventType.AD_BREAK_COMPLETED</codeph>
		</li> 
		<li
		 id="li_909FDB375B924E7ABF199BE4D9E1C7AA"><codeph>AdobePSDK.PSDKEventType.AD_STARTED</codeph>
		</li> 
		<li
		 id="li_C2F04E4A862143EB9DDC0E463C12BABF"><codeph>AdobePSDK.PSDKEventType.AD_COMPLETED</codeph>
		</li> 
	 </ul> 
	 </p> 
	 <p>To see this working in the UI Framework, specify ad settings in
		configuration as follows: 
		<codeblock outputclass="syntax javascript">// Using UI Framework
var playerWrapper = ptp.videoPlayer('.videoDiv', {
    player: {
        mediaResource: {

            resourceUrl:'Specify Resource Url',

            auditudeSettings: {
                validMimeTypes: ["application/x-mpeURL"],
                domain: "Sample_auditude_domain",
                mediaId:"sample_media_id",
                zoneID:"sample_zone_id",
                creativeRepackagingEnabled:true
            }
        }
    }
};
</codeblock> 
	 </p> 
	 <p>For more information about the required 
		<codeph>AuditudeSettings</codeph>, see 
		<xref keyref="ad-insertion-metadata"/>. 
	 </p> 
  </conbody> 
</concept> 
