<?xml version="1.0"?>
<!DOCTYPE concept PUBLIC "-//OASIS//DTD DITA Concept//EN" "concept.dtd">
<concept id="companion-banner-ads"> 
  <title>Companion banner ads</title> 
  <shortdesc>Browser TVSDK supports companion banner ads, which are ads that
	 accompany a linear ad and often remain on the page after the linear ad ends.
	 Your application is responsible for displaying the companion banners that are
	 provided with a linear ad. 
  </shortdesc> 
  <conbody> 
	 <p>When displaying companion ads, follow these recommendations: 
	 <ul id="ul_9C8DBF574F8F4F8EB95FD86D8D8BD292"> 
		<li id="li_ABDB3FEF9063444B89350BBCFE16CD3A">Attempt to present as many
		  of a video ad's companion banner ads as will fit in your player's layout. 
		</li> 
		<li id="li_4053E3E38CF74C6592CBA749161A157F">Present a companion banner
		  only if you have a location that matches the specified height and width of the
		  companion banner. 
		  <note type="tip">Do not resize the banner. 
		  </note> 
		</li> 
		<li id="li_AB6D7011953847EA87EE5987DAD438F6">Present the companion
		  banner(s) as soon as possible after the ad begins. 
		</li> 
		<li id="li_C266A9A28A3547C3A222AA917E0DDC6F">Do not overlay the main
		  ad/video container with companion banners. 
		</li> 
		<li id="li_2709CEC268EE41938EDD48F235D36914">Continue to display
		  companion banners after the ad ends. 
		  <p>The standard is to display each companion banner until you have a
			 replacement for this banner. 
		  </p> 
		</li> 
	 </ul> 
	 </p> 
  </conbody> 
</concept> 
