<?xml version="1.0" encoding="UTF-8"?>
<!DOCTYPE concept PUBLIC "-//OASIS//DTD DITA Concept//EN" "technicalContent/dtd/concept.dtd">
<concept id="c_psdk_playback"
 xmlns:ditaarch="http://dita.oasis-open.org/architecture/2005/"> 
  <title>Default and customized playback behavior with ads</title> 
  <shortdesc>The behavior of media playback is affected by seeking, pausing,
	 fast forward or rewind (trick play mode), and the inclusion of advertising. 
  </shortdesc> 
  <conbody> 
	 <p>To override the default behavior, use 
		<codeph>AdBreakPolicySelector</codeph>. 
	 </p> 
	 <p> 
		<note type="important"> Browser TVSDK does not provide a way to disable
		  seeking during ads. Adobe recommends that you configure your application to
		  disable seeking during ads. 
		</note> 
	 </p> 
	 <p>The following table describes how Browser TVSDK handles ads and ad
		breaks during playback: 
	 </p> 
	 <table id="table_466538B1C2A646B89EB4F9AA111203BE"> 
		<tgroup cols="3"><colspec colnum="1" colname="col1"
		  colwidth="*"/><colspec colnum="2" colname="col2" colwidth="*"/><colspec
		  colnum="3" colname="col3" colwidth="*"/><thead> 
			 <row> 
				<entry colname="col1">Video activity 
				</entry> 
				<entry colname="col2">Default Browser TVSDK behavior policy 
				</entry> 
				<entry colname="col3">Customization available through 
				  <codeph>AdBreakPolicySelector 
				  </codeph> 
				</entry> 
			 </row></thead> 
		  <tbody> 
			 <row> 
				<entry colname="col1">During normal play, an ad break is
				  encountered. 
				</entry> 
				<entry colname="col2"> 
				  <ul id="ul_10D2638676EA4ADDA718E61BD4FDC1D2"> 
					 <li id="li_D5CC30F063934C738971E2E8AF00C137"> For live/linear,
						plays the ad break, even if the ad break has already been watched. 
					 </li> 
					 <li id="li_D962C0938DA74186AE99D117E5A74E38">For VOD, plays the
						ad break and marks the ad break as watched. 
					 </li> 
				  </ul> 
				</entry> 
				<entry colname="col3">Specify a different policy for the ad break
				  by using 
				  <codeph>selectPolicyForAdBreak</codeph>. 
				</entry> 
			 </row> 
			 <row> 
				<entry colname="col1">Your application seeks forward over ad
				  break(s) into main content. 
				</entry> 
				<entry colname="col2"> Plays the last unwatched ad break that was
				  skipped over and resumes playback at the desired seek position when the
				  break(s) playback is complete. 
				</entry> 
				<entry colname="col3">Select which skipped break to play by using 
				  <codeph>selectAdBreaksToPlay</codeph>. 
				</entry> 
			 </row> 
			 <row> 
				<entry colname="col1">Your application seeks backward over ad
				  break(s) into main content. 
				</entry> 
				<entry colname="col2"> Skips to the desired seek position without
				  playing ad breaks. 
				</entry> 
				<entry colname="col3">Select which skipped break to play by using 
				  <codeph>selectAdBreaksToPlay</codeph>.                      
				</entry> 
			 </row> 
			 <row> 
				<entry colname="col1">Your application seeks forward into an ad
				  break. 
				</entry> 
				<entry colname="col2"> Plays from the beginning of the ad in which
				  the seek ended. 
				</entry> 
				<entry colname="col3">Specify a different ad policy for the ad
				  break and for the specific ad where the seek ended by using 
				  <codeph>selectPolicyForSeekIntoAd</codeph>. 
				</entry> 
			 </row> 
			 <row> 
				<entry colname="col1">Your application seeks backward into an ad
				  break. 
				</entry> 
				<entry colname="col2"> Plays from the beginning of the ad in which
				  the seek ended. 
				</entry> 
				<entry colname="col3">Specify a different ad policy for the ad
				  break and for the specific ad in which the seek ended by using 
				  <codeph>selectPolicyForSeekIntoAd</codeph>. 
				</entry> 
			 </row> 
			 <row> 
				<entry colname="col1">Your application seeks forward or backward
				  over watched ad break(s) into main content. 
				</entry> 
				<entry colname="col2"> If the last ad break skipped has already
				  been watched, skips to the user-selected seek position. 
				</entry> 
				<entry colname="col3">Select which of the skipped breaks to play
				  using 
				  <codeph>selectAdBreaksToPlay</codeph> and determine which breaks
				  have already been watched by using 
				  <codeph>isWatched</codeph>. 
				</entry> 
			 </row> 
			 <row> 
				<entry colname="col1">Your application seeks forward or backward
				  over one or more ad breaks and drops into a watched ad break. 
				</entry> 
				<entry colname="col2"> Skips the ad break and seeks to the position
				  immediately following the ad break. 
				</entry> 
				<entry colname="col3">Specify a different ad policy for the ad
				  break (with the watched status set to true) and for the specific ad where the
				  seek ended by using 
				  <codeph>selectPolicyForSeekIntoAd</codeph>. 
				</entry> 
			 </row> 
			 <row> 
				<entry colname="col1">Your application seeks forward over ads that
				  were inserted using custom ad markers. 
				</entry> 
				<entry colname="col2">Skips to the user-selected seek position. 
				</entry> 
				<entry colname="col3">For more information, see 
				  <xref
					href="t_psdk_browser_tvsdk_2.4_ui-seek-scrub-bar-display.xml" format="dita"
					scope="local"><?xm-replace_text Handle seek when using the seek bar?></xref> 
				</entry> 
			 </row> 
		  </tbody> 
		</tgroup> 
	 </table> 
	 <section id="section_custom_ad_behaviors"> 
		<title>Setting up custom ad behaviors</title> 
		<p>You can set your preferred behavior in the ad content factory in 
		  <codeph>retrieveAdPolicySelectorCallbackFunc</codeph> method. You can
		  use the 
		  <codeph>selectPolicyForAdBreak</codeph>, 
		  <codeph>selectWatchedPolicyForAdBreak</codeph>, 
		  <codeph>selectPolicyForSeekIntoAd</codeph>, and 
		  <codeph>selectAdBreaksToPlay</codeph> methods in the content factory to
		  select a policy. 
		</p> 
	 </section> 
  </conbody> 
</concept> 
