<?xml version="1.0" encoding="UTF-8"?>
<!DOCTYPE concept PUBLIC "-//OASIS//DTD DITA Concept//EN" "technicalContent/dtd/concept.dtd">
<concept
 id="c_psdk_android_lifecycle-states-mediaplayer-object"
 xmlns:ditaarch="http://dita.oasis-open.org/architecture/2005/"> 
  <title>Life cycle and states of the MediaPlayer object</title> 
  <shortdesc>From the moment the 
	 <codeph>MediaPlayer</codeph> instance is created to the moment it is
	 terminated, this instance transitions from one state to the next. 
  </shortdesc> 
  <conbody> 
	 <p>Here are the possible states: 
	 <ul id="ul_D03974A2DC474818A86860EB507A2071"> 
		<li id="li_49F5C764E07443738EF16603D12E8105"><b>IDLE</b>: 
		  <codeph>MediaPlayerStatus.IDLE</codeph> 
		</li> 
		<li id="li_B86B5CE5525645BDB0332E14B574C000"><b>INITIALIZING</b>: 
		  <codeph>MediaPlayerStatus.INITIALIZING</codeph> 
		</li> 
		<li id="li_C70F3FFA34744797A8B514BE2094E79C"><b>INITIALIZED</b>: 
		  <codeph>MediaPlayerStatus.INITIALIZED</codeph> 
		</li> 
		<li id="li_782A09DAE25A45F5BA0E47B960CD7BEA"> 
		  <b>PREPARING</b>: 
		  <codeph>MediaPlayerStatus.PREPARING</codeph> 
		</li> 
		<li id="li_C0720493BC4F4B2299D3FCC8004C72F9"> 
		  <b>PREPARED</b>: 
		  <codeph>MediaPlayerStatus.PREPARED</codeph> 
		</li> 
		<li id="li_5C0FF5A579BD43C9AE821DBE319D89A5"><b>PLAYING</b>: 
		  <codeph>MediaPlayerStatus.PLAYING</codeph> 
		</li> 
		<li id="li_F0DEE86FC0334409944D489A64B1BDB8"><b>PAUSED</b>: 
		  <codeph>MediaPlayerStatus.PAUSED</codeph> 
		</li> 
		<li id="li_A2ED0D44BE7A484882553282B715CC6D"><b>SEEKING</b>: 
		  <codeph>MediaPlayerStatus.SEEKING</codeph> 
		</li> 
		<li id="li_128EADD7CADB45B5823A476085DDB378"><b>COMPLETE</b>: 
		  <codeph>MediaPlayerStatus.COMPLETE</codeph> 
		</li> 
		<li id="li_6C7EA6AE39F248A181BA782D0C781111"> 
		  <b>ERROR</b>: 
		  <codeph>MediaPlayerStatus.ERROR</codeph> 
		</li> 
		<li id="li_97820DB5CDA442FDB2F72760E1E17E2C"><b>RELEASED</b>: 
		  <codeph>MediaPlayerStatus.RELEASED</codeph> 
		</li> 
	 </ul> 
	 </p> 
	 <p>The complete list of states is defined in 
		<codeph>MediaPlayerStatus</codeph>.
	 </p> 
	 <p>Knowing the player’s state is useful because some operations are
		permitted only while the player is in a particular state. For example, 
		<codeph>play</codeph> cannot be called while in the IDLE state. It must
		be called after reaching the PREPARED state. The ERROR state also changes what
		can happen next. 
	 </p> 
	 <p>As a media resource is loaded and played, the player transitions in the
		following way: 
	 <ol id="ol_CF71CF9F5D174EF4875351CAC74400E2"> 
		<li id="li_F7722292B74E411BA0FEC6B4580E41CA">The initial state is IDLE. 
		</li> 
		<li id="li_6F691DC76FDE4CAD84B8F422AA0DB254">Your application calls 
		  <codeph>MediaPlayer.replaceCurrentResource</codeph>, which moves the
		  player to the INITIALIZING state. 
		</li> 
		<li id="li_BC6834D4C694465580842EFA75842E4B">If Browser TVSDK
		  successfully loads the resource, the state changes to INITIALIZED. 
		</li> 
		<li id="li_036546BB066948CCB51D831A5DE45198">Your application calls 
		  <codeph>MediaPlayer.prepareToPlay</codeph>, and the state changes to
		  PREPARING. 
		</li> 
		<li id="li_F9ED55004C6A451EBD16955520FE5F5B">Browser TVSDK prepares the
		  media stream and starts the ad resolving and ad insertion (if enabled). 
		  <p>When this step is complete, ads are inserted in the timeline or the
			 ad procedure has failed, and the player state changes to PREPARED. 
		  </p> 
		</li> 
		<li id="li_84F9E821C24D499DAC7F525E9B01CE5C">As your application plays
		  and pauses the media, the state moves between PLAYING and PAUSED. 
		  <note type="tip">While playing or paused, when you navigate away from
			 the playback, shut down the device, or switch applications, the state changes
			 to SUSPENDED and resources are released. To continue, restore the media player.
			 
		  </note> 
		</li> 
		<li id="li_29B9061ED04443AA8528E91856DC9243">When the player reaches the
		  end of the stream, the state becomes COMPLETE. 
		</li> 
		<li id="li_24D6CF380ED845D69D4148746454FE1F">When your application
		  releases the media player, the state changes to RELEASED. 
		</li> 
		<li id="li_C91AA5070F1B477D8D76824A3C0E5228">If an error occurs during
		  the process, the state changes to ERROR. 
		</li> 
	 </ol> 
	 </p> 
	 <p>Here is an illustration of the life cycle of a MediaPlayer instance: 
	 </p> 
	 <fig frame="all" id="fig_DD3DAE7507C549C8A4720A26DFCFFCCB"> 
		<image href="images/player-state-transitions-diagram-android_1.2_web.png"
		 id="image_84E77A4D96BD40669C4ED17DB53F14A4"/> 
	 </fig> 
	 <p>You can use the state to provide feedback to the user on the process
		(for example, a spinner while waiting for the next state change) or to take the
		next steps in playing the media, such as waiting for the appropriate state
		before calling the next method. 
	 </p> 
	 <p>For example: 
	 </p> 
	 <codeblock outputclass="syntax javascript">function onStateChanged(state) {
    switch(state) {
        // It is recommended that you call prepareToPlay() 
        // after receiving the INITIALIZED state            
        case AdobePSDK.MediaPlayerStatus.INITIALIZED:
            mediaPlayer.prepareToPlay();
            break;
    }
}
</codeblock> 
  </conbody> 
</concept> 
