<?xml version="1.0"?>
<!DOCTYPE reference PUBLIC "-//OASIS//DTD DITA Reference//EN" "reference.dtd">
<!-- Created with XMetaL (http://www.xmetal.com) -->
<reference id="reference_134A4ECFAE3E431E85FAE9D0E1177317"> 
  <title>Flash Player requirements</title> 
  <shortdesc>To use Flash Player, ensure that your environment meets the
	 necessary requirements. 
  </shortdesc> 
  <refbody> 
	 <section id="section_FEE654D506EC4D85AE77302AD2A27777"> 
		<p>Here are the requirements for the Flash Player: 
		</p> 
		<ul id="ul_80271F2F9F51419382DF190FE3777C3B"> 
		  <li id="li_2EC921A5CDF546048B15A0E9CE774F2E">To play back with 
			 <codeph>Primetime.js</codeph>, install at least Flash Player version
			 23. 
		  </li> 
		  <li id="li_C3D55E01CDC346A0A36AF7D4F5BCB6B2">To be prompted for updates
			 to Flash Player version 23 or later, install at least Flash Player version
			 11.0.0. 
		  </li> 
		</ul> 
	 </section> 
	 <section id="section_F95FC1FEEFEA44D28C9596D2F359AFC7"> 
		<title>Packaging requirements</title> 
		<p>Playback with Flash Player requires the following SWF files: 
		<ul id="ul_DC901A61B754488FBE8D51DC580A5A08"> 
		  <li id="li_755AA3C381D54704A2B20EDEFB0887BF">The main application SWF
			 file that handles Browser TVSDK APIs. 
		  </li> 
		  <li id="li_AA8D0064B41F49539C36D115072962AC">The 
			 <codeph>playerProductInstall.swf</codeph> SWF file that handles Flash
			 Player installation and updates. 
		  </li> 
		</ul> 
		</p> 
		<p>In addition, video playback in Flash requires an authorization token
		  file that might be a SWF or a 
		  <codeph>.DAT</codeph> file. The path to the SWF files, the
		  authorization token file, and the token file name and type can be specified by
		  using the AdobePSDK APIs. 
		</p> 
		<p>For example: 
		  <codeblock outputclass="syntax javascript">// Set relative or http path to directory containing SWF. 
// Defaults to current directory for the html page.
AdobePSDK.setSWFPath(&lt;swfPath&gt;);

// Set the relative or http path to directory containing token file(s).
// Defaults to SWFPath + "token/".
AdobePSDK.setAuthorizationTokenPath(&lt;authorizationTokenPath&gt;);

// Set the name of the token file, do not include any path in this string.
AdobePSDK.setAuthorizationTokenFilename("hlsaf_localhost.swf");

//Set the token type, "DAT" or "SWF". Defaults to "DAT"
AdobePSDK.setAuthorizationTokenType("SWF");</codeblock>
		</p> 
	 </section> 
  </refbody> 
</reference> 
