<?xml version="1.0"?>
<!DOCTYPE reference PUBLIC "-//OASIS//DTD DITA Reference//EN" "reference.dtd">
<reference id="manifest-tag-notifications"> 
  <title>Notifications for manifest tags</title> 
  <shortdesc> The 
	 <codeph>MediaPlayerItem.timedMetadata</codeph> property provides access to
	 all 
	 <codeph>TimedMetadata</codeph> objects that are created from
	 playlist/manifest tags or from ID3 tags in the media stream. 
  </shortdesc> 
  <refbody> 
	 <section id="section_9A22F6F1EA1F4F0C9E0C7687D12AA4AA"> 
		<p>The 
		  <codeph>MediaPlayerItem.hasTimedMetadata</codeph> property indicates
		  whether a subscribed custom tag exists in the current media. You can monitor
		  timed metadata by listening for the 
		  <codeph>Events.TimedMetadataEvent</codeph>, which the MediaPlayer
		  instance dispatches each time a new 
		  <codeph>TimedMetadata</codeph> object is created. 
		</p> 
	 </section> 
  </refbody> 
</reference> 
