<?xml version="1.0"?>
<!DOCTYPE reference PUBLIC "-//OASIS//DTD DITA Reference//EN" "reference.dtd">
<!-- Created with XMetaL (http://www.xmetal.com) -->
<reference id="reference_68C7465E09BD49FB9A93D0AEE7500C0F"> 
  <title>Google Cast app for Browser TVSDK</title> 
  <shortdesc>You can cast any of the streams from a TVSDK-based sender app and
	 have the stream played back on Chromecast with Browser TVSDK. 
  </shortdesc> 
  <refbody> 
	 <section id="section_87CE5D6D46F0439EB6E63A742D6DD9C8"> 
		<p>There are two components of a Cast-enabled app: 
		<ul id="ul_1D2B0362FD00472DB3D578B74D50659A"> 
		  <li id="li_76D12D3846CD45D29D9B42B9AE62A643">The sender app, which acts
			 as the remote control. 
			 <p> Sender apps include smart phones, personal computers, and so on.
				The app can be developed using native SDKs for iOS, Android, and Chrome. 
			 </p> 
		  </li> 
		  <li id="li_26449C40B4C34BCFB6CA4A42BF49E6A8">The receiver app, which
			 runs on Chromecast and plays the content. 
			 <note type="important">This app can only be an HTML5 app. 
			 </note> 
		  </li> 
		</ul> 
		</p> 
		<p>The sender and the receiver communicate by using the Cast SDKs to pass
		  messages. 
		</p> 
	 </section> 
	 <section id="section_FAF680FF29DA4D24A50AC0A2B6402B58"> 
		<title>Basic Workflow</title> 
		<p>Here is an overview of the process: 
		<ol id="ol_E71D6768ACE845E5975FC6D4ACF0D3F1"> 
		  <li id="li_91202408D3484628B01E904CF050FB56">The sender app establishes
			 a connection with the receiver app. 
		  </li> 
		  <li id="li_05712153445F453393B4CC36C80626BE">The sender app sends a
			 message to load the media on the receiver app. 
		  </li> 
		  <li id="li_52D240FA130E4EC490E19C62E7D4D5D6">The receiver app begins
			 playback. 
		  </li> 
		  <li id="li_F1D49042580642C1AB9ACD23071AFCE8">The sender app sends
			 playback control messages, such as play, pause, seek, fast forward, fast
			 rewind, rewind, volume change, and so on, to the receiver app. 
		  </li> 
		  <li id="li_9CA74F02CC7245149836B1DCE2E92C70">The receiver app reacts to
			 these messages. 
		  </li> 
		</ol> 
		</p> 
	 </section> 
	 <section id="section_1624159DD51D4C87B3E5803DEEBCB6B7"> 
		<title>Message format</title> 
		<p>You must define the messages so that the sender and receiver can
		  understand. Here is an example of a seek message: 
		  <codeblock outputclass="syntax javascript">{
"type": "seek",
"seekTo": 10000
}
</codeblock> 
		</p> 
		<p>When sending custom messages such as the seek message through the Cast
		  SDKs, a custom message namespace is required. Here is an example in JavaScript:
		  
		  <codeblock outputclass="syntax javascript">Custom Message Namespace
var MSG_NAMESPACE = "urn:x-cast:com.adobe.primetime";
</codeblock> 
		</p> 
	 </section> 
	 <section id="section_B4D40CABDD3E46FDBE7B5651DFF91653"> 
		<title>Establishing a connection</title> 
		<note type="important">Browser TVSDK APIs are not involved when
		  establishing the connection. 
		</note> 
		<p>To establish a connection, the sender and receiver must complete the
		  following tasks: 
		<ul id="ul_54E1561C721040769D40F8337AB7EF78"> 
		  <li id="li_4698D16F19FD49BAA32BB1DCA863D13E">The sender must review the
			 documentation for platform at 
			 <xref href="https://developers.google.com/cast/docs/sender_apps"
			  format="https" scope="external">Sender App Development</xref>. 
		  </li> 
		  <li id="li_7BEE36C4264D4CB4BFA18056F3916FA7">The receiver uses the Cast
			 receiver APIs to establish a connection with the sender app. For example: 
			 <codeblock outputclass="syntax javascript">window.castReceiverManager = cast.receiver.CastReceiverManager.getInstance();
  
window.castReceiverManager.onReady = function (event) { /*handle event*/ };
window.castReceiverManager.onSenderConnected = function (event) { /*handle event*/ };
window.castReceiverManager.onSenderDisconnected = function (event) { /*handle event*/ };
  
var customMessageBus = window.castReceiverManager.getCastMessageBus(MSG_NAMESPACE);
customMessageBus.onMessage = function (event) { /*handle messages*/ };
  
window.castReceiverManager.start();
</codeblock> 
		  </li> 
		</ul> 
		</p> 
	 </section> 
	 <section id="section_3E4814546F5946C9B3E7A1AE384B4FF8"> 
		<title>Message Handling</title> 
		<p>To send messages to the receiver, see the documentation for your
		  sender's platform. 
		  <note type="important">You must include the custom message namespace, 
			 <codeph>MSG_NAMESPACE</codeph> in all the messages. 
		  </note> For the receiver app, follow the documentation for the cast
		  receiver APIs. 
		</p> 
		<p><b>Example of a Chrome-Based Sender Message</b> 
		  <codeblock outputclass="syntax javascript">window.session.sendMessage(MSG_NAMESPACE, message, successCallback, errorCallback); //https://developers.google.com/cast/docs/reference/chrome/chrome.cast.Session#sendMessage</codeblock> 
		</p> 
		<p><b>Chrome Based Sender Event Handling</b> 
		</p> 
		<p>Bind event handlers to your UI elements that will send messages when
		  the corresponding events are triggered. For example, for a Chrome-based sender
		  app, the seek event might be sent like this: 
		  <codeblock outputclass="syntax javascript">document.getElementById("#seekBar").addEventListener("click", seekEventHandler);
  
function seekEventHandler(event) {
    seekMessage = { type: "seek", seekTo: player.currentTime }; //player is an instance of AdobePSDK.MediaPlayer
    window.session.sendMessage(MSG_NAMESPACE, seekMessage, successCallback, errorCallback);
}
</codeblock> 
		</p> 
		<p><b>Receiver Message Handling</b> 
		</p> 
		<p>From the receiver app, here is an example of how to handle the seek
		  message: 
		  <codeblock scale="50" outputclass="syntax javascript">customMessageBus.onMessage = function (event) {
    var message = JSON.parse(event.data);
    switch (message.type) {
        case "seek": 
            player.seek(parseInt(message.seekTo));
            break;
        //code for handling other events
        default: 
            break;
    }
};
</codeblock> 
		</p> 
	 </section> 
  </refbody> 
</reference> 
