<?xml version="1.0"?>
<!DOCTYPE reference PUBLIC "-//OASIS//DTD DITA Reference//EN" "reference.dtd">
<reference id="reference_event-types"> 
  <title>Event types and classes for callbacks</title> 
  <shortdesc>When you register event listeners with Browser TVSDK, you specify
	 an event 
	 <ph>type</ph> to listen for and the name of your callback. When an event
	 occurs, Browser TVSDK calls your callback and passes to it an event object of
	 the appropriate type. 
  </shortdesc> 
  <refbody> 
	 <table frame="all" colsep="1" rowsep="1"
	  id="table_FE58AD65AF3B4483816C00D7EAD2FB4F"> 
		<tgroup cols="2" colsep="1" rowsep="1" outputclass="FormatA"> 
		  <colspec colnum="1" colname="2" colwidth="1.00*"/> 
		  <colspec colname="newCol2" colnum="2" colwidth="1*"/> 
		  <thead> 
			 <row rowsep="1"> 
				<entry colname="2"> When you listen for this event name
				  (AdobePSDK.EventType)
				</entry> 
				<entry> 
				  <ph conkeyref="phrases/browser-tvsdk-name"/> passes an event to
				  your callback of this object type (<codeph>AdobePSDK.Event</codeph>) 
				</entry> 
			 </row> 
		  </thead> 
		  <tbody> 
			 <row rowsep="1"> 
				<entry colname="2"> 
				  <ul id="ul_kj4_jc4_2y"> 
					 <li
					  id="li_C00AD7DE32C94431A4550E21CAC1DCA5"><codeph>AD_STARTED</codeph>
					 </li> 
					 <li
					  id="li_1A3EA7527B3642E9ADF39F3CC3D87EDC"><codeph>AD_PROGRESS</codeph>
					 </li> 
					 <li
					  id="li_9FB16D4B43EC4905909E881BC1C86E74"><codeph>AD_COMPLETED</codeph>
					 </li> 
				  </ul> 
				</entry> 
				<entry><codeph>AdPlaybackEvent</codeph>
				</entry> 
			 </row> 
			 <row rowsep="1"> 
				<entry colname="2"> 
				  <ul id="ul_jpq_pc4_2y"> 
					 <li
					  id="li_782365D715684DDC835E16D08CC0BBDB"><codeph>AD_BREAK_STARTED</codeph>
					 </li> 
					 <li
					  id="li_78D7EAEE99D04A35AD7C6EC60DDDC1CC"><codeph>AD_BREAK_COMPLETED</codeph>
					 </li> 
					 <li
					  id="li_6155ADAF5E964C458E92AFFB4F7D6347"><codeph>AD_BREAK_SKIPPED</codeph>
					 </li> 
				  </ul> 
				</entry> 
				<entry><codeph>AdBreakPlaybackEvent</codeph>
				</entry> 
			 </row> 
			 <row rowsep="1"> 
				<entry colname="2"><codeph>AD_CLICK</codeph>
				</entry> 
				<entry><codeph>AdClickEvent</codeph>
				</entry> 
			 </row> 
			 <row rowsep="1"> 
				<entry colname="2"> 
				  <ul id="ul_eny_tc4_2y"> 
					 <li
					  id="li_13F95E4BF905425CA5A95ECC138CC078"><codeph>BUFFERING_BEGIN</codeph>
					 </li> 
					 <li
					  id="li_BA6F4E38E2F440FAAA4E70DF906A3350"><codeph>BUFFERING_END</codeph>
					 </li> 
				  </ul> 
				</entry> 
				<entry><codeph>BufferEvent</codeph>
				</entry> 
			 </row> 
			 <row rowsep="1"> 
				<entry colname="2"><codeph>DRM_METADATA_INFO_AVAILABLE</codeph> 
				</entry> 
				<entry><codeph>DRMMetadataInfoAvailableEvent</codeph>
				</entry> 
			 </row> 
			 <row> 
				<entry colname="2"><codeph>LOAD_INFORMATION_AVAILABLE</codeph>
				</entry> 
				<entry><codeph>LoadInformationEvent</codeph>
				</entry> 
			 </row> 
			 <row rowsep="1"> 
				<entry colname="2"> 
				  <ul id="ul_kwy_cd4_2y"> 
					 <li
					  id="li_D5455D287EA5472D95A45AD1A8835D61"><codeph>AUDIO_UPDATED</codeph>
					 </li> 
					 <li
					  id="li_AFF5B14338AB4AA8B4DF3963F2FDD4CF"><codeph>CAPTIONS_UPDATED</codeph>
					 </li> 
					 <li
					  id="li_F7C9B933C6A44E80B57EB5274640A17B"><codeph>MASTER_UPDATED</codeph>
					 </li> 
					 <li
					  id="li_C9FDF852BF4F4B638A8A1CAAFC27A23F"><codeph>ITEM_CREATED</codeph>
					 </li> 
					 <li
					  id="li_85E13B35A6DB44A4BA0F93EA52B9D08A"><codeph>ITEM_UPDATED</codeph>
					 </li> 
				  </ul> 
				</entry> 
				<entry><codeph>MediaPlayerItemEvent</codeph>
				</entry> 
			 </row> 
			 <row rowsep="1"> 
				<entry colname="2"><codeph>STATUS_CHANGED</codeph>
				</entry> 
				<entry><codeph>StatusChangeEvent</codeph>
				</entry> 
			 </row> 
			 <row rowsep="1"> 
				<entry colname="2"><codeph>OPERATION_FAILED</codeph>
				</entry> 
				<entry><codeph>NotificationEvent</codeph>
				</entry> 
			 </row> 
			 <row rowsep="1"> 
				<entry colname="2"><codeph>RESERVATION_REACHED</codeph>
				</entry> 
				<entry><codeph>ReservationEvent</codeph>
				</entry> 
			 </row> 
			 <row rowsep="1"> 
				<entry colname="2"> 
				  <ul id="ul_jfl_224_2y"> 
					 <li
					  id="li_02B430978FA14A41A000DF8F9A345793"><codeph>RATE_SELECTED</codeph>
					 </li> 
					 <li
					  id="li_1EDC0664B59E49448040DF312C928FAA"><codeph>RATE_PLAYING</codeph>
					 </li> 
				  </ul> 
				</entry> 
				<entry><codeph>PlaybackRateEvent</codeph>
				</entry> 
			 </row> 
			 <row rowsep="1"> 
				<entry colname="2"><codeph>PROFILE_CHANGED</codeph>
				</entry> 
				<entry><codeph>ProfileEvent</codeph>
				</entry> 
			 </row> 
			 <row rowsep="1"> 
				<entry colname="2"><codeph>PLAY_START</codeph>
				</entry> 
				<entry><codeph>PSDKEvent</codeph>
				</entry> 
			 </row> 
			 <row rowsep="1"> 
				<entry colname="2"> 
				  <ul id="ul_nwg_w24_2y"> 
					 <li
					  id="li_7CABB2AD7AB140E3BD4061460987BA40"><codeph>SEEK_POSITION_ADJUSTED</codeph>
					 </li> 
					 <li
					  id="li_D44BEC28BDBB408280F5AA77E06107B3"><codeph>SEEK_BEGIN</codeph>
					 </li> 
					 <li
					  id="li_EC000CF7E3DF4BC18443E368E347E7ED"><codeph>SEEK_END</codeph>
					 </li> 
				  </ul> 
				</entry> 
				<entry><codeph>SeekEvent</codeph>
				</entry> 
			 </row> 
			 <row rowsep="1"> 
				<entry colname="2"><codeph>SIZE_AVAILABLE</codeph>
				</entry> 
				<entry><codeph>SizeAvailableEvent</codeph>
				</entry> 
			 </row> 
			 <row rowsep="1"> 
				<entry colname="2"><codeph>TIME_CHANGED</codeph>
				</entry> 
				<entry><codeph>TimeChangeEvent</codeph>
				</entry> 
			 </row> 
			 <row rowsep="1"> 
				<entry colname="2"><codeph>TIMED_METADATA_AVAILABLE</codeph>
				</entry> 
				<entry><codeph>TimedMetadataEvent</codeph>
				</entry> 
			 </row> 
			 <row rowsep="1"> 
				<entry colname="2"><codeph>TIMELINE_UPDATED</codeph>
				</entry> 
				<entry><codeph>TimelineEvent</codeph>
				</entry> 
			 </row> 
			 <row rowsep="1"> 
				<entry colname="2"><codeph>PLAYBACK_RANGE_UPDATED</codeph> 
				</entry> 
				<entry/> 
			 </row> 
		  </tbody> 
		</tgroup> 
	 </table> 
  </refbody> 
</reference> 
