<?xml version="1.0" encoding="UTF-8"?>
<!DOCTYPE reference PUBLIC "-//OASIS//DTD DITA Reference//EN" "technicalContent/dtd/reference.dtd">
<reference id="r_psdk_android_caption-formatting-samples"
 xmlns:ditaarch="http://dita.oasis-open.org/architecture/2005/"> 
  <title>Examples: Caption formatting</title> 
  <shortdesc>You can specify closed-caption formatting. 
  </shortdesc> 
  <refbody> 
	 <section id="section_BD7B48F3B66D4E9290E1CB2F464E08E4"> 
		<title>Example 1: Specify format values explicitly</title> 
		<codeblock outputclass="syntax javascript">// Set CC style.
var tf = new AdobePSDK.TextFormat(
      AdobePSDK.TextFormat.FONT_DEFAULT,
      AdobePSDK.TextFormat.COLOR_DEFAULT,
      AdobePSDK.TextFormat.COLOR_DEFAULT,
      AdobePSDK.TextFormat.FONT_EDGE_DEFAULT,
      AdobePSDK.TextFormat.COLOR_DEFAULT,
      AdobePSDK.TextFormat.COLOR_DEFAULT,
      AdobePSDK.TextFormat.SIZE_DEFAULT,
      AdobePSDK.TextFormat.DEFAULT_OPACITY,
      AdobePSDK.TextFormat.DEFAULT_OPACITY,
      AdobePSDK.TextFormat.DEFAULT_OPACITY;
 mediaPlayer.CCStyle(tf);</codeblock> 
		<note type="important">Browser TVSDK does not support font edge, fill
		  color, or fill opacity. 
		</note> 
	 </section> 
  </refbody> 
</reference> 
