<?xml version="1.0" encoding="UTF-8"?>
<!DOCTYPE reference PUBLIC "-//OASIS//DTD DITA Reference//EN" "technicalContent/dtd/reference.dtd">
<reference id="r_psdk_android_mediaplayer-methods-for-accessing-mediaresource"
 xmlns:ditaarch="http://dita.oasis-open.org/architecture/2005/"> 
  <title>MediaPlayer attributes to access MediaResource information</title> 
  <shortdesc>The methods in the 
	 <codeph>MediaPlayerItem</codeph> class allow you to obtain information
	 about the content stream that is represented by a loaded 
	 <codeph>MediaResource</codeph>. 
  </shortdesc> 
  <refbody> 
	 <refsyn id="refsyn_DA064E20CBA74B42AAEC70351821EE67"> 
		<table frame="all" colsep="1" rowsep="1"
		 id="table_46225307CA5B4BB1869576E0B9141E38"> 
		  <tgroup cols="3" colsep="1" rowsep="1" outputclass="FormatA"> 
			 <colspec colnum="1" colname="1" colwidth="13*"/> 
			 <colspec colnum="2" colname="2" colwidth="41*"/> 
			 <colspec colnum="3" colname="3" colwidth="46*"/> 
			 <thead> 
				<row rowsep="1"> 
				  <entry colname="1">Purpose 
				  </entry> 
				  <entry colname="2">Attribute 
				  </entry> 
				  <entry colname="3">Description 
				  </entry> 
				</row> 
			 </thead> 
			 <tbody> 
				<row rowsep="1"> 
				  <entry colname="1">Live stream 
				  </entry> 
				  <entry colname="2"> 
					 <codeph>live 
					 </codeph> 
				  </entry> 
				  <entry colname="3">True if the stream is live; false if it is
					 VOD. 
				  </entry> 
				</row> 
				<row rowsep="1"> 
				  <entry colname="1" morerows="2">Closed captions 
				  </entry> 
				  <entry colname="2"> 
					 <codeph>hasClosedCaptions 
					 </codeph> 
				  </entry> 
				  <entry colname="3">True if closed-caption tracks are available. 
				  </entry> 
				</row> 
				<row rowsep="1"> 
				  <entry colname="2"> 
					 <codeph>closedCaptionsTracks</codeph> 
				  </entry> 
				  <entry colname="3">Provides a list of available closed-caption
					 tracks. 
				  </entry> 
				</row> 
				<row rowsep="1"> 
				  <entry colname="2"> 
					 <codeph>selectedClosedCaptionsTrack</codeph> 
				  </entry> 
				  <entry colname="3">Retrieves the closed caption track that was
					 selected with 
					 <codeph>selectClosedCaptionsTrack</codeph>. 
				  </entry> 
				</row> 
				<row rowsep="1"> 
				  <entry colname="1" morerows="2">Alternate audio 
				  </entry> 
				  <entry colname="2"> 
					 <codeph>hasAlternateAudio 
					 </codeph> 
				  </entry> 
				  <entry colname="3"> 
					 <p>True if the stream has alternate audio tracks. 
					 </p> 
				  </entry> 
				</row> 
				<row rowsep="1"> 
				  <entry colname="2"> 
					 <codeph>audioTracks</codeph> 
				  </entry> 
				  <entry colname="3">Provides a list of available alternate audio
					 tracks. 
				  </entry> 
				</row> 
				<row rowsep="1"> 
				  <entry colname="2"> 
					 <codeph>selectedAudioTrack</codeph> 
				  </entry> 
				  <entry colname="3"><ph>Retrieves the currently selected audio
						track that were selected with 
						<codeph>selectAudioTrack</codeph>.</ph> 
				  </entry> 
				</row> 
				<row rowsep="1"> 
				  <entry colname="1" morerows="1">Timed metadata 
				  </entry> 
				  <entry colname="2"> 
					 <codeph>hasTimedMetadata</codeph> 
				  </entry> 
				  <entry colname="3">True if the stream has associated timed
					 metadata. 
				  </entry> 
				</row> 
				<row rowsep="1"> 
				  <entry colname="2"> 
					 <codeph>timedMetadata</codeph> 
				  </entry> 
				  <entry colname="3">Provides a list of the timed metadata objects
					 that are associated with the stream. 
				  </entry> 
				</row> 
				<row rowsep="1"> 
				  <entry colname="1" morerows="1">Multiple profiles (bit rates) 
				  </entry> 
				  <entry colname="2" morerows="1"> 
					 <codeph>profiles</codeph> 
				  </entry> 
				  <entry colname="3"> 
				  </entry> 
				</row> 
				<row rowsep="1"> 
				  <entry colname="3">Provides a list of the associated bit rate
					 profiles that are associated with this stream. 
					 <note>You can retrieve the bit rate for each profile and the
						height and width of the profile. 
					 </note> 
				  </entry> 
				</row> 
				<row rowsep="1"> 
				  <entry colname="1">Media resource 
				  </entry> 
				  <entry colname="2"><codeph>resource 
					 </codeph> 
				  </entry> 
				  <entry colname="3">Returns the media resource that is associated
					 with this item. 
				  </entry> 
				</row> 
			 </tbody> 
		  </tgroup> 
		</table> 
	 </refsyn> 
  </refbody> 
</reference> 
