<?xml version="1.0" encoding="UTF-8"?>
<!DOCTYPE reference PUBLIC "-//OASIS//DTD DITA Reference//EN" "reference.dtd">
<reference id="reference_billing-data-format"> 
  <title>Transmit billing metrics </title> 
  <shortdesc>Browser TVSDK sends billing metrics to Adobe in an XML format. 
  </shortdesc> 
  <refbody> 
	 <example id="example_13ABDB1CC0B549968A534765378DA3A0">If you use a network
		capture tool to monitor the statistics Browser TVSDK transmits to Adobe, you
		should see units like the following: 
		<p> 
		  <codeblock outputclass="syntax html">&lt;?xml version="1.0" encoding="UTF-8"?&gt;
&lt;request&gt;
    &lt;sc_xml_ver&gt;1.0&lt;/sc_xml_ver&gt;
    &lt;reportSuiteID&gt;primesample2&lt;/reportSuiteID&gt;
    &lt;visitorID&gt;947310128cb56f41&lt;/visitorID&gt;
    &lt;pageURL&gt;http://. . ..m3u8&lt;/pageURL&gt;
    &lt;timestamp&gt;2016-4-7T10:1:4&lt;/timestamp&gt;
    &lt;contextData&gt;
        &lt;billingMetrics&gt;
            &lt;publisherID&gt;com.adobe.primetime.reference.PrimetimeReference&lt;/publisherID&gt;
            &lt;contentType&gt;vod&lt;/contentType&gt;
            &lt;adsEnabled&gt;true&lt;/adsEnabled&gt;
            &lt;midrollEnabled&gt;true&lt;/midrollEnabled&gt;
            &lt;platform&gt;Mac OSX 10.11.5&lt;/platform&gt;
            &lt;tvsdkVersion&gt;2,4,0,1559&lt;/tvsdkVersion&gt;
            &lt;contentURL&gt;http://. . ..m3u8&lt;/contentURL&gt;
        &lt;/billingMetrics&gt;
    &lt;/contextData&gt;
&lt;/request&gt;</codeblock> 
		</p> The boolean properties 
		<codeph>drmProtected</codeph>, 
		<codeph>adsEnabled</codeph>, and 
		<codeph>midrollEnabled</codeph> appear only if they are true. 
	 </example> 
  </refbody> 
</reference> 
