<?xml version="1.0"?>
<!DOCTYPE reference PUBLIC "-//OASIS//DTD DITA Reference//EN" "reference.dtd">
<reference id="r_psdk_android_timedmetadata-class"> 
  <title>Timed metadata class</title> 
  <shortdesc> When Browser TVSDK detects a subscribed tag in the
	 playlist/manifest, the player automatically tries to process the tag and expose
	 it as a 
	 <codeph>TimedMetadata</codeph> object. 
  </shortdesc> 
  <refbody> 
	 <refsyn id="refsyn_12D1B2F08C754A6B80C30F9179CC1BDC"> 
		<p>The 
		  <codeph>TimedMetadata</codeph> class provides the following elements: 
		</p> 
		<table id="table_5827A0626EDC45F68DC3E7644F3EFF69"> 
		  <tgroup cols="3"><colspec colnum="1" colname="col1"
			 colwidth="1.00*"/><colspec colname="col02" colnum="2"
			 colwidth="2.34*"/><colspec colnum="3" colname="col2" colwidth="4.40*"/><thead> 
				<row> 
				  <entry colname="col1"> Property 
				  </entry> 
				  <entry colname="col02">Type 
				  </entry> 
				  <entry colname="col2">Description 
				  </entry> 
				</row></thead> 
			 <tbody> 
				<row> 
				  <entry colname="col1"> 
					 <p>type 
					 </p> 
				  </entry> 
				  <entry colname="col02"> 
					 <p><codeph> TimedMetadataType</codeph> 
					 </p> 
				  </entry> 
				  <entry colname="col2"> 
					 <p>Here are the timed metadata types: 
					 <ul id="ul_E79C375A54C64BF09A927EE8983E98E3"> 
						<li id="li_F1907521CDBE47E282A87AF0A7A1477A">TAG - the timed
						  metadata was created from a tag in the playlist/manifest. 
						</li> 
						<li id="li_5B0C0B0F247144709F86E6654A5AB500">ID3 - the timed
						  metadata was created from a ID3 tag in the media stream. 
						</li> 
					 </ul> 
					 </p> 
				  </entry> 
				</row> 
				<row> 
				  <entry colname="col1"> 
					 <p>time 
					 </p> 
				  </entry> 
				  <entry colname="col02"> 
					 <p>Number 
					 </p> 
				  </entry> 
				  <entry colname="col2"> 
					 <p>The local time position (milliseconds) relative to the start
						of the main content where this timed metadata is present in the stream. 
					 </p> 
				  </entry> 
				</row> 
				<row> 
				  <entry colname="col1"> 
					 <p>id 
					 </p> 
				  </entry> 
				  <entry colname="col02"> 
					 <p>String 
					 </p> 
				  </entry> 
				  <entry colname="col2"> 
					 <p>The unique identifier of the timed metadata. 
					 </p> 
					 <p>Is usually extracted from the cue/tag ID attribute if
						present. Otherwise, it is a unique random value. 
					 </p> 
				  </entry> 
				</row> 
				<row> 
				  <entry colname="col1"> 
					 <p>name 
					 </p> 
				  </entry> 
				  <entry colname="col02"> 
					 <p>Number 
					 </p> 
				  </entry> 
				  <entry colname="col2"> 
					 <p>The name of the timed metadata. 
					 </p> 
					 <p>If the type is TAG, the value represents the cue/tag name.
						If the type is ID3, the value is null. 
					 </p> 
				  </entry> 
				</row> 
				<row> 
				  <entry colname="col1"> 
					 <p>content 
					 </p> 
				  </entry> 
				  <entry colname="col02"> 
					 <p>String 
					 </p> 
				  </entry> 
				  <entry colname="col2"> 
					 <p>The raw content of the timed metadata. 
					 </p> 
					 <p>If the type is TAG, the value represents the entire
						attribute list of the cue/tag. If the type id ID3, the value is null. 
					 </p> 
				  </entry> 
				</row> 
				<row> 
				  <entry colname="col1"> 
					 <p>metadata 
					 </p> 
				  </entry> 
				  <entry colname="col02"> 
					 <p><codeph>Metadata</codeph> 
					 </p> 
				  </entry> 
				  <entry colname="col2"> 
					 <p>The processed/extracted information from the
						playlist/manifest custom tag. 
					 </p> 
				  </entry> 
				</row> 
			 </tbody> 
		  </tgroup> 
		</table> 
	 </refsyn> 
  </refbody> 
</reference> 
