<?xml version="1.0" encoding="UTF-8"?>
<!DOCTYPE reference PUBLIC "-//OASIS//DTD DITA Reference//EN" "technicalContent/dtd/reference.dtd"[
  <!-- Begin Document Specific Declarations -->
  <!-- End Document Specific Declarations -->
]>
<reference id="id13C9DG00L9T"
 xmlns:ditaarch="http://dita.oasis-open.org/architecture/2005/"> 
  <title>DRM interface overview</title> 
  <shortdesc> Browser TVSDK provides a DRM interface you can use to play
	 content protected by different DRM solutions, including FairPlay, PlayReady,
	 and Widevine. 
  </shortdesc> 
  <refbody> 
	 <section id="section_59994F2059B245E996E0776214804A0A"> 
		<note type="important">DRM support is available for MPEG-Dash streams
		  protected with Microsoft PlayReady (on Internet Explorer on Windows 8.1 and
		  Edge), and Widevine (on Google Chrome) DRM systems. DRM support is available
		  for HLS streams on Safari that are protected with FairPlay. 
		</note> 
		<p>The key interface of the DRM workflow is the 
		  <codeph>DRMManager</codeph>. A reference to the 
		  <codeph>DRMManager</codeph> instance can be obtained through the
		  MediaPlayer instance: 
		<ul id="ul_B6A6DBF988BA49E2A4F7081A497A2552"> 
		  <li id="li_426C0BFE0926498D97F7C436F4EA765C"><codeph
			 outputclass="syntax javascript">var mediaPlayer = new
				AdobePSDK.MediaPlayer();</codeph> 
		  </li> 
		  <li id="li_0770E31E42BC4BC683992F9CF4D825A8"> 
			 <codeph outputclass="syntax javascript">var drmManager =
				mediaPlayer.drmManager;</codeph> 
		  </li> 
		</ul> 
		</p> 
	 </section> 
	 <section id="section_B7E8AD9A4D4F4BD9BA2A67ABC135D6F9"> 
		<p>Here is a high-level workflow for playback of DRM-protected content: 
		<ol id="ol_839539B8CBE14DE3B3992719D1F72EB0"> 
		  <li id="li_0454DF0037F7464BB82547EB570FCA6B">To attach the DRM-system
			 specific data that will be used by Browser TVSDK in the license acquisition
			 process for a protected stream, make the following call before invoking 
			 <codeph>mediaPlayer.replaceCurrentResource</codeph>: 
			 <codeblock outputclass="syntax javascript">var protectionData = {
    "com.adobe.primetime": {
       "serverURL": {
          "individualization-request": "http://individualization.adobe.com/flashaccess/i15n/v5",
          "license-request": "http://example.com:8096/flashaccess/req",
          "license-release": "http://example.com:8096/flashaccess/req"
       },
       "httpRequestHeaders": {
       }
    }
};
var drmManager = mediaPlayer.drmManager;
drmManager.setProtectionData(protectionData);</codeblock> 
		  </li> 
		  <li id="li_5DB075C37F3346D3819B6BE58E9E9508">If the same content is
			 expected to work with different DRM systems in different browsers, protection
			 data can be specified for multiple DRM systems. 
			 <codeblock outputclass="syntax javascript">var protectionData = {
    "com.adobe.primetime": {
        "serverURL": {
            "individualization-request": "http://individualization.adobe.com/flashaccess/i15n/v5",
            "license-request": "http://example.com:8096/flashaccess/req",
            "license-release": "http://example.com:8096/flashaccess/req"
        },
        "httpRequestHeaders": {
        }
    },
    "com.widevine.alpha": {
        "serverURL": "https://wv.service.expressplay.com/hms/wv/rights/?ExpressPlayToken=&lt;token value&gt;",
        "httpRequestHeaders": {
            "dt-custom-data": "eyJ1c2VySWQiOiIxMjM0NS"
        }
    },
    "com.microsoft.playready": {
        "serverURL": "http://pr.test.expressplay.com/playready/RightsManager.asmx?ExpressPlayToken=&lt;token value&gt;",
        "httpRequestHeaders": {
            "http-header-CustomData": "eyJ1c2VySWQiOiIxMjM0NS"
        }
    },
    "com.apple.fps.1_0": {
        "serverURL": "http://fp.service.expressplay.com:80/hms/fp/rights/?ExpressPlayToken=&lt;token value&gt;",
        "certificateURL": "Path_To_certificate.cer",
        "licenseResponseType": "arraybuffer",
        "httpRequestHeaders": {
            "Content-type": "application/octet-stream"
        }
    },
    "org.w3.clearkey": {
        "clearkeys": {
            "H3JbV93QV3mPNBKQON2UtQ": "ClKhDPHMtCouEx1vLGsJsA",
            "IAAAACAAIAAgACAAAAAAAg": "5t1CjnbMFURBou087OSj2w"
        }
    }
};

var drmManager = mediaPlayer.drmManager;
drmManager.setProtectionData(protectionData);</codeblock> 
		  </li> 
		  <li id="li_274C7A4D1ED74EFDA3EE4D13641CF855">When protection data is
			 not set, necessary information such as the license URL, is retrieved from the
			 PSSH box for DRM systems where applicable. 
			 <note type="tip">Specifying protection data overrides the license URL
				that is specified in the PSSH box. 
			 </note> 
		  </li> 
		  <li id="li_923E7564AE98476CA23B1652E6F9F5E2">By default, the session
			 type for the DRM license is temporary, which means that the license is not
			 stored after the session is closed. 
			 <p>You can specify a session type using an API in 
				<codeph>DRMManager</codeph>.
							<!--[Access is canceled. We need to check which session types are supported for others (if any). - kc] Currently, only Adobe Access supports the <codeph>persistent</codeph> and <codeph>temporary</codeph> session types.-->
				For backward compatibility, session types include 
				<codeph>temporary</codeph>, 
				<codeph>persistent-license</codeph>, 
				<codeph>persistent-usage-record</codeph>, and 
				<codeph>persistent</codeph>. 
			 </p> 
			 <codeblock outputclass="syntax javascript">var drmManager = mediaPlayer.drmManager;
	drmManager.setEMESessionType(“&lt;YOUR_SESSION_TYPE&gt;”);
</codeblock> 
		  </li>
					<!--[ I'm attempting to comment out anything related to Adobe Access, which includes, I believe, DRMMetadata - kc ] <li id="li_3186A355620241B0BA60648C10035C5E">The <ph conkeyref="phrases/browser-tvsdk-name"><?xm-replace_text Phrase?></ph> provides an API to initialize Adobe Access DRM on platforms where the Adobe Access DRM is available, before content resources are loaded. <p>This allows the <ph conkeyref="phrases/browser-tvsdk-name"><?xm-replace_text Phrase?></ph> to initialize and pre-compute any related components to minimize delay on future playback of content using the Adobe Access DRM. </p> <codeblock outputclass="syntax javascript">var listener = new AdobePSDK.DRMOperationCompleteListener(function() 
           {
                console.log("DRM: Initialization complete!");
	     }, function(major, minor, errorString) {
     		      console.log("DRM: Initialization Error: " + errorString);
});

var drmManager = mediaPlayer.drmManager;
if (drmManager) {
    drmManager.initialize(listener);
}    
</codeblock> </li>-->
<!--[ See comment above -kc ] <li id="li_0A9C999A10144A57A6A9AFFD0D8F2413">Add an event listener to the MediaPlayer instance to listen to the <codeph>DRMMetadataInfoAvailable</codeph> event. <codeblock outputclass="syntax javascript">var onDRMMetadataInfoAvailable = function(event)
	{
	};	
	mediaPlayer.addEventListener(AdobePSDK.AdobePSDK.PSDKEventType.DRM_METADATA_INFO_AVAILABLE, 
   onDRMMetadataInfoAvailable);
</codeblock> </li>-->
<!--[ See comment above -kc ] <li id="li_4D1C8D2FD41D4569B4EFDFDDB8A2C76E">To trigger the license request workflow when the <codeph>DRMMetadataInfoAvailable</codeph> event is fired, invoke <codeph>DRMManager.acquireLicense</codeph>. <codeblock outputclass="syntax javascript">var onAcquireLicenseFunc = function(drmLicense) {
		    console.log(“DRM License Aqcuire Success”);
},

	onAcquireLicenseErrorFunc = function() {
		    console.log(“DRM License Acquire Error”);
},

// Optional callback invoked when a ‘keymessage’ is received 
// from the User-Agent.
// Used to process the ‘message’ before making the license 
//request to the key server.

onLicenseMessageCallback = function(drmLicenseRequest) {
    var licenseMessage = drmLicenseRequest.licenseMessage;
    return licenseMessage;
 },

onDRMMetadataInfoAvailable = function(event)
	{
		  var drmMetadataInfo = event.getDRMMetadataInfo();
		  var drmManager = mediaPlayer.drmManager;
		  var acquireLicenseListener = new 

AdobePSDK.DRMAcquireLicenseListener(onAcquireLicenseFunc, onAcquireLicenseErrorFunc);
		           if (drmManager) {
			                 drmManager.acquireLicense(drmMetadataInfo, 
                       null, acquireLicenseListener, 
                       onLicenseMessageCallback);
		}

};
</codeblock> </li>-->
		  <li id="li_0B3D62019D324911B17882BCCA3CB5FE">When the 
			 <codeph>sessionType</codeph> used is 
			 <codeph>persistent-license</codeph> or 
			 <codeph>persistent</codeph>, the DRM license can be returned by
			 invoking 
			 <codeph>DRMManager.returnLicense</codeph>. 
			 <codeblock outputclass="syntax javascript">var onLicenseReturnFunc = function () {
    console.log("DRM: License Return Complete ");
},

onLicenseReturnErrorFunc = function (major, minor, errorString/*, errorServerUrl*/) {
   console.log("DRM: License Return Error: " + errorString);
},

drmManager = mediaPlayer.drmManager;

if (drmManager) {
    var returnLicenseListener = new 
        AdobePSDK.DRMReturnLicenseListener(onLicenseReturnFunc, onLicenseReturnErrorFunc);
    drmManager.returnLicense(null, null, null, false, returnLicenseListener, drmLicense.session);
}</codeblock> 
		  </li> 
		</ol> 
		</p> 
	 </section> 
  </refbody> 
</reference> 
