<?xml version="1.0"?>
<!DOCTYPE reference PUBLIC "-//OASIS//DTD DITA Reference//EN" "reference.dtd">
<reference id="reference_B05D23C8E4964BFBBE0E9B3C648099DA"> 
  <title>Helpful APIs for the Adobe Flash Player</title> 
  <shortdesc>There are some APIs that can help you use the Adobe Flash Player. 
  </shortdesc> 
  <refbody> 
	 <section id="section_8C339FA1386D4B1A926A1459B2619E5E"> 
		<title>AdobePSDK.MediaResource</title> 
		<p> 
		  <codeblock outputclass="syntax javascript">new MediaResource(url, type, metadata, forceFlash)</codeblock> 
		</p> 
		<p>If supported, you can use the 
		  <codeph>forceFlash</codeph> parameter to override the playback
		  technology determination sequence and force the implementation to use the Flash
		  Player. 
		</p> 
	 </section> 
	 <section id="section_FEE3205B532446498771F7DD55B5E79F"> 
		<p> 
		  <codeblock outputclass="syntax javascript">
AdobePSDK.PlayerTechnology = {
/**
* Determine the {AdobePSDK.PlayerTechnology} that would be used for the given
* media resource.
* @param {AdobePSDK.MediaResource} mediaResource
* @returns {AdobePSDK.PlayerTechnology.Type}
*/
getSupportedTechnology(mediaResource);
};

AdobePSDK.PlayerTechnology.Type = { 
MSE,
VIDEO_TAG, 
FLASH, 
UNKNOWN
};

/**
* Set the path to the SWF relative to the main html page or using http URL.
* Defaults to the current directory of the html page.
*
* @param swfPath
*/
AdobePSDK.setSWFPath(swfPath);

/**
* Set the path to the folder containing the authorization token(s).
* If not set, defaults to the token folder within the SWFPath: SWFPath + "token/".
* @param authorizationTokenPath
*/
AdobePSDK.setAuthorizationTokenPath(authorizationTokenPath);

/**
* Set the name of the authorization token file. Defaults to "hlsAF_localhost.dat".
* @param authorizationTokenFileName
*/
AdobePSDK.setAuthorizationTokenFilename(authorizationTokenFilename);

/**
* Set the authorization token type, can be "SWF" or "DAT". Defaults to "DAT"
* @param {String} authorizationTokenType
*/
AdobePSDK.setAuthorizationTokenType(authorizationTokenType);

</codeblock> 
		</p> 
	 </section> 
  </refbody> 
</reference> 
