<?xml version="1.0" encoding="UTF-8"?>
<!DOCTYPE reference PUBLIC "-//OASIS//DTD DITA Reference//EN" "technicalContent/dtd/reference.dtd">
<reference id="r_psdk_closed-caption-styling-options"
 xmlns:ditaarch="http://dita.oasis-open.org/architecture/2005/"> 
  <title>Closed caption styling options</title> 
  <shortdesc>You can specify several caption styling options, and these options
	 override the style options in the original captions. 
  </shortdesc> 
  <refbody> 
	 <refsyn id="refsyn_8834C325EE574694898381BF9E26A47F"> 
		<codeblock outputclass="syntax javascript">new TextFormat(
   font, 
   fontColor, 
   edgeColor, 
   fontEdge, 
   backgroundColor, 
   fillColor, 
   size, 
   fontOpacity, 
   backgroundOpacity, 
   fillOpacity,
   bottomInset,
   safeArea) </codeblock> 
		<note type="tip">In options that define default values (for example, 
		  <codeph>DEFAULT</codeph>), that value refers to what the setting was
		  when the caption was originally specified.
		</note> 
		<table frame="all" colsep="1" rowsep="1"
		 id="table_87205DEFEE384AF4AF83952B15E18A42"> 
		  <tgroup cols="2" colsep="1" rowsep="1" outputclass="FormatA"> 
			 <colspec colnum="1" colname="1" colwidth="25*"/> 
			 <colspec colnum="2" colname="2" colwidth="75*"/> 
			 <thead> 
				<row rowsep="1"> 
				  <entry colname="1">Format 
				  </entry> 
				  <entry colname="2">Description 
				  </entry> 
				</row> 
			 </thead> 
			 <tbody> 
				<row rowsep="1"> 
				  <entry colname="1">Font 
				  </entry> 
				  <entry colname="2"> 
					 <p>The font type. 
					 </p> 
					 <p>Can be set only to a value that is defined by the 
						<codeph>TextFormat.Font</codeph> enumeration and represents,
						for example, monospaced with or without serifs. 
					 </p> 
					 <note type="tip">The actual fonts that are available on a
						device might vary, and substitutions are used when necessary. Monospace with
						serifs is typically used as a substitute, although this substitution can be
						system specific. 
					 </note> 
				  </entry> 
				</row> 
				<row rowsep="1"> 
				  <entry colname="1">Size 
				  </entry> 
				  <entry colname="2"> 
					 <p>The caption's size. 
					 </p> 
					 <p> Can be set only to a value defined by the 
						<codeph>TextFormat.Size</codeph> enumeration: 
					 <ul compact="yes" id="ul_544BFC7A46474A74839477108F1AB1E9"> 
						<li id="li_A592ED46B8DF4D8FAD7AF3BD931A712B"> 
						  <codeph>MEDIUM</codeph> - The standard size 
						</li> 
						<li id="li_4F8CEDE54965430EB707DD3D5B2E3F87"> 
						  <codeph>LARGE</codeph> - Approximately 30% larger than
						  medium 
						</li> 
						<li id="li_D78D823883F54D869118BAB58257E377"> 
						  <codeph>SMALL</codeph> - Approximately 30% smaller than
						  medium 
						</li> 
						<li id="li_9299C13408584A38835F8D91BD048083"> 
						  <codeph>DEFAULT</codeph> - The default size for the
						  caption; the same as medium 
						</li> 
					 </ul>
					 </p> 
				  </entry> 
				</row> 
				<row rowsep="1"> 
				  <entry colname="1">Font color 
				  </entry> 
				  <entry colname="2"> 
					 <p>The font color. 
					 </p> 
					 <p>Can be set only to a value defined by the 
						<codeph>TextFormat.Color</codeph> enumeration. 
					 </p> 
				  </entry> 
				</row> 
				<row rowsep="1"> 
				  <entry colname="1">Background color 
				  </entry> 
				  <entry colname="2"> 
					 <p>The background character cell color. 
					 </p> 
					 <p>Can be set only to values that are available for the font
						color. 
					 </p> 
				  </entry> 
				</row> 
				<row rowsep="1"> 
				  <entry colname="1">Font opacity 
				  </entry> 
				  <entry colname="2"> 
					 <p>The opacity of the text. 
					 </p> 
					 <p>Expressed as a percentage from 0 (fully transparent) to 100
						(fully opaque). 
						<codeph>DEFAULT_OPACITY</codeph> for the font is 100. 
					 </p> 
				  </entry> 
				</row>
				<row rowsep="1">
				  <entry colname="1">Bottom inset
				  </entry>
				  <entry colname="2">
					 <p>Vertical distance from the bottom of the caption window for
						captions to avoid.
					 </p>
					 <p>Expressed as a percentage of the caption window height (for
						example, "20%") or a number of pixels (for example, "20").
					 </p>
				  </entry>
				</row>
				<row rowsep="1">
				  <entry colname="1">Safe area
				  </entry>
				  <entry colname="2">
					 <p>A region around the edge of the screen between 0% to 25%
						where captions will not appear.
					 </p>
					 <p>By default, the safe area for 608/708 is 12% and the safe
						area for WebVTT is 0%. This setting allows your application to override that
						default. If two values are provided, for example, the string "10%,20%", the
						first value is the horizontal safe area and the second value is the vertical
						safe area. If one value is provided, for example, the string "15%", both the
						vertical and horizontal axes use the specified safe area.
					 </p>
				  </entry>
				</row> 
			 </tbody> 
		  </tgroup> 
		</table> 
	 </refsyn> 
  </refbody> 
</reference> 
