<?xml version="1.0"?>
<!DOCTYPE reference PUBLIC "-//OASIS//DTD DITA Reference//EN" "reference.dtd">
<reference id="reference_E778551451AB495FA8857C65E385D89E"> 
  <title>Disabling 302 redirect optimization</title> 
  <shortdesc>You can use the 
	 <codeph>useRedirectedUrl</codeph> property to enable 302 redirect
	 (<codeph>true</codeph>) or disable (<codeph>false</codeph>). 
  </shortdesc> 
  <refbody> 
	 <refsyn id="refsyn_77A697D4FAA643D2894A83D8B1339746"> 
		<p>For example: 
		  <codeblock outputclass="syntax javascript">var networkConfiguration = new AdobePSDK.NetworkConfiguration();
networkConfiguration.useRedirectedUrl = false;

var config = new AdobePSDK.MediaPlayerItemConfig();
config.networkConfiguration = networkConfiguration;;

player.replaceCurrentResource(mediaResource, config);</codeblock> 
		</p> 
	 </refsyn> 
  </refbody> 
</reference> 
