<?xml version="1.0"?>
<!DOCTYPE reference PUBLIC "-//OASIS//DTD DITA Reference//EN" "reference.dtd">
<!-- Created with XMetaL (http://www.xmetal.com) -->
<reference id="reference_7B41134D553944CEB5BEC97DC50A747A"> 
  <title>Targeting information</title> 
  <shortdesc>In Adobe Primetime ad decisioning, you can target ads on key-value
	 pairs. 
  </shortdesc> 
  <refbody> 
	 <refsyn id="refsyn_FA067B81BD0F45B782715942EFFC2534">To pass these key
		value pairs to Browser TVSDK: 
		<codeblock scale="50" outputclass="syntax javascript">var auditudeSettings = new AdobePSDK.AuditudeSettings();
var targetingInfo = new AdobePSDK.Metadata();

// Add key value pairs to targetingInfo
targetingInfo.setValue(key1, value1);
targetingInfo.setValue(key2, value2);

auditudeSettings.targetingInfo = targetingInfo;</codeblock> 
	 </refsyn> 
  </refbody> 
</reference> 
