<?xml version="1.0" encoding="UTF-8"?>
<!DOCTYPE task PUBLIC "-//OASIS//DTD DITA Task//EN" "technicalContent/dtd/task.dtd">
<task id="id3-metadata-retrieve"
 xmlns:ditaarch="http://dita.oasis-open.org/architecture/2005/"> 
  <title>ID3 tags</title> 
  <shortdesc>ID3 tags provide information about an audio or video file, such as
	 the title of the file or the name of the artist. Browser TVSDK detects ID3 tags
	 at the transport stream (TS) segment level in HLS streams and dispatches an
	 event. The application can extract data from the tag. 
  </shortdesc> 
  <taskbody> 
	 <context id="context_6B1E9DC4E358468FB1E66FF393604C48"> 
		<p>When a new ID3 metadata is found in the underlying HLS stream, Browser
		  TVSDK triggers an 
		  <codeph>AdobePSDK.TimedMetadataEvent</codeph> event. 
		</p> 
		<p>The 
		  <codeph>TimedMetadata</codeph> object for ID3 has the following
		  properties: 
		<table id="table_6C61886187FB44B4B9821E4B00200018"> 
		  <tgroup cols="2"><colspec colnum="1" colname="col1"
			 colwidth="*"/><colspec colnum="2" colname="col2" colwidth="*"/><thead> 
				<row> 
				  <entry colname="col1">Property Name 
				  </entry> 
				  <entry colname="col2">Details 
				  </entry> 
				</row></thead> 
			 <tbody> 
				<row> 
				  <entry colname="col1"> 
					 <p><codeph>type</codeph> 
					 </p> 
				  </entry> 
				  <entry colname="col2"> 
					 <p>A type of 
						<codeph>TimedMetadata</codeph> object. 
					 </p> 
					 <p>For ID3 metadata, the value is 
						<codeph>AdobePSDK.TimedMetadataType.ID3</codeph>. 
					 </p> 
				  </entry> 
				</row> 
				<row> 
				  <entry colname="col1"> 
					 <p><codeph>time</codeph> 
					 </p> 
				  </entry> 
				  <entry colname="col2"> 
					 <p> The player time where this timed metadata was detected. 
					 </p> 
				  </entry> 
				</row> 
				<row> 
				  <entry colname="col1"> 
					 <p><codeph>id</codeph> 
					 </p> 
				  </entry> 
				  <entry colname="col2"> 
					 <p>ID of the 
						<codeph>TimedMetadata</codeph> object. 
					 </p> 
				  </entry> 
				</row> 
				<row> 
				  <entry colname="col1"> 
					 <p><codeph>name</codeph> 
					 </p> 
				  </entry> 
				  <entry colname="col2"> 
					 <p>Name of 
						<codeph>TimedMetadata</codeph> object. For ID3 metadata, the
						value is "ID3". 
					 </p> 
				  </entry> 
				</row> 
				<row> 
				  <entry colname="col1"> 
					 <p><codeph>content</codeph> 
					 </p> 
				  </entry> 
				  <entry colname="col2"> 
					 <p>The timed metadata content. For ID3 tags, this value
						represents the serialized byte array. 
					 </p> 
				  </entry> 
				</row> 
				<row> 
				  <entry colname="col1"> 
					 <p><codeph>metadata</codeph> 
					 </p> 
				  </entry> 
				  <entry colname="col2"> 
					 <p><codeph>TimedMetadata</codeph> processed information, which
						is an instance of 
						<codeph>AdobePSDK.Metadata</codeph> where the ID3 frames are
						stored.
					 </p> 
					 <p> 
						<note>For Safari 
						  <codeph>video</codeph> tag, ID3 tag's particular frame data
						  is exposed in the form of object through an 
						  <codeph>AdobePSDK.Metadata</codeph> object whereas for
						  other browsers, ID3 tag's frame data is exposed in the form of a byte array
						  through 
						  <codeph>AdobePSDK.Metadata</codeph> object. 
						</note> 
					 </p> 
				  </entry> 
				</row> 
			 </tbody> 
		  </tgroup> 
		</table> 
		</p> 
		<p> ​ 
		</p> 
		<p>The various ID3 tags that are stored in 
		  <codeph>TimedMetadata</codeph> can be retrieved by the application in
		  the following two ways: 
		<ul id="ul_F01BF2832C6E4E6987B5E9269D933048"> 
		  <li id="li_EC91987CB8544316A983064ECA602C91"> 
			 <p>In AdobePSDK.PSDKEventType.TIMED_METADATA_AVAILABLE event
				listener. 
			 </p> 
			 <codeblock>var isSafari = function () {
    var nAgt = navigator.userAgent;
    var appName = navigator.appName;
    if ((nAgt.indexOf('MSIE') === -1) &amp;&amp; //is not MS IE
        (appName !== 'Netscape' || nAgt.indexOf('Trident/') === -1) &amp;&amp; //is not MS IE11
        (appName !== 'Netscape' || nAgt.indexOf('Edge') === -1) &amp;&amp; // is not edge
        (nAgt.indexOf('Chrome') === -1) &amp;&amp; // is not chrome
        (nAgt.indexOf('Safari') !== -1) //is Safari
    ){
        return true;
    }
    return false;
};
var hex2a = function (hex, offset, max) {
    var str = '';
    if (!hex)
        return str;
    for (var i = offset; i &lt; hex.length &amp;&amp; i &lt; offset + max; i++)
        str += String.fromCharCode(hex[i]);
    return str;
};
var mediaPlayer = new AdobePSDK.MediaPlayer();
mediaPlayer.addEventListener( AdobePSDK.PSDKEventType.TIMED_METADATA_AVAILABLE ,function(event){
    var td = event.timedMetadata;
    if(td.type == AdobePSDK.TimedMetadataType.ID3){
        var md = td.metadata;
        var keySet = md.keySet;
        var onSafari = isSafari();
        if(keySet &amp;&amp; keySet.length){
            var msg = '';
            for(var j = 0; j &lt; keySet.length; j++){
                var idTag = keySet[j];
                msg += idTag;
                if(idTag.indexOf("T") == 0){
                    /* text frame*/
                    if(onSafari){
                        /* text frame data is exposed in object format
                         * where corresponding text data is exposed through
                         * data key of text frame data object
                         * */
                        var frameDataObject = md.getObject(idTag);
                        msg += " : " + frameDataObject.data;
                    } else {
                        var buff = md.getByteArray(idTag);
                        msg += " : " + hex2a(buff, 0, buff.length - 1);
                    }
                }
                msg += " ; ";
            }
        }
    }
}); </codeblock> 
		  </li> 
		  <li id="li_A3B0D008ADB8419EB19010A11429CFA1">Using the 
			 <codeph>MediaPlayerItem</codeph>'s 
			 <codeph>timedMetadata</codeph> property. 
			 <codeblock>var isSafari = function () {
    var nAgt = navigator.userAgent;
    var appName = navigator.appName;
    if ((nAgt.indexOf('MSIE') === -1) &amp;&amp; //is not MS IE
        (appName !== 'Netscape' || nAgt.indexOf('Trident/') === -1) &amp;&amp; //is not MS IE11
        (appName !== 'Netscape' || nAgt.indexOf('Edge') === -1) &amp;&amp; // is not edge
        (nAgt.indexOf('Chrome') === -1) &amp;&amp; // is not chrome
        (nAgt.indexOf('Safari') !== -1) //is Safari
    ){
        return true;
    }
    return false;
};
var hex2a = function (hex, offset, max) {
    var str = '';
    if (!hex)
        return str;
    for (var i = offset; i &lt; hex.length &amp;&amp; i &lt; offset + max; i++)
        str += String.fromCharCode(hex[i]);
    return str;
};
var timedMetadataList = player.currentItem.timedMetadata;
for(var i = 0; i &lt; timedMetadataList.length; i++){
    var td = timedMetadataList[i];
    if(td.type == AdobePSDK.TimedMetadataType.ID3){
        var md = td.metadata;
        var keySet = md.keySet;
        var onSafari = isSafari();
        if(keySet &amp;&amp; keySet.length){
            var msg = '';
            for(var j = 0; j &lt; keySet.length; j++){
                var idTag = keySet[j];
                msg += idTag;
                if(idTag.indexOf("T") == 0){
                    /* text frame*/
                    if(onSafari){
                        /* text frame data is exposed in object format
                         * where corresponding text data is exposed through
                         * data key of text frame data object
                         * */
                        var frameDataObject = md.getObject(idTag);
                        msg += " : " + frameDataObject.data;
                    } else {
                        var buff = md.getByteArray(idTag);
                        msg += " : " + hex2a(buff, 0, buff.length - 1);
                    }
                }
                msg += " ; ";
            }
        }
    }
} </codeblock> 
		  </li> 
		</ul> 
		</p> 
	 </context> 
  </taskbody> 
</task> 
