<?xml version="1.0"?>
<!DOCTYPE task PUBLIC "-//OASIS//DTD DITA Task//EN" "task.dtd">
<!-- Created with XMetaL (http://www.xmetal.com) -->
<task id="task_5589149A12F148A6AF4640C54DCCCB6C"> 
  <title>Customize ad insertion metadata</title> 
  <shortdesc>You can customize ad insertion metadata. 
  </shortdesc> 
  <taskbody> 
	 <steps id="steps_02CEDBCEA08A42949EE17D1C6C363BF6"> 
		<step id="step_BA0E2E7A6B3242E18327C54A0541418E"> 
		  <cmd>Set a timeout on advertising metadata for unresolved
			 opportunities. 
		  </cmd> 
		  <info>The default value for this timeout is 20 seconds. 
		  </info> 
		</step> 
		<step id="step_2F34F301D49A46009D77202873CB9470"> 
		  <cmd>To change the value to 10 seconds, enter the following: 
		  </cmd> 
		  <info> 
			 <p> 
				<codeblock outputclass="syntax javascript">auditudeSettings.timeout = 10000; //this value is specified in milliseconds</codeblock> 
			 </p> 
			 <p>The 
				<codeph>timeout</codeph> property is defined in the 
				<codeph>AdvertisingMetadata</codeph> class, and this timeout can be
				set for any custom ad settings that derives from the 
				<codeph>AdvertisingMetadata</codeph> class. For example, if users
				define custom settings for a FreeWheel resolver, they can set a default timeout
				by using this setting. 
			 </p> 
		  </info> 
		</step> 
		<step id="step_26B90E35142248FE8E45DB0A05DC72EC"> 
		  <cmd>Create 
			 <codeph>MediaPlayerItemConfig</codeph> with the ad settings in step
			 2. 
		  </cmd> 
		  <info> 
			 <codeblock outputclass="syntax javascript">var config = new AdobePSDK.MediaPlayerItemConfig();
config.advertisingMetadata = auditudeSettings;</codeblock> 
		  </info> 
		</step> 
		<step id="step_D32AA24F341B477B8ED9A7703ED9C6BC"> 
		  <cmd>Use this configuration when calling 
			 <codeph>replaceCurrentResource</codeph> on 
			 <codeph>MediaPlayer</codeph>. 
		  </cmd> 
		  <info> 
			 <codeblock outputclass="syntax javascript">player.replaceCurrentResource(mediaResource, config);</codeblock> 
		  </info> 
		</step> 
	 </steps> 
  </taskbody> 
</task> 
