<?xml version="1.0" encoding="UTF-8"?>
<!DOCTYPE task PUBLIC "-//OASIS//DTD DITA Task//EN" "task.dtd">
<task id="t_psdk_html5-1.2-drm-enable-fairplay-safari"> 
  <title>Enable FairPlay for Safari HLS</title> 
  <shortdesc>You can enable FairPlay for Safari when working with <i>Primetime DRM Cloud, powered by
			ExpressPlay</i>. </shortdesc> 
  <taskbody> 
	 <prereq id="prereq_28F594ED556346398D78DE0B13E3FBA8"> 
		<p>Ensure you have the following: 
		<ul id="ul_oqs_qxr_rw"> 
		  <li id="li_5E6B3713F3C5472FA2F70212929C44BB">A functioning sample app
			 that can play HLS video. 
			 <p>The sample app must be able to play FairPlay-protected content
				with the licensing handled through Primetime DRM powered by ExpressPlay. 
			 </p> 
		  </li> 
		  <li id="li_64055150F00A48C1826A8BF58E758558">Sample HLS content (an
			 M3U8 manifest) packaged with FairPlay protection. 
		  </li> 
		</ul> 
		</p> 
	 	<p>To make full use of the information here, learn about Multi-DRM Workflows starting with the sub-section <xref href="http://help.adobe.com/en_US/primetime/drm/multi-drm-workflows/#Reference_Server_Sample_ExpressPlay_Entitlement_Server_SEES" format="html" scope="external">Reference Server: Sample ExpressPlay Entitlement Server (SEES)</xref> in the Multi-DRM Workflows guide. First read that documentation on how to set up your entitlement and key server, and the information below will be much more useful.</p>
	 </prereq> 
	 <context id="context_B9B30524C2504F51914D1BF948F7462B"> 
		<p>You need the following items: 
		<ul id="ul_whp_rzr_rw"> 
		  <li id="li_F7C05C2C6C0D48DFB37A6049E7CF163E">Your 
			 <i>production</i> Customer Authenticator from ExpressPlay 
		  </li> 
		  <li id="li_3CB481E1AFD24608B6B05D99D5AE56AB">The same Content Key and 
			 <codeph>iv</codeph> with which your content was packaged. 
		  </li> 
		  <li id="li_B0C701AB3AA04FDBB64F873AD67E579E">The location of your
			 FairPlay public key certificate. 
		  </li> 
		</ul> 
		</p>
		<p>To modify your FairPlay / Safari app:</p> 
	 </context> 
	 <steps id="steps_jrm_csx_rw"> 
		<step id="step_B59D4A1007AC438DBC6DE76B9D8C7CAF"> 
		  <cmd>Set the location of your FairPlay public key cert that was used in
			 the FairPlay license server request. 
		  </cmd> 
		  <info>For example: 
			 <codeblock outputclass="syntax javascript">var myServerCertificatePath = './my_fairplay.cer';</codeblock> 
		  </info> 
		</step> 
		<step id="step_70A0E1BFE1E141F1812EB7EA5C8D28AC"> 
		  <cmd>Perform a manual FairPlay license 
			 <i>token</i> request to ExpressPlay to obtain a license token URL. 
		  </cmd> 
		  <info> 
			 <p>You can complete this step in one of the following ways: 
			 <ul id="ul_kth_qds_rw"> 
				<li id="li_0936A711043D4DF7BEB9926B59DDA386">Use your own
				  ExpressPlay Production Customer Authenticator. 
				</li> 
				<li id="li_07901243FB474AD18CD93EDF34A8A1E8">Use the same Content
				  Key and 
				  <codeph>iv</codeph> in this request that was used to package the
				  content you want to play. 
				</li> 
			 </ul> 
			 </p> 
			 <p>Run the following command from the shell and substitute your ExpressPlay customer
						authenticator to obtain the license token URL for the sample content: </p> 
			 <codeblock>curl -v "https://fp-gen.service.expressplay.com/hms/fp/token?
			 	customerAuthenticator=&lt;ExpressPlay customer authenticator identifier&gt;&amp;
			 	errorFormat=json&amp;
			 	contentKey=&lt;your content key&gt;&amp;
			 	iv=&lt;your iv here&gt;"</codeblock> 
			 <p>The response with the license token URL will look something like
				this: 
			 </p> 
			 <codeblock>http://fp.service.expressplay.com:80/hms/fp/rights/?
			 	ExpressPlayToken=&lt;base64-encoded ExpressPlay token&gt;</codeblock> 
		  </info> 
		</step> 
		<step id="step_A3F0E046B3FB458EA77C61470A1EC442"> 
		  <cmd>Set a variable with the license token URL from ExpressPlay. 
		  </cmd> 
		  <info>For example: 
			 <codeblock outputclass="syntax javascript">var myServerProcessSPCPath = 'http://fp.service.expressplay.com:80/hms/fp/rights/?
			 	ExpressPlayToken=&lt;base64-encoded ExpressPlay token&gt;';</codeblock> 
		  </info> 
		</step> 
		<step id="step_2F19A1802A40491C875EA2939D2250D4"> 
		  <cmd>Before your app can play protected content, change the URL scheme
			 for the content from 
			 <codeph>skd://</codeph> to 
			 <codeph>http://</codeph>. 
		  </cmd> 
		  <info>You need to add this URL scheme change in your app, before the
			 call to the license server that allows playback. 
			 <p>The protocols need to be changed because the Content ID, which
				provides access to the Content Key in the Key Management System, is packaged in
				the M3U8 manifest with the 
				<codeph>skd://</codeph> protocol. When the player is ready to get
				the license to play the protected content, it needs to first switch protocols
				to communicate with the ExpressPlay license server. In the example below, the 
				<codeph>myServerProcessSPCPath</codeph> is modified to contain the
				correct URL scheme for the license server request: 
			 </p> 
			 <codeblock outputclass="syntax javascript">extractContentId(initData) { 
    contentId = arrayToString(initData); // contentId is passed up as a URI, 
                                         // from which the host must be extracted: 
    var link = document.createElement('a'); 
    link.href = contentId; 
    var index = contentId.indexOf(':'); 
    myServerProcessSPCPath = "http:" + contentId.substring(index+1); 
    console.log("severProcessSPCPAth = " + serverProcessSPCPath); return link.hostname; 
}</codeblock> 
		  </info> 
		</step> 
	 </steps> 
  </taskbody> 
</task> 
