<?xml version="1.0" encoding="UTF-8"?>
<!DOCTYPE task PUBLIC "-//OASIS//DTD DITA Task//EN" "technicalContent/dtd/task.dtd">
<task id="t_psdk_android_construct-ctrl-bar-for-dvr"
 xmlns:ditaarch="http://dita.oasis-open.org/architecture/2005/"> 
  <title>Construct a control bar enhanced for DVR</title> 
  <shortdesc>You can implement a control bar with DVR support for VOD and live streaming. DVR
		support includes the concept of a seekable window and the client live point. </shortdesc> 
  <taskbody> 
	 <context id="context_FB667613B051450983313FE06E7E84E4"> 
		<ul id="ul_DEF1BF52E5454DF7B82D9691CCC0D5AD"> 
		  <li id="li_2E0782C06B5A4530BCE5DF0A15A68C79">For VOD, the length of the
			 seekable window is the duration of the entire asset. 
		  </li> 
		  <li id="li_10F83080ADA4494B811B3BFEC05E5087">For live streaming, the length of the DVR
					(seekable) window is defined as the time range starting at the live playback
					window and ending at the client live point. <p>The client live point is
						calculated by subtracting the buffered length from the live window end. The
						target duration is a value bigger than or equal to the maximum duration of a
						fragment in the manifest.  </p><p>The control bar for live playback supports
						DVR by first positioning the thumb at the client live point when starting
						playback and by displaying a region that marks the area where seek is not
						allowed.</p>
				</li> 
		</ul>
			<p>For a control bar:</p> 
	 </context> 
	 <steps id="steps_DE587E60CD204CC89AF73D31014D14D8"> 
		<step id="step_FFF0BBBB7CEB41A3B7F0D2585DA206C2">
				<cmd>Add an overlay to the control bar that represents the playback range.</cmd>
				<info> </info>
			</step>
			<step>
				<cmd>When the user starts to seek, check whether the desired seek position is within
					the seekable range.</cmd>
			</step> 
	 </steps> 
  </taskbody> 
</task> 
