<?xml version="1.0"?>
<!DOCTYPE task PUBLIC "-//OASIS//DTD DITA Task//EN" "task.dtd">
<task id="task_0B90A1D265604B2E8A9E440151AAE4A1"> 
  <title>Add Advertising</title> 
  <shortdesc> 
  </shortdesc> 
  <taskbody> 
	 <steps id="steps_E04A75E00EB742C4A3E5B21D937C3652"> 
		<step id="step_91F69DF90E974FF888A444205103E5A3"> 
		  <cmd>Define the advertising metadata. 
		  </cmd> 
		  <info> 
			 <codeblock outputclass="syntax javascript">var auditudeSettings = new AdobePSDK.AuditudeSettings();
  auditudeSettings.domain = "auditude.com";
  auditudeSettings.mediaId = "adbe_tearsofsteel2";
  auditudeSettings.zoneId = "123869";</codeblock> 
		  </info> 
		</step> 
		<step id="step_E040B6F5DB6C4B149695A574A3C8EC8D"> 
		  <cmd>Add the advertising metadata to the 
			 <codeph>MediaResource</codeph>. 
		  </cmd> 
		  <info> 
			 <codeblock outputclass="syntax javascript">var mediaResource = 
  new AdobePSDK.MediaResource(resourceUrl, resourceType, auditudeSettings, false);</codeblock> 
		  </info> 
		</step> 
		<step id="step_EA2A3FB84C674666958D0F26458F817B"> 
		  <cmd>Add the settings to the config and add a 
			 <codeph>SpliceOut</codeph> parser factory. 
		  </cmd> 
		  <info> 
			 <codeblock outputclass="syntax javascript">var config = new AdobePSDK.MediaPlayerItemConfig();
config.advertisingMetadata = auditudeSettings;
config.advertisingFactory = new ExtCueOutContentFactory(auditudeSettings);</codeblock> 
		  </info> 
		</step> 
		<step id="step_893D1398D5104ED5AD456C3F5A86BAD9"> 
		  <cmd>Add the 
			 <codeph>ExtCueOutContentFactory</codeph> to the library section. 
		  </cmd> 
		</step> 
		<step id="step_40C223A044044EE9824FCAE8EBEAAD41"> 
		  <cmd>Download the 
			 <codeph>ExtCueOutContentFactory.js</codeph> from the library section
			 and place it in the working folder. 
		  </cmd> 
		  <info> 
			 <codeblock outputclass="syntax javascript">&lt;script src= "frameworks/player/dash.min.js"&gt;&lt;/script&gt;
&lt;script src= "frameworks/player/primetimemain.min.js"&gt;&lt;/script&gt;
&lt;script src= "frameworks/player/swfobject.js"&gt;&lt;/script&gt;
&lt;script src= "frameworks/player/primetimeei.min.js"&gt;&lt;/script&gt;
&lt;script src= "ExtCueOutContentFactory.js"&gt;&lt;/script&gt;</codeblock> 
		  </info> 
		</step> 
		<step id="step_3108E0816CFF4E19968BE2F0C2531CD2"> 
		  <cmd>Test your configuration. 
		  </cmd> 
		</step> 
	 </steps> 
  </taskbody> 
</task> 
