<?xml version="1.0" encoding="UTF-8"?>
<!DOCTYPE task PUBLIC "-//OASIS//DTD DITA Task//EN" "technicalContent/dtd/task.dtd">
<task id="volume-control"
 xmlns:ditaarch="http://dita.oasis-open.org/architecture/2005/"> 
  <title>Provide volume control</title> 
  <shortdesc>You can set up a user interface control for sound volume. 
  </shortdesc> 
  <taskbody> 
	 <steps id="steps_ECBCA405518940A28F5E6FDA0B571F36"> 
		<step id="step_DD41429D0C6A433DB5D63FE6837AE4CB">
				<cmd>Wait for the <codeph>MediaPlayer</codeph> instance to be in a valid state for
					this command. </cmd>
				<info>Any state except for RELEASED or ERROR is valid. </info>
			</step> 
		<step id="step_AF459A0F06BB45ED9B677A4146A43137">
				<cmd>Set the volume attribute on the <codeph>MediaPlayer</codeph> instance to set
					the audio volume. </cmd>
				<info>
					<codeblock outputclass="syntax javascript">player.volume = ...</codeblock>
					<p>The value for the volume represents the requested volume expressed as a
						proportion of the maximum volume, where 0 is silent and is the maximum
						volume.</p>
				</info>
			</step> 
	 </steps> 
  </taskbody> 
</task> 
