<?xml version="1.0" encoding="UTF-8"?>
<!DOCTYPE task PUBLIC "-//OASIS//DTD DITA Task//EN" "task.dtd">
<task id="t_psdk_va_custom-metadata"> 
  <title>Implement custom metadata support</title> 
  <shortdesc>You can provide custom metadata on content, ads, and chapter
	 tracking calls by using callback functions. 
  </shortdesc> 
  <taskbody> 
	 <context id="context_259A3CD6F8E6424AAD20AEADF811DB61"> 
		<p>Callback functions are invoked just before the tracking call is made,
		  so your application can attach the metadata that is specific to an ad or
		  chapter. 
		</p> 
	 </context> 
	 <steps id="steps_3E03C1C37E8F41309EE3B7E3842867D6"> 
		<step id="step_BEB7B0D28141464CB4BDD4D374AB9193"> 
		  <cmd>Invoke callback functions for content, ads, and chapters. 
		  </cmd> 
		  <info> 
			 <codeblock  outputclass="syntax javascript">vaObj.videoMetadataBlock = function() {
    return {
        "name" : "my-video",
        "genre" : "comedy"
    };
}
 
vaObj.adMetadataBlock = function(ad) {
    return {
        "name" : "my-ad",
        "category" : "automotive"
    };
}
 
vaObj.chapterMetadataBlock = function(chapter) {
    return {
        "name" : "my-chapter",
        "type" : "quartile"
    };
}</codeblock> 
		  </info> 
		</step> 
	 </steps> 
  </taskbody> 
</task> 
