<?xml version="1.0" encoding="UTF-8"?>
<!DOCTYPE task PUBLIC "-//OASIS//DTD DITA Task//EN" "technicalContent/dtd/task.dtd">
<task id="t_psdk_android_inspect-playback-timeline"
 xmlns:ditaarch="http://dita.oasis-open.org/architecture/2005/"> 
  <title>Inspect the playback timeline</title> 
  <shortdesc>You can obtain a description of the timeline that is associated
	 with the currently selected item that is being played by Browser TVSDK. This
	 description is useful when your application displays a custom scrub-bar control
	 in which the content sections that correspond to ad content are identified. 
  </shortdesc> 
  <taskbody> 
	 <context id="context_369F7FCE194A48D289A1C654C24ACBB2"> 
		<p>Here is a sample implementation: 
		  <fig frame="all" id="fig_9CB8AF44F122405C9B78006ADC10F5B1"> 
			 <image href="images/timeline.png" height="324pt" width="676pt"
			  align="left" placement="break" id="image_85BA8EE5A2D44D6DB48BC4B18832C028"/> 
		  </fig> 
		</p> 
	 </context> 
  </taskbody> 
</task> 
