<?xml version="1.0" encoding="UTF-8"?>
<!DOCTYPE task PUBLIC "-//OASIS//DTD DITA Task//EN" "technicalContent/dtd/task.dtd"[
  <!-- Begin Document Specific Declarations -->
  <!-- End Document Specific Declarations -->
]>
<task id="t_psdk_android_allow-user-to-change-track"
 xmlns:ditaarch="http://dita.oasis-open.org/architecture/2005/"> 
  <title>Allow the user to change the track</title> 
  <shortdesc>Here is an example of how a user can select a closed-caption
	 track. 
  </shortdesc> 
  <taskbody> 
	 <steps id="steps_936B4163E38D4BFFBC694CFA5BB4462D"> 
		<step id="step_FE48E07C5B3644068D4B837A9E488E42"> 
		  <cmd>To display the available closed caption tracks, use the 
			 <codeph>MediaPlayerItem.closedCaptionsTracks</codeph> property. 
		  </cmd> 
		  <info> 
			 <codeblock outputclass="syntax javascript">var tracks = item.closedCaptionsTracks;</codeblock> 
		  </info> 
		</step> 
		<step id="step_10A5CDB29EC04CB28351E1565CD78DE2"> 
		  <cmd>To set which closed-caption track is current, use the 
			 <codeph>MediaPlayerItem.selectClosedCaptionsTrack</codeph> method. 
		  </cmd> 
		</step> 
		<step id="step_D19BFE5DCB38487196595917DE3BAF30">
				<cmd>After the media player item is prepared, retrieve it from the media player by
					using the <codeph>MediaPlayer.<ph>currentItem</ph></codeph> method. </cmd>
				<stepxmp>
					<codeblock outputclass="syntax javascript">// Select the cc track with index k.
var item = mediaPlayer.currentItem;    
var tracks = item.closedCaptionsTracks;

if (k &gt;= 0 &amp;&amp; k &lt; tracks.length) {
    item.selectClosedCaptionsTrack(tracks[k]);
}</codeblock>
				</stepxmp>
			</step> 
	 </steps> 
  </taskbody> 
</task> 
