<?xml version="1.0"?>
<!DOCTYPE task PUBLIC "-//OASIS//DTD DITA Task//EN" "task.dtd">
<task id="task_content_resolver_implement_android"> 
  <title>Implement a custom content resolver</title> 
  <shortdesc>You can implement your own content resolvers based on the default
	 resolvers. 
  </shortdesc> 
  <taskbody> 
	 <context id="context_D053D901791940C1A7651C73EA24490B"> 
		<p> When Browser TVSDK detects a new opportunity, it iterates through the
		  registered content resolvers looking for one that is capable of resolving that
		  opportunity by using the 
		  <codeph>canResolve</codeph> method. The first one that returns true is
		  selected for resolving the opportunity. If no content resolver is capable, then
		  that opportunity is skipped. Because the content resolving process is usually
		  asynchronous, the content resolver is responsible for notifying Browser TVSDK
		  when the process has completed. 
		</p> 
		<p>Remember the following information: 
		<ul id="ul_74FBE4302A594CD3B7658E5881D57A26"> 
		  <li id="li_572D3816199E49F08F562723FE8095A6">The content resolver calls
			 
			 <codeph>client.process</codeph> to specify which timeline operation
			 that TVSDK needs to execute. 
			 <p>The operation is usually an ad break placement. 
			 </p> 
		  </li> 
		  <li id="li_A9F3B1E6BC324CBFB954364C5B85FDBE">The content resolver calls
			 
			 <codeph>client.notifyCompleted</codeph> if the resolving process is
			 succcessful or 
			 <codeph>client.notifyFailed</codeph> if the process fails. 
		  </li> 
		</ul> 
		</p> 
	 </context> 
	 <steps id="steps_98078B66B4D64880815B022D18414CAF"> 
		<step id="step_B1E2D80EE0EE4097B04CBE5EE90977B5"> 
		  <cmd>Create a custom opportunity resolver. 
		  </cmd> 
		  <info> 
			 <codeblock outputclass="syntax javascript">/**
  * Class implementing AdobePSDK.ContentResolver interface 
*/
CustomResolver = function () {
};

CustomResolver.prototype = {
    constructor: CustomResolver,
    configureCallbackFunc: function (item, client) {
    // here you can read any media stream characteristics which
    // might help configure your content resolver like
    // - the media player item configuration through the item.config
    // - the media resource metadata through item.resource.metadata
   },

    canResolveCallbackFunc: function (opportunity) {
    // check if the opportunity can be resolved by this resolver
    // if yes return true, otherwise return false
    return true;
   },
    	
    resolveCallbackFunc: function (opportunity) {        
    // start the resolving process
    // communicate with your custom ad server
 	
    // in this example we assume that:
    // - if successful, onResolveCompleted method will be invoked
    // - if failed, onResolveFailed method will be invoked
   },
 
    onResolveCompleted: function (response) {
     try {
        var proposals = [];
        // extract the timeline ad placement from the response
        // and add them to the proposal vector
        // - extract the ad break
        // - calculate the placement (can reuse the _opportunity.placement)
        // var timelineOperation = new AdobePSDK.AdBreakPlacement (adBreak, placement);
        // proposals.push (timelineOperation);
             
        client.process (proposals);
        client.notifyCompleted (_opportunity);
    } catch (error) {
        onResolveFailed (error);
    }
},
 
    onResolveFailed: function (error) {
      client.notifyFailed (_opportunity);
    }

};
</codeblock> 
		  </info> 
		</step> 
		<step id="step_0A66BA12F84C4141BF80D7FAEAE8EA3B"> 
		  <cmd>Create the custom content factory, which uses the custom content
			 resolver. 
		  </cmd> 
		  <info>For example: 
			 <codeblock outputclass="syntax javascript">/**
  * Class implementing AdobePSDK.ContentFactory interface
*/
CustomContentFactory = function () {
};

CustomContentFactory.prototype = {
    constructor: CustomContentFactory,
    retrieveResolversCallbackFunc: function (item) {
        var result = [];
        var resource = item.resource;
        if (resource.metadata.containsKey("custom-opportunity-detector")) {
            result.push (new CustomResolver());
        }
        return result;
    },
    …
};
</codeblock> 
		  </info> 
		</step> 
		<step id="step_4CBA7693CC144B48AAF4AE0FFB1BB9E2"> 
		  <cmd>Register the custom content factory for the media stream to be
			 played. 
		  </cmd> 
		  <info> 
			 <p>In the UI Framework player, you can specify custom content factory
				as follows: 
				<codeblock outputclass="syntax javascript">var advertisingFactory = new CustomContentFactory();
var advertisingMetadata = new AdobePSDK.AdvertisingMetadata();
// set any parameter you need for custom ad resolver
// advertisingMetadata.setValue ("customparam", "customvalue");

var metadata = new AdobePSDK.Metadata();
metadata.setMetadata ("custom-opportunity-detector", advertisingMetadata);

var playerWrapper = ptp.videoPlayer('.videoDiv', {
 player: {
	   mediaPlayerItemConfig: {
           advertisingFactory: advertisingFactory
	   },
   	   mediaResource: {
               resourceUrl:'Specify Resource Url',
               metadata: metadata
      	}
}

});
</codeblock> 
			 </p> 
		  </info> 
		</step> 
	 </steps> 
  </taskbody> 
</task> 
