<?xml version="1.0" encoding="UTF-8"?>
<!DOCTYPE task PUBLIC "-//OASIS//DTD DITA Task//EN" "task.dtd">
<task id="t_psdk_va_chapter-support"> 
  <title>Implement chapter support</title> 
  <shortdesc/> 
  <taskbody> 
	 <context id="context_ED6506B5BE3D413C9CEA6BC89DC477EE"> 
		<p>A chapter is defined as the time between each ad break. For example,
		  the time between a pre-roll ad break and the first mid-roll is defined as the
		  first chapter. You can define and track chapters for video tracking in a
		  Browser TVSDK-based application using custom chapters. Custom chapters are
		  managed by the application and are based on CMS data or another way that the
		  application uses to define chapters. 
		</p> 
	 </context> 
	 <steps id="steps_205AE03EDE6646378DD8647732504111"> 
		<step id="step_BD7419B3A2BC4D8F8EBB7B19B4F86F6C"> 
		  <cmd>Define and track custom chapters. 
		  </cmd> 
		  <info> 
			 <codeblock outputclass="syntax javascript">vaObj.enableChapterTracking = true;
 
// For custom chapter definitions, provide an array of chapters through the metadata:
// For example: 3 chapters of 60 second duration each
var chapters = [];
var chapterDuration = 60;
for (var i = 0; i &lt; 3; i++) {
    var chapterData = new AdobePSDK.VA.VideoAnalyticsChapterData("chapter_" + (i+1), i * chapterDuration, chapterDuration, (i+1));
    chapters.push(chapterData);
}
 
vaObj.chapters = chapters;</codeblock> 
		  </info> 
		</step> 
	 </steps> 
  </taskbody> 
</task> 
