<?xml version="1.0" encoding="UTF-8"?>
<!DOCTYPE task PUBLIC "-//OASIS//DTD DITA Task//EN" "task.dtd">
<task id="t_psdk_html5-1.2-drm-enable-fairplay-safari"> 
  <title>Supported DRM systems</title> 
  <shortdesc>Browser TVSDK supports multiple digital rights management (DRM)
	 systems using the W3C specification for encrypted media extensions (EME). DRM
	 features are made available to the application through a unified API and
	 workflow. 
  </shortdesc> 
  <taskbody>
	 <context id="context_DD37309767954E1AADAA4AA33DCD5481">
		<p>For more information about the list of supported DRM systems, see the 
		  <i>Content protection features</i> table in 
		  <xref
			href="http://help.stage.adobe.com/en_US/primetime/release_notes/browser_tvsdk/index.html#release_notes-concept-Supported_features"
			format="http" scope="external">Supported features</xref>. 
		</p> 
		<p>To make full use of the information here, learn about Multi-DRM
		  Workflows in the 
		  <xref
			href="http://help.adobe.com/en_US/primetime/drm/multi-drm-workflows/#MultiDRM_Workflows_"
			format="html" scope="external">Multi-DRM Workflows</xref> guide. 
		</p>
	 </context>
  </taskbody>
</task> 
