<?xml version="1.0" encoding="UTF-8"?>
<!DOCTYPE task PUBLIC "-//OASIS//DTD DITA Task//EN" "technicalContent/dtd/task.dtd">
<task id="t_psdk_control-closed-caption-visibility"
 xmlns:ditaarch="http://dita.oasis-open.org/architecture/2005/"> 
  <title>Control closed-caption visibility</title> 
  <shortdesc>You can control the visibility of closed captions. When visibility
	 is on, the currently selected track is displayed. 
  </shortdesc> 
  <taskbody> 
	 <context id="context_D694217DA9A14E6E936366B99D312FDC"> 
		<note type="tip">If you change which track is current, the visibility
		  setting remains the same. 
		</note> If closed caption text is displayed when the player enters the
		seek mode, the text is no longer displayed after the seek completes. Instead,
		after a few seconds, Browser TVSDK displays the next closed caption text in the
		video after the ending seek position. 
		<note type="tip">The visibility values for closed captions are controlled
		  with 
		  <codeph>MediaPlayer.VISIBLE</codeph> and 
		  <codeph>MediaPlayer.INVISIBLE</codeph>. 
		</note> 
	 </context> 
	 <steps id="steps_3F515D4B2D8C482980BEC3D68483F968"> 
		<step id="step_C611CD597C73495CB43653E7DFFDADA5"> 
		  <cmd>Use the 
			 <codeph>MediaPlayer.ccVisibility</codeph> property to access the
			 current visibility setting for the closed captions. 
		  </cmd> 
		  <stepxmp> 
		  </stepxmp> 
		</step> 
	 </steps> 
  </taskbody> 
</task> 
