<?xml version="1.0" encoding="UTF-8"?>
<!DOCTYPE task PUBLIC "-//OASIS//DTD DITA Task//EN" "technicalContent/dtd/task.dtd">
<task id="display-seek-scrub-bar"
 xmlns:ditaarch="http://dita.oasis-open.org/architecture/2005/"> 
  <title>Handle seek when using the seek bar</title> 
  <shortdesc> In Browser TVSDK, you can seek to a specific position (time) in a
	 stream. A stream can be a sliding-window playlist or video-on-demand (VOD)
	 content. 
  </shortdesc> 
  <taskbody> 
	 <context id="context_87C4D212EA204E32AF768140DB0E0F3A"> 
		<note type="important">Seeking in a live stream is allowed only for DVR. 
		</note> 
	 </context> 
	 <steps id="steps_4F58B0BDC25246679C583765D5037350"> 
		<step id="step_5EB2A158A31549589484BF4E8979A191"> 
		  <cmd>Wait for Browser TVSDK to be in a valid state for seeking. 
		  </cmd> 
		  <info> 
			 <p>Valid states are PREPARED, COMPLETE, PAUSED, and PLAYING. Being in
				a valid state ensures that the media resource has successfully loaded. If the
				player is not in a valid seekable state, attempting to call the following
				methods throws an 
				<codeph>IllegalStateException</codeph>. 
			 </p> 
			 <p>For example, you can wait for Browser TVSDK to trigger 
				<ph><codeph>AdobePSDK.MediaPlayerStatusChangeEvent</codeph></ph>
				with an 
				<codeph>event.status</codeph> of 
				<codeph>AdobePSDK.MediaPlayerStatus.PREPARED</codeph>. 
			 </p> 
		  </info> 
		</step> 
		<step id="step_E0987B4A5719405A884D4793F71E84F4"> 
		  <cmd>Pass the requested seek position to the 
			 <codeph>MediaPlayer.seek</codeph> method as a parameter in
			 milliseconds. 
		  </cmd> 
		  <info> 
			 <p>This moves the play head to a different position in the stream. 
			 </p> 
			 <note type="tip">The requested seek position might not coincide with
				the actual computed position. 
			 </note> 
		  </info> 
		  <info> 
			 <codeblock outputclass="syntax javascript">void seek(long position) throws IllegalStateException;</codeblock> 
		  </info> 
		</step> 
		<step id="step_70C0C310D2FA4893A419C9D4C28E37D1"> 
		  <cmd>Wait for Browser TVSDK to trigger the 
			 <ph><codeph>AdobePSDK.PSDKEventType.SEEK_END</codeph></ph> event,
			 which returns the adjusted position in the event’s 
			 <codeph>actualPosition</codeph> attribute: 
		  </cmd> 
		  <info> 
			 <codeblock outputclass="syntax javascript">player.addEventListener(AdobePSDK.PSDKEventType.SEEK_END, onSeekComplete);
onSeekComplete = function (event)      {
//       event.actualPosition
}  </codeblock> 
			 <p>This is important because the actual start position after the seek
				could be different from the requested position. Some of the following rules
				might apply: 
			 </p> 
			 <ul id="ul_CF92D3740A10465D864B58967DE2D535"> 
				<li id="li_82280BE2B2F94069865D9E04CE95566D">Playback behavior is
				  affected if a seek, or other repositioning, ends in the middle of an ad break
				  or skips ad breaks. 
				</li> 
				<li id="li_35F77134DFEA4CAA88824858247BCF71">You can seek only in
				  the asset’s seekable duration. For VOD, that is from 0 through the asset's
				  duration. 
				</li> 
			 </ul> 
		  </info> 
		</step> 
		<step id="step_0CE01FDD4B3B4270AF1C23B7283F31F3"> 
		  <cmd>For the seekbar that was created in the example above, listen for 
			 <codeph>setPositionChangeListener()</codeph> to see when the user is
			 scrubbing: 
		  </cmd> 
		  <stepxmp> 
			 <codeblock outputclass="syntax javascript">seekBar.setPositionChangeListener(function (pos) {
                var range = player.seekableRange;
                if (range) {
                    var duration = range.duration;
                    var time = duration * pos; // seek bar range is [0,1]
                    player.seek(time);

                    console.log("seek to " + time + " / " + duration);
                }

            });
</codeblock> 
		  </stepxmp> 
		</step> 
		<step id="step_4DD7258A5AE34BC693FB17F969623072"> 
		  <cmd>Set up event listener callbacks for changes in the user’s seek
			 activity. 
		  </cmd> 
		  <info> 
			 <p>The seek operation is asynchronous, so Browser TVSDK dispatches
				these events related to seeking: 
			 </p> 
			 <ul id="ul_762983F8C15C40EF9EA92023003ABF86"> 
				<li
				id="li_56B536257B2B4E9582F33B25803FB438"><codeph>AdobePSDK.PSDKEventType.SEEK_BEGIN</codeph>
				  to indicate that seek is starting. 
				</li> 
				<li
				id="li_AC5ADC8D25634412AB87AED0D85FE415"><codeph>AdobePSDK.PSDKEventType.SEEK_END</codeph>
				  to indicate that seeking was successful. 
				</li> 
				<li
				id="li_EC4D10CB9F5D4CC1B35664449A7D486D"><codeph>AdobePSDK.PSDKEventType.SEEK_POSITION_ADJUSTED</codeph>
				  to indicate that the media player has readjusted the seek position provided by
				  the user. 
				</li> 
			 </ul> 
		  </info> 
		</step> 
	 </steps> 
  </taskbody> 
</task> 
