<?xml version="1.0" encoding="UTF-8"?>
<!DOCTYPE task PUBLIC "-//OASIS//DTD DITA Task//EN" "technicalContent/dtd/task.dtd">
<task id="set-up-event-listeners"
 xmlns:ditaarch="http://dita.oasis-open.org/architecture/2005/"> 
  <title>Implement event listeners and callbacks</title> 
  <shortdesc>Event handlers allow Browser TVSDK to respond to events. 
  </shortdesc> 
  <taskbody> 
	 <context id="context_E9F89BF6BD114C7FAC5DB033C6F9C704"> 
		<p>When an event occurs, Browser TVSDK's event mechanism calls your
		  registered event handler and passes the event information to the handler. 
		</p> 
		<p> Your application must implement event listeners for Browser TVSDK
		  events that affect your application. 
		</p> 
	 </context> 
	 <steps id="steps_5526ABFD4C9649AFA07A7AD909EFDD85"> 
		<step id="step_8C68AA8243874FC9B8B3460FA25973B9"> 
		  <cmd>Determine for which events your application must listen. 
		  </cmd> 
		  <info> 
			 <ul id="ul_DB0AE31547B04225A3FD609894FE82A2"> 
				<li id="li_1DA966F9830E46BE91AEB515242EF2D9"><b>Required
					 events</b>: Listen for all playback events. 
				  <note type="important">The playback event 
					 <codeph>STATUS_CHANGED</codeph> provides the player state,
					 including errors. Any of the states might affect your player's next step. 
				  </note> 
				</li> 
				<li id="li_1932D92B9EEB408F8CFA28E7AEDEFB7E"><b>Other events</b>:
				  Optional, depending on your application. 
				  <p> For example, if you incorporate advertising in your playback,
					 listen for all 
					 <codeph>AdBreakPlaybackEvent</codeph> and 
					 <codeph>AdPlaybackEvent</codeph> events. 
				  </p> 
				</li> 
			 </ul> 
		  </info> 
		</step> 
		<step id="step_E78D28A623564B73A58141D07B9CBC3F"> 
		  <cmd>Implement event listeners for each event. 
		  </cmd> 
		  <info> Browser TVSDK returns parameter values to your event-listener
			 callbacks. These values, provide relevant information about the event that you
			 can use in your 
			 <ph>listeners</ph> to perform appropriate actions. 
		  </info> 
		  <stepxmp> For example: 
			 <ul id="ul_28120F89398F4BD488B65777BB89BE42"> 
				<li id="li_093BE273AA214B84BEA2EC7D75B8960D">Event type: 
				  <codeph>AdobePSDK.PSDKEventType.STATUS_CHANGED</codeph> 
				</li> 
				<li id="li_9B4BD1F587BF40DFA60E8BEF4352B71D">Event property: 
				  <codeph>MediaPlayerStatus.&lt;event&gt;</codeph> used like this: 
				  <codeblock outputclass="syntax javascript">player.addEventListener(
            AdobePSDK.PSDKEventType.STATUS_CHANGED, 
            onStatusChange);

onStatusChange = function (event) {

    switch (event.status) {
        case AdobePSDK.MediaPlayerStatus.IDLE:
            console.log("Player Status: IDLE");
            break;</codeblock> 
				</li> 
			 </ul> 
		  </stepxmp> 
		</step> 
		<step id="step_7C86186BF4E84BF3A9375E93BC9264A4"> 
		  <cmd>Register your callback 
			 <ph>listeners</ph> with the 
			 <codeph>MediaPlayer</codeph> object 
			 <ph>by using 
				<codeph>MediaPlayer.addEventListener</codeph>.</ph> 
		  </cmd> 
		  <stepxmp> 
			 <codeblock outputclass="syntax javascript">player.addEventListener(AdobePSDK.PSDKEventType.STATUS_CHANGED, 
                                 onStatusChange);</codeblock> 
		  </stepxmp> 
		</step> 
	 </steps> 
  </taskbody> 
</task> 
