<?xml version="1.0" encoding="UTF-8"?>
<!DOCTYPE task PUBLIC "-//OASIS//DTD DITA Task//EN" "task.dtd">
<task id="task_w4c_dbq_ty"> 
  <title>Create a Browserify-compatible player using the UI-Framework</title> 
  <shortdesc>Use the Browserify library files provided by Browser TVSDK in your
	 app to create a Browserify-compatible player using the UI-Framework. 
  </shortdesc> 
  <taskbody> 
	 <context id="context_mbf_pbq_ty"> 
		<p>Sample Browserify files included in the TVSDK: 
		<ul id="ul_r5s_2bq_ty"> 
		  <li
			id="li_09DD8A57ABB2478299DBD68A778ACB27"><filepath>[…]/samples/browserify/ui-framework/build/Gruntfile.js</filepath>
			 
		  </li> 
		  <li
			id="li_E6C5A0167D7F46C38021BBAC0857ED23"><filepath>[…]/samples/browserify/ui-framework/build/package.json</filepath>
			 
		  </li> 
		  <li
			id="li_5BFA1E1DB7974D88A671A68A8EA5C023"><filepath>[…]/samples/browserify/ui-framework/examples/sample.html</filepath>
			 
		  </li> 
		  <li
			id="li_263DCDA4918D41BDBFD45A18C94D8618"><filepath>[…]/samples/browserify/ui-framework/examples/sample.js</filepath>
			 
		  </li> 
		</ul> 
		</p> 
		<p>To create a Browserify-compatible app using the UI-Framework, you must
		  
		  <codeph>require</codeph> the two Browserify modules (provided by
		  Browser TVSDK) in your app code: 
		</p> 
	 </context> 
	 <steps id="steps_nbf_pbq_ty"> 
		<step id="step_D3889187231E41A5971522563603360E"> 
		  <cmd>Require Browserify modules: 
		  </cmd> 
		  <info> 
			 <codeblock outputclass="syntax js">var AdobePSDK = require('../../../../frameworks/player/AdobePSDK.module.js'); 
var ptp = require('../../../ui-framework/libs/Primetimevisualapi.module.js); 
[…]</codeblock> 
		  </info> 
		</step> 
		<step id="step_5934979DEDE145F7BDD69EE6FD807DCF"> 
		  <cmd>Proceed with development as described in 
			 <xref href="t_psdk_browser_tvsdk_2.4_create-basic-player-uif.xml"/>. 
		  </cmd> 
		</step> 
	 </steps> 
	 <result id="result_r1p_5gq_ty">You can now bundle your app files using
		Browserify. 
	 </result> 
  </taskbody> 
</task> 
