<?xml version="1.0" encoding="UTF-8"?>
<!DOCTYPE task PUBLIC "-//OASIS//DTD DITA Task//EN" "task.dtd">
<task id="task_wjc_vps_3y">
    <title>Create a basic player using the UI Framework</title>
    <shortdesc/>
    <taskbody>
        <context>
            <p>To create a basic player using the UI Framework:  </p>
        </context>
        <steps>
            <step>
                <cmd>Create a <codeph>&lt;div></codeph> for your player instance.</cmd>
                <info>For example:
                    <codeblock outputclass="syntax html">&lt;div id="video1" >
 &lt;/div></codeblock></info>
            </step>
            <step>
                <cmd>Load the player.</cmd>
                <info>
                    <codeblock outputclass="syntax javascript">&lt;script>
    (function(){
        var player = ptp.videoPlayer('#video1');
    })();
&lt;/script></codeblock>
                    <p>When the player is created, the specified <codeph>&lt;div></codeph> element
                        is given a CSS class of <codeph>ptp-main-video-div-style</codeph>. The
                        resulting DOM appears something like
                        this:<codeblock outputclass="syntax html">&lt;div id="video1" class="ptp-main-video-div-style">
    &lt;video class="vp-video-element">&lt;/video>
&lt;/div></codeblock></p>
                </info>
            </step>
            <step>
                <cmd>Add a UI control.</cmd>
                <info>For example, add a control bar that appears when the mouse hovers over the
                    player:<codeblock outputclass="syntax javascript">&lt;script>
    (function(){
        function myControlBarBehavior(element, configuration, player) {
            return ptp.controlBarBehavior(element, configuration, player);
        }
        var player = ptp.videoPlayer('#video1', {
            controlBar: {
                behavior: myControlBarBehavior,
                classNames: 'ptp-control-bar my_control_bar'
            }
        });
    })();
&lt;/script></codeblock>The
                    resulting DOM appears as
                    follows:<codeblock outputclass="syntax html">&lt;div id="video1" class="ptp-main-video-div-style">
    &lt;div class="ptp-control-bar my_control_bar">&lt;/div>
    &lt;video class="vp-video-element">&lt;/video>
&lt;/div></codeblock></info>
            </step>
        </steps>
        <result id="result_m34_25s_3y">The object returned from calling
                <codeph>ptp.videoPlayer()</codeph> provides a behavior that wraps the TVSDK media
            player API and allows for programmatic control of playback. When you make calls on the
            media player instance the user interface updates itself based on events fired by the
            media player:
            <codeblock outputclass="syntax javascript">&lt;script>
    (function(){
        var player = ptp.videoPlayer('#video1');
        player.loadResource( 'sample.mp4' );
    })();
&lt;/script></codeblock></result>
    </taskbody>
</task>
