<?xml version="1.0" encoding="UTF-8"?>
<!DOCTYPE task PUBLIC "-//OASIS//DTD DITA Task//EN" "technicalContent/dtd/task.dtd">
<task id="reset-reuse-mediaplayer-instance"
 xmlns:ditaarch="http://dita.oasis-open.org/architecture/2005/"> 
  <title>Reset or reuse a MediaPlayer instance</title> 
  <shortdesc>You can reset a 
	 <codeph>MediaPlayer</codeph> instance to return it to its uninitialized
	 IDLE state as defined in 
	 <codeph>MediaPlayerStatus</codeph>. You can also replace the current media
	 item or set a new one using a previously loaded media resource. 
  </shortdesc> 
  <taskbody> 
	 <context id="context_A71CAE879BB340DF942695EB5AC9BD0E"> 
		<p>This operation is useful in the following cases: 
		<ul id="ul_8CD8E94853704884A86B371F01B7E717"> 
		  <li id="li_FC25AB6F8C7B4596998565836A674D8A">You want to reuse a 
			 <codeph>MediaPlayer</codeph> instance but need to load a new 
			 <codeph>MediaResource</codeph> (video content) and replace the
			 previous instance. 
			 <p>Resetting allows you to reuse the 
				<codeph>MediaPlayer</codeph> instance without the overhead of
				releasing resources, recreating the 
				<codeph>MediaPlayer</codeph>, and reallocating resources. The 
				<codeph>replaceCurrentItem</codeph> method automatically does these
				steps for you. 
			 </p> 
		  </li> 
		  <li id="li_AE15116279304B15A81DE90995280E93">When the 
			 <codeph>MediaPlayer</codeph> is in an ERROR state and needs to be
			 cleared. 
			 <note type="important">This is the only way to recover from the ERROR
				state. 
			 </note> 
		  </li> 
		</ul> 
		</p> 
	 </context> 
	 <steps id="steps_871CF344669341FCBDD48359DA5F39C1"> 
		<step id="step_36D1F51BF43C457EA372D40D0B99BF96"> 
		  <cmd>Call 
			 <codeph>MediaPlayer.reset()</codeph> to return the 
			 <codeph>MediaPlayer</codeph> instance to its uninitialized state: 
		  </cmd> 
		  <info> 
			 <codeblock outputclass="syntax javascript">reset(); // returns AdobePSDK.PSDKErrorCode.SUCCESS
         // on successful reset</codeblock> 
		  </info> 
		</step> 
		<step id="step_C14780323ABE4D89A9463BD966384E0D"> 
		  <cmd> Call 
			 <codeph>MediaPlayer.replaceCurrentItem()</codeph> to load another 
			 <codeph>MediaResource</codeph>. 
		  </cmd> 
		  <info> 
			 <note type="tip">To clear an error, load the same 
				<codeph>MediaResource</codeph>. 
			 </note> 
		  </info> 
		</step> 
		<step id="step_06FB8EC08ABB474C99C78EC0F7175865"> 
		  <cmd>Call the 
			 <codeph>prepareToPlay()</codeph> method. 
		  </cmd> 
		  <info>When you receive the 
			 <codeph>MediaPlaybackStatusChangeEvent.STATUS_CHANGED</codeph> event
			 with the PREPARED state, you can start the playback. 
		  </info> 
		</step> 
	 </steps> 
  </taskbody> 
</task> 
