<?xml version="1.0" encoding="UTF-8"?>
<!DOCTYPE task PUBLIC "-//OASIS//DTD DITA Task//EN" "task.dtd">
<task id="control_video_view"> 
  <title>Control the position and size of the video view</title> 
  <shortdesc>You can control the position and size of the video view using the 
	 <codeph>MediaPlayerView</codeph> object. 
  </shortdesc> 
  <taskbody> 
	 <context id="context_7CC0D617E8E34F65AD29BB24A2CC8DBF"> 
		<p>Browser TVSDK by default attempts to maintain the aspect ratio of the
		  video view whenever the size or the position of the video alters because of a
		  change made by the application, a profile switch, a content switch, and so on. 
		</p> 
		<p>You can override the default aspect ratio behavior by specifying a
		  different 
		  <i>scale policy</i>. Specify the scale policy using the 
		  <codeph>MediaPlayerView</codeph> object's 
		  <codeph>scalePolicy</codeph> property. The default scale policy of 
		  <codeph>MediaPlayerView</codeph> is set with an instance of the 
		  <codeph>MaintainAspectRatioScalePolicy</codeph> class. To reset the
		  scale policy, replace the default instance of 
		  <codeph>MaintainAspectRatioScalePolicy</codeph> on 
		  <codeph>MediaPlayerView.scalePolicy</codeph> with your own policy.
		  <note type="important">You cannot set the 
			 <codeph>scalePolicy</codeph> property to a null value.
		  </note>
		</p> 
		<p><b>Non-Flash fallback scenarios</b>
		</p> 
		<p>In non-Flash fallback scenarios, for scale policy to work correctly,
		  the video div element given in the 
		  <codeph>View</codeph> constructor should return non-zero values for 
		  <codeph>offsetWidth</codeph> and 
		  <codeph>offsetHeight</codeph>. To give an example of incorrect
		  function, sometimes when the width and height of the video div elements are not
		  set explicitly in css, then the 
		  <codeph>View</codeph> constructor returns zero for 
		  <codeph>offsetWidth</codeph> or 
		  <codeph>offsetHeight</codeph>.
		</p> 
		<note type="restriction">The CustomScalePolicy has limited support for a
		  few browsers notably IE, Edge and Safari 9. For these browsers, the native
		  aspect ratio of the video cannot be changed. However, the position and
		  dimensions of the video will be enforced according to the scale policy. 
		</note> 
	 </context> 
	 <steps id="steps_9222CBD866344E75B455C96FE75E71A0"> 
		<step id="step_E4BBB0D7D1C2434FA837C1994337887D"> 
		  <cmd>Implement the 
			 <codeph>MediaPlayerViewScalePolicy</codeph> interface to create your
			 own scale policy. 
		  </cmd> 
		  <info>The 
			 <codeph>MediaPlayerViewScalePolicy</codeph> has one method: 
			 <codeblock outputclass="syntax javascript">/**
* Adjust the specified rectangle to match the new video dimensions.
* @param viewPort {AdobePSDK.Rectangle}The video rectangle as absolute position.
* @param videoWidth {Number}The video width.
* @param videoHeight {Number} The video height.
* @return {AdobePSDK.Rectangle} an adjusted rectangle.
*/
function adjustCallbackFunc(viewPort, videoWidth, videoHeight);</codeblock> 
		  </info> 
		  <stepxmp> 
			 <p>For example: 
				<codeblock outputclass="syntax javascript">/**
Default Constructor
*/
MediaPlayerViewCustomScalePolicy = function() {
    return this;
};
MediaPlayerViewCustomScalePolicy.prototype = {
    constructor: MediaPlayerViewScalePolicy,
    adjustCallbackFunc: function(viewPort, videoWidth, videoHeight) {
        /* Your Custom Adjustment here. */
        [...]
        return adjustedRectangle;
    }
};</codeblock> 
			 </p> 
		  </stepxmp> 
		</step> 
		<step id="step_3783E28E88BB4475A14675AF0957A975"> 
		  <cmd>Assign your implementation to the 
			 <codeph>MediaPlayerView</codeph> property. 
		  </cmd> 
		  <info> 
			 <codeblock outputclass="syntax javascript">var view = new AdobePSDK.MediaPlayerView(videoDiv);
view.scalePolicy= new MediaPlayerViewCustomScalePolicy();</codeblock> 
		  </info> 
		</step> 
		<step id="step_74D863DA33E64B959B2B53243F7D53A4"> 
		  <cmd>Add your view to the Media Player's 
			 <codeph>view</codeph> property. 
		  </cmd> 
		  <info> 
			 <codeblock outputclass="syntax actionscript">mediaplayer.view = view;</codeblock> 
		  </info> 
		</step> 
	 </steps> 
	 <example id="example_ABCD79AE29DB4A668F9A8B729FE44AF9"><b>For example:
		  Scale the video to fill the entire video view, without maintaining aspect
		  ratio:</b> 
		<codeblock outputclass="syntax actionscript">/**
 * Default constructor.
 */
MediaPlayerViewCustomScalePolicy = function() {
    return this;
};
MediaPlayerViewCustomScalePolicy.prototype = {
    constructor: MediaPlayerViewScalePolicy,
    /**
    * A very simple custom scale policy - the video will fill the entire
    * allocated space. The aspect ratio will not be kept.
    */
    adjustCallbackFunc: function(viewPort, videoWidth, videoHeight) {
        return viewPort;
    }
};
var view = new AdobePSDK.MediaPlayerView(videoDiv);
view.scalePolicy = new MediaPlayerViewCustomScalePolicy ();
mediaPlayer.view = view;</codeblock> 
	 </example> 
  </taskbody> 
</task> 
