<?xml version="1.0"?>
<!DOCTYPE task PUBLIC "-//OASIS//DTD DITA Task//EN" "task.dtd">
<!-- Created with XMetaL (http://www.xmetal.com) -->
<task id="task_6948AADFEB4A43FD83D7B627DD0DD834"> 
  <title>Create a basic player using TVSDK</title> 
  <shortdesc>Complete the following steps to create a basic player using the
	 Browser TVSDK. 
  </shortdesc> 
  <taskbody> 
	 <steps id="steps_46AC22C1A3B043969C606FFBF76EED8F"> 
		<step id="step_969052D98D6E40D3A5FF1C50481B00E5"> 
		  <cmd>Create a new directory in which you can download the compressed
			 files for Browser TVSDK. 
		  </cmd> 
		</step> 
		<step id="step_0CC6A3DF582A4125B0081202E4582DBB"> 
		  <cmd>Download Browser TVSDK from Zendesk, decompress the files, and
			 place the frameworks folder in the new directory. 
		  </cmd> 
		</step> 
		<step id="step_B75CB253DFE44A8B95B03081AC2B366E"> 
		  <cmd>Create a simple HTML boilerplate for the code with a 
			 <codeph>div</codeph> in it. 
		  </cmd> 
		</step> 
		<step id="step_AED5B1A9AAB14A75B04B302D51EA06F1"> 
		  <cmd>Place this boilerplate in an HTML file in the directory you
			 created in step 1. 
		  </cmd> 
		  <info> 
			 <codeblock outputclass="syntax html">&lt;!DOCTYPE html&gt;

&lt;html lang="en"&gt;
&lt;head&gt;
&lt;/head&gt;
&lt;body&gt;
      &lt;div id="videoDiv" width="200" height="200"&gt;
		   &lt;div id="video-controls"&gt;&lt;/div&gt;
      &lt;/div&gt;
&lt;/body&gt;
&lt;/html&gt;</codeblock> 
		  </info> 
		</step> 
		<step id="step_7EDD31E70BFA49EFB2EF2F40AD29D809"> 
		  <cmd>Add the Browser TVSDK libraries in the head section. 
		  </cmd> 
		  <info> 
			 <codeblock outputclass="syntax javascript">&lt;script src= "frameworks/player/dash.min.js"&gt;&lt;/script&gt;
&lt;script src= "frameworks/player/primetimemain.min.js"&gt;&lt;/script&gt;
&lt;script src= "frameworks/player/swfobject.js"&gt;&lt;/script&gt;
&lt;script src= "frameworks/player/primetimeei.min.js"&gt;&lt;/script&gt;</codeblock> 
		  </info> 
		</step> 
		<step id="step_7E924B0142DA4368A042B2A7559087C7"> 
		  <cmd>For the body tag, add the 
			 <codeph>onLoad</codeph> section. 
		  </cmd> 
		  <info> 
			 <codeblock outputclass="syntax html">&lt;body onload="startVideo()"&gt;</codeblock> 
		  </info> 
		</step> 
		<step id="step_D83EAE9E506747E1B84E91E16B838937"> 
		  <cmd>Start implementing the 
			 <codeph>startVideo</codeph> function. 
		  </cmd> 
		</step> 
		<step id="step_685412FF18744DF692D9F6C4F5E194D0"> 
		  <cmd>Add a script tag and create the 
			 <codeph>startVideo</codeph> function in the tag. 
		  </cmd> 
		  <info> 
			 <p>This is supposed to be in the head section of the page. 
			 </p> 
			 <p> 
				<codeblock outputclass="syntax javascript">&lt;script&gt;
	function startVideo(){
	}
&lt;/script&gt;</codeblock> 
			 </p> 
		  </info> 
		</step> 
		<step id="step_A96C4635452A41F8BEB79F72E47DC032"> 
		  <cmd>Create the 
			 <codeph>Adobe.MediaPlayer</codeph>. 
		  </cmd> 
		  <info> 
			 <codeblock outputclass="syntax javascript">var player = new AdobePSDK.MediaPlayer();</codeblock> 
		  </info> 
		</step> 
		<step id="step_62B31DD2DE0B4DE9B187ADB351882097"> 
		  <cmd>Create the 
			 <codeph>MediaPlayerView</codeph>. 
		  </cmd> 
		  <info> 
			 <note type="tip">This is where the 
				<codeph>div</codeph> that you created earlier is used. 
			 </note> 
			 <p> 
				<codeblock outputclass="syntax javascript">var view = new AdobePSDK.MediaPlayerView(
document.getElementById("videoDiv"));
player.view = view;</codeblock> 
			 </p> 
		  </info> 
		</step> 
		<step id="step_74BB1299587041B6A5B27B54649BEFC2"> 
		  <cmd>Add the player event listener. 
		  </cmd> 
		  <info> 
			 <codeblock outputclass="syntax javascript">player.addEventListener(AdobePSDK.PSDKEventType.STATUS_CHANGED, onStatusChange);</codeblock> 
		  </info> 
		</step> 
		<step id="step_1F8D0A69282C485D8953A32463C63794"> 
		  <cmd>Implement the event handler and put this before the add event
			 listener.<!-- because Javascript -->
		  </cmd> 
		  <info> 
			 <codeblock outputclass="syntax javascript">var onStatusChange = function (event) {
	console.log(event.status);

	switch (event.status) {
		case AdobePSDK.MediaPlayerStatus.IDLE:
			console.log("Player Status: IDLE");
			break;

		case AdobePSDK.MediaPlayerStatus.INITIALIZING:
			console.log("Player Status: INITIALIZING");
			break;

		case AdobePSDK.MediaPlayerStatus.INITIALIZED:
			console.log("Player Status: INITIALIZED");
			break;

		case AdobePSDK.MediaPlayerStatus.PREPARING:
			console.log("Player Status: PREPARING");
			break;

		case AdobePSDK.MediaPlayerStatus.PREPARED:
			console.log("Player Status: PREPARED");
			break;

		case AdobePSDK.MediaPlayerStatus.PLAYING:
			console.log("Player Status: PLAYING");
			//update UI play/pause to show pause icon
			break;

		case AdobePSDK.MediaPlayerStatus.PAUSED:
			console.log("Player Status: PAUSED");
			//update UI play/pause to show play icon &amp;
			//display pause icon over video
			break;

		case AdobePSDK.MediaPlayerStatus.SEEKING:
			console.log("Player Status: SEEKING");
			break;

		case AdobePSDK.MediaPlayerStatus.COMPLETE:
			console.log("Player Status: COMPLETE");
			break;

		case AdobePSDK.MediaPlayerStatus.RELEASED:
			console.log("Player Status: RELEASED");
			break;

		case AdobePSDK.MediaPlayerStatus.RELEASED:
			console.log("Player Status: ERROR");
			break;
	}
};
</codeblock> 
		  </info> 
		</step> 
		<step id="step_9E87D69C61F54D3FBBD8116BF1B87043"> 
		  <cmd>Create the 
			 <codeph>MediaResource</codeph>, which passes the M3U8 link (or mpd). 
		  </cmd> 
		  <info> 
			 <codeblock outputclass="syntax javascript">var resourceUrl = "http://example.com/a/yourUrl.m3u8";
var resourceType = AdobePSDK.MediaResourceType.HLS;
var mediaResource = new AdobePSDK.MediaResource(resourceUrl, resourceType, null, false);</codeblock> 
		  </info> 
		</step> 
		<step id="step_488662253A09435487D06E77AD826772"> 
		  <cmd>Create an empty config and replace the resource. 
		  </cmd> 
		  <info> 
			 <codeblock outputclass="syntax javascript">var config = new AdobePSDK.MediaPlayerItemConfig();

player.replaceCurrentResource(mediaResource, config);</codeblock> 
		  </info> 
		</step> 
		<step id="step_309DBEB4B97A4C7FBA5DFF12F382AAC2"> 
		  <cmd>When the player is in the INITIALIZED state, call 
			 <codeph>prepareToPlay</codeph>. 
		  </cmd> 
		  <info> 
			 <codeblock outputclass="syntax javascript">case INITIALIZED:
	player.prepareToPlay(); // &lt;- add this line
	break;</codeblock> 
		  </info> 
		</step> 
		<step id="step_FDBFB4DF27AC485C8861C882274F1AF2"> 
		  <cmd>After the player is in the PREPARED state, call 
			 <codeph>play</codeph>. 
		  </cmd> 
		  <info> 
			 <codeblock outputclass="syntax javascript">case PREPARED:
	player.play();
	break;</codeblock> 
		  </info> 
		</step> 
	 </steps> 
  </taskbody> 
</task> 
