<?xml version="1.0" encoding="UTF-8"?>
<!DOCTYPE task PUBLIC "-//OASIS//DTD DITA Task//EN" "task.dtd">
<task id="task_w4c_dbq_ty"> 
  <title>Create a Browserify-compatible player without the UI-Framework</title>
  
  <shortdesc>Use the Browserify library file provided by Browser TVSDK in your
	 app, to create a Browserify-compatible player.
  </shortdesc> 
  <taskbody> 
	 <context id="context_D2F4240C129B4BC2B41C2461CF1C162E"> 
		<p>The topic 
		  <xref href="t_psdk_browser_tvsdk_2.4_create-basic-player-tvsdk.xml"/>
		  lists the set of Browser TVSDK libraries that you normally include when you
		  create a basic video player. To do this you simply add 
		  <codeph>script</codeph> tags with 
		  <codeph>src</codeph> attributes pointing to the libraries.
		</p> 
		<p>The process is slightly different for creating a Browserify-compatible
		  player. For this, you use the 
		  <codeph>require</codeph> command to include the 
		  <filepath>AdobePSDK.module.js</filepath> file (provided by the Browser
		  TVSDK) in your app. This file bundles the basic player library files in their
		  proper order of dependency, and returns the 
		  <codeph>AdobePSDK</codeph> namespace you use to implement features for
		  your player.
		</p> 
		<p>Browser TVSDK provides the following sample Browserify application and
		  build files in the release package: 
		<ul id="ul_q2b_vfd_ty"> 
		  <li
			id="li_AD9D24BB908D4BC0880EF8CC1AD4FDD2"><filepath>[…]/samples/browserify/reference/build/Gruntfile.js</filepath>
		  </li> 
		  <li
			id="li_8FA848E057A941ED8D2AC3FC8DE62698"><filepath>[…]/samples/browserify/reference/build/package.json</filepath>
		  </li> 
		  <li
			id="li_04E68F5774C64FBD8E122BB94E301C22"><filepath>[…]/samples/browserify/reference/examples/sample.html</filepath>
		  </li> 
		  <li
			id="li_F294ED335153497A93F014FBD9DF3162"><filepath>[…]/samples/browserify/reference/examples/sample.js</filepath>
		  </li> 
		</ul>
		</p> 
		<p>To create a Browserify-compatible video player:
		</p> 
	 </context> 
	 <steps id="steps_497FD83E64E14A41BD5B7921395C5298"> 
		<step id="step_875F014DA92A4010B04678D0D68C454B"> 
		  <cmd>Require the Browserify-compatible library file that returns the 
			 <codeph>AdobePSDK</codeph> namespace:
		  </cmd> 
		  <info> 
			 <codeblock outputclass="syntax js">var AdobePSDK = require('./AdobePSDK.module.js');
var player;
function Load () {
    player = new AdobePSDK.MediaPlayer();
[…]</codeblock> 
		  </info> 
		</step> 
		<step id="step_B4D7A5A5FF8D4BE5A98431FA4BEDFB1A"> 
		  <cmd>Create your player as described in 
			 <xref
			  href="t_psdk_browser_tvsdk_2.4_create-basic-player-tvsdk.xml"/>.
		  </cmd> 
		  <info>Step 1 in this task replaces the step in the basic player
			 instructions in which you source the individual basic player libraries in your
			 app file. 
		  </info> 
		</step> 
	 </steps> 
	 <result id="result_r1p_5gq_ty">You can now bundle your app files using
		Browserify.
	 </result> 
  </taskbody> 
</task> 
