<?xml version="1.0"?>
<!DOCTYPE task PUBLIC "-//OASIS//DTD DITA Task//EN" "task.dtd">
<task id="task_manifest-update-use"> 
  <title>Use live master-manifest update</title> 
  <shortdesc>You can turn on this feature and check for related events. 
  </shortdesc> 
  <taskbody> 
	 <steps id="steps_59CA0A67186F4117913BDF24B6D9D7DB"> 
		<step id="step_1C90FB1322EA489B8F48A55E587E12CB"> 
		  <cmd>To turn on live master-manifest updates, set the update frequency
			 (in minutes) by setting the 
			 <codeph>NetworkConfiguration.masterUpdateInterval</codeph> property. 
		  </cmd> 
		</step> 
		<step id="step_778531F3B5184967BE9D4555C19E07E7"> 
		  <cmd>Optionally, track successful manifest updates by listening for the
			 
			 <codeph>MediaPlayerItemEvent.MASTER_UPDATED</codeph> event. 
		  </cmd> 
		</step> 
	 </steps> 
  </taskbody> 
</task> 
