<?xml version="1.0" encoding="UTF-8"?>
<!DOCTYPE task PUBLIC "-//OASIS//DTD DITA Task//EN" "technicalContent/dtd/task.dtd">
<task id="load-a-media-resource"
 xmlns:ditaarch="http://dita.oasis-open.org/architecture/2005/"> 
  <title>Load a media resource in the MediaPlayer</title> 
  <shortdesc> Load a resource by directly instantiating a 
	 <codeph>MediaResource</codeph> and loading the video content to be played. 
  </shortdesc> 
  <taskbody> 
	 <steps id="steps_3EA43F434D10427CBC5B85F279EFBCD9"> 
		<step id="step_D571C6B1A54D474DBB52A38124E1276C"> 
		  <cmd> Set your 
			 <codeph>MediaPlayer</codeph> object's playable item with the new
			 resource to be played. 
		  </cmd> 
		  <info> 
			 <p>Replace your existing 
				<codeph>MediaPlayer</codeph> object's currently playable item by
				calling 
				<codeph>replaceCurrentResource</codeph> and passing an existing 
				<codeph>MediaResource</codeph> instance. 
			 </p> 
		  </info> 
		</step> 
		<step id="step_273088495C1945129A19C2361E358CEE"> 
		  <cmd>Wait for Browser TVSDK to dispatch 
			 <codeph>AdobePSDK.MediaPlayerStatusChangeEvent</codeph> with 
			 <codeph>event.status</codeph> that is equal to any of the following: 
		  </cmd> 
		  <info> 
			 <ul id="ul_F9954E9CD55243C495EF85F965738034"> 
				<li
				 id="li_FF0DE1CA5B2F42BDAAFDF00A18E8A508"><codeph>MediaPlayerStatus.INITIALIZED</codeph>
				  
				</li> 
				<li
				 id="li_9C7F9CFF733045E6BB71B0B17B9618FA"><codeph>MediaPlayerStatus.PREPARED</codeph>
				  
				</li> 
				<li
				 id="li_B09C46C5C6344318AEF2F523879A5AB7"><codeph>MediaPlayerStatus.ERROR</codeph>
				  
				</li> 
			 </ul> 
			 <p>Through these events, the MediaPlayer object notifies your
				application whether the media resource is successfully loaded. 
			 </p> 
		  </info> 
		</step> 
		<step id="step_19C1012DD0AD4A25B84D836DA81BB5D0"> 
		  <cmd>When the state of the media player changes to 
			 <codeph>MediaPlayerStatus.INITIALIZED</codeph>, you can call 
			 <codeph>MediaPlayer.prepareToPlay</codeph>. 
		  </cmd> 
		  <info> The INITIALIZED state indicates that the media has been
			 successfully loaded. Calling 
			 <codeph>prepareToPlay</codeph> starts the advertising resolution and
			 placement process, if any. 
		  </info> 
		</step> 
		<step id="step_B938F20852214CE2AEE67C0DE3DCAFE7"> 
		  <cmd>When Browser TVSDK dispatches the 
			 <codeph>MediaPlayerStatus.PREPARED</codeph> event the media stream
			 has successfully loaded (a MediaPlayerItem is created) and is prepared for
			 playback. 
		  </cmd> 
		</step> 
	 </steps> 
	 <result id="result_37B432AC35A348BFB83763F4BD93D1F3">If a failure occurs,
		the 
		<codeph>MediaPlayer</codeph> switches to the 
		<codeph>MediaPlayerStatus.ERROR</codeph>. 
		<p>It also notifies your application by dispatching the 
		  <codeph>MediaPlayerStatus.ERROR</codeph> event. 
		</p> 
	 </result> 
	 <example id="example_3774607C6F08473282CF0CB7F3D82373"> 
		<p>The following simplified sample code illustrates the process of
		  loading a media resource: 
		</p> 
		<codeblock outputclass="syntax javascript">player.addEventListener(AdobePSDK.PSDKEventType.STATUS_CHANGED, 
                        onStatusChange);

onStatusChange = function (event) {
    var msg = "";
    switch (event.status) {
        case AdobePSDK.MediaPlayerStatus.INITIALIZED:
            msg = "Player Status: INITIALIZED";
            console.log(msg);
            player.prepareToPlay(AdobePSDK.MediaPlayer.LIVE_POINT);
            break;

        case AdobePSDK.MediaPlayerStatus.PREPARED:
        // The resource is successfully loaded and available
        // and the MediaPlayer is ready to start the playback.
        // Once the resource is loaded, the MediaPlayer can
        // provide a reference to the current "playable item"
           MediaPlayerItem playerItem = player.currentItem;
           if (playerItem != null) { 
              // here we can look at the properties of the 
              // loadedstream
           }
           break;
    }
}</codeblock> 
	 </example> 
  </taskbody> 
</task> 
