<?xml version="1.0" encoding="UTF-8"?>
<!DOCTYPE task PUBLIC "-//OASIS//DTD DITA Task//EN" "technicalContent/dtd/task.dtd"[
  <!-- Begin Document Specific Declarations -->
  <!-- End Document Specific Declarations -->
]>
<task id="t_psdk_android_set-up-the-mediaplayer"
 xmlns:ditaarch="http://dita.oasis-open.org/architecture/2005/"> 
  <title>Set up the MediaPlayer</title> 
  <shortdesc> A 
	 <codeph>MediaPlayer</codeph> object encapsulates the behavior and
	 functionality of a media player. 
  </shortdesc> 
  <taskbody> 
	 <steps id="steps_0017AAD77CEE445D990BE2451EE0DB77"> 
		<step id="step_09E1BCA98ED14FA9914E910819953E7B"> 
		  <cmd>Instantiate a 
			 <codeph>MediaPlayer</codeph> using the following: 
		  </cmd> 
		  <info> 
			 <codeblock outputclass="syntax javascript">var player = new AdobePSDK.MediaPlayer();</codeblock> 
		  </info> 
		</step> 
		<step id="step_B9E28E83405E4529BB7BCE851510DEB8">
				<cmd>Create a <codeph>MediaPlayerView</codeph> instance: </cmd>
				<info>
					<codeblock outputclass="syntax javascript">var view = new AdobePSDK.MediaPlayerView(container);</codeblock>
					<p>where <codeph>container</codeph> is the target <codeph>div</codeph> element
						that contains your <codeph>HTMLMediaElement</codeph>. </p>
					<p>For example, on an HTML page:
						<codeblock outputclass="syntax html">&lt;div id="videoDiv"&gt;
<codeph>   &lt;div id="video-controls"&gt;
      ... custom video controls
   &lt;/div&gt;</codeph>
&lt;/div&gt;</codeblock>Call:
						<codeblock outputclass="syntax javascript">var view = new <codeph>AdobePSDK.MediaPlayerView</codeph>(
      document.getElementById("videoDiv"));  </codeblock>
					</p>
				</info>
			</step> 
		<step id="step_5A520BAA0FCB4FE585D20520AA37300B">
				<cmd>Attach your <codeph>MediaPlayerView</codeph> instance to your
						<codeph>MediaPlayer</codeph> instance: </cmd>
				<info>
					<codeblock outputclass="syntax javascript">player.view = view;</codeblock>
				</info>
			</step> 
		<step id="step_5CB2F6D705054555A40C8CD4AC712FA8" > 
		  <cmd>Attach the custom controls 
			 <codeph>div</codeph> element to your MediaPlayer instance. 
		  </cmd> 
		  <info> 
			 <p>For example, in HTML: 
				<codeblock outputclass="syntax html">&lt;div id="videoDiv"&gt;
   &lt;div id="video-controls"&gt;
      ..... custom video controls
   &lt;/div&gt;
&lt;/div&gt;</codeblock> 
			 </p> 
			 <p>Call: 
				<codeblock outputclass="syntax javascript">if (typeof player.getView() !== 'undefined') {
    var view = player.view;
    view.attachVideoControls(document.getElementById("video-controls"));
}</codeblock> 
			 </p> 
		  </info> 
		</step> 
	 </steps> 
	 <result id="result_1865C2E6859643B48B80491BAF6B6458">The 
		<codeph>MediaPlayer</codeph> instance is now available and properly
		configured to display video content on the device screen. 
	 </result> 
  </taskbody> 
</task> 
