<?xml version="1.0"?>
<!DOCTYPE concept PUBLIC "-//OASIS//DTD DITA Concept//EN" "concept.dtd">
<!-- Created with XMetaL (http://www.xmetal.com) -->
<concept id="concept_F3FF0331E5874050851B2B9F832B16CE"> 
  <title>Implement custom time updates</title> 
  <shortdesc>In some analytics implementations, the client application might
	 want to provide a different playhead position than the position reported by the
	 Browser TVSDK 
	 <codeph>localTime</codeph> value. 
  </shortdesc> 
  <conbody> 
	 <p>For example, during a linear stream playback, each program’s playhead
		can be provided relative to its start time. 
	 </p> 
	 <note type="tip">Override this method only if you want to provide a
		playhead position other than the default position. 
	 </note> 
	 <p>To override the default playhead position: 
		<codeblock outputclass="syntax javascript">vaMetadata.currentTimeUpdateBlock = function() {
       return playerPositionInSeconds;
};
</codeblock> 
	 </p> 
	 <note type="important">The values in this code snippet are only samples.
		You need to use different values for your custom playhead position. 
	 </note> 
  </conbody> 
</concept> 
