<?xml version="1.0" encoding="UTF-8"?>
<!DOCTYPE task PUBLIC "-//OASIS//DTD DITA Task//EN" "technicalContent/dtd/task.dtd">
<task id="t_psdk_qosprovider_tracking"
 xmlns:ditaarch="http://dita.oasis-open.org/architecture/2005/"> 
  <title>Read QOS playback, buffering, and device statistics</title> 
  <shortdesc> You can read playback, buffering, and device statistics from the
            <codeph>QOSProvider</codeph> class. </shortdesc> 
  <taskbody> 
	 <context id="context_49F8FBE2E7DF422399761BF4F389EFE7"> 
		<p>The <codeph>QOSProvider</codeph>  class provides various statistics, including information
                about buffering, bit rates, frame rates, time data, and so on. </p> 
	 </context> 
	 <steps id="steps_77E17064AC3F4D58AFCB874ACF2B984A"> 
		<step id="step_0AB792858C30431DB60E80F689C29257"> 
		  <cmd>Instantiate a media player. 
		  </cmd> 
		</step> 
		<step id="step_627BEAB9B0E040D78DAFEDEBF6C95EA7">
                <cmd>Create a <codeph>QOSProvider</codeph> object and attach it to the media player. </cmd>
                <info>
                    <codeblock outputclass="syntax javascript">// Create Media Player.qosProvider = 
      new AdobePSDK.QOSProvider();
qosProvider.attachMediaPlayer(player);</codeblock>
                </info>
            </step> 
		<step id="step_0D9521ADFB0F48638C935CB43F70CD88"> 
		  <cmd importance="optional">(Optional) Read the playback statistics. 
		  </cmd> 
		  <info> 
			 <p>One solution to read playback statistics is to have a timer, that periodically fetches the
                        new QoS values from the <codeph>QOSProvider</codeph>. For example: </p> 
			 <codeblock outputclass="syntax javascript">var qosTimer = (function () {
    var ref = null,
    qosChangeInterval = 500, // in milliseconds

    startTimer = function () {
        var playbackInformation = qosProvider.playbackInformation;
	    console.log("Frame rate", playbackInformation.frameRate);
        console.log ("Dropped frames", playbackInformation.droppedFrameCount);
        console.log ("Bitrate", playbackInformation.bitrate);
        console.log ("Buffering time", playbackInformation.bufferingTime);
        console.log ("Buffer length", playbackInformation.bufferLength);
        console.log ("Buffer time", playbackInformation.bufferTime);
        console.log ("Empty buffer count", playbackInformation.emptyBufferCount);
        console.log ("Time to load", playbackInformation.timeToLoad);
        console.log ("Time to start", playbackInformation.timeToStart);
        ref = window.setTimeout(startTimer, qosChangeInterval);
    };

    return {
        start: function () {
            if (ref !== null) {
                // don't start another timeout if one already exists.
                return;
            }
            startTimer();
        },

        stop: function () {
            window.clearTimeout(ref);
            ref = null;
        }
    }; 
})()

qosTimer.start();
</codeblock> 
		  </info> 
		</step> 
		<step id="step_CADB225E027246DB91F97C70EF7C93A3" importance="optional"> 
		  <cmd>(Optional) Read the device-specific information. 
		  </cmd> 
		  <info> 
			 <codeblock  outputclass="syntax javascript">// Show device information
DeviceInformation deviceInfo = new QOSProvider().deviceInformation;
console.log("OS: "+ deviceInfo.getOS());
console.log("Width: "+ deviceInfo.getWidthPixels() + 
            "Height: "+ deviceInfo.getHeightPixels() );</codeblock> 
		  </info> 
		</step> 
	 </steps> 
  </taskbody> 
</task> 
