<?xml version="1.0"?>
<!DOCTYPE task PUBLIC "-//OASIS//DTD DITA Task//EN" "task.dtd">
<task id="task_opp_detect_impl_dhls"> 
  <title>Implement a custom opportunity generator</title> 
  <shortdesc>You can implement your own opportunity generator by extending the 
	 <codeph>OpportunityGenerator</codeph> interface. 
  </shortdesc> 
  <taskbody> 
	 <steps id="steps_08C783D6897C445E93C7BBF35C4DA982"> 
		<step id="step_0B59CF25692041849FA5054462B9F349"> 
		  <cmd>Create the custom opportunity generator. 
		  </cmd> 
		  <info> 
			 <p>For example: 
				<codeblock outputclass="syntax javascript">/**
* Class implementing AdobePSDK.OpportunityGenerator interface
*/
CustomOpportunityGenerator = function () {
};

CustomOpportunityGenerator.prototype = {
    constructor: CustomOpportunityGenerator,
    configureCallbackFunc: function (item, client, mode, playhead, playbackRange) { 
        // the playhead represents the initial playback position
        // the playback range represents the initial playback range
         
        // the item property indicates the current AdobePSDK.MediaPlayerItem associated with this generator
        // the initial set of timed metadata can be obtain through the item property
        var timedMetadatas = item.timedMetadata;
    },
    updateCallbackFunc: function (playhead, playbackRange) {
        // when an opportunity is created by this generator
        // we need to notify the TVSDK through the client property
        client.resolve (opportunity);
    },
    …
};
</codeblock> 
			 </p> 
		  </info> 
		</step> 
		<step id="step_DA6D1A98689541C1AE68F778AF98C7F6"> 
		  <cmd>Create the custom content factory, which uses the custom
			 opportunity generator. 
		  </cmd> 
		  <info>For example: 
			 <codeblock outputclass="syntax javascript">/**
  * Class implementing AdobePSDK.ContentFactory interface
*/
CustomContentFactory = function () {
};

CustomContentFactory.prototype = {
       constructor: CustomContentFactory,
	      retrieveOpportunityGeneratorsCallbackFunc: function (item) {
            var result = [];
            result.push (new CustomOpportunityGenerator());
            return result;
    },
    …
};
</codeblock> 
		  </info> 
		</step> 
		<step id="step_978919854FBD4C1AAC5C85BE1A589E58"> 
		  <cmd>Register the custom content factory for the media stream to be
			 played. 
		  </cmd> 
		  <info> 
			 <p>In UI Framework player, you can specify custom content factory as
				follows: 
				<codeblock outputclass="syntax javascript">var advertisingFactory = new CustomContentFactory();
var playerWrapper = ptp.videoPlayer('.videoDiv', {
 player: {
        mediaPlayerItemConfig: {
                advertisingFactory: advertisingFactory
	       },
   	        mediaResource: {
                resourceUrl:'Specify Resource Url'
      	}
  }
});
</codeblock> 
			 </p> 
		  </info> 
		</step> 
	 </steps> 
  </taskbody> 
</task> 
