<?xml version="1.0"?>
<!DOCTYPE task PUBLIC "-//OASIS//DTD DITA Task//EN" "task.dtd">
<task id="task_enter-stream"> 
  <title>Enter a stream at a specific time</title> 
  <shortdesc>By default, when playback starts, VOD media starts at 0, and live
	 media starts at the client live point 
	 <codeph>(MediaPlayer.LIVE_POINT</codeph>). You can override the default
	 behavior. 
  </shortdesc> 
  <taskbody> 
	 <steps id="steps_E3C3C0B7343E4263AEA8FCAA85695084"> 
		<step id="step_64A13BAACCD74B869F27659A5B4E7C12"> 
		  <cmd>Pass a position to 
			 <codeph>MediaPlayer.prepareToPlay</codeph>. 
		  </cmd> 
		</step> 
		<step id="step_DF5121CDDD9E462EBBFDCBA5484754EB"> 
		  <cmd>Browser TVSDK uses this position as the starting point for the
			 asset. 
		  </cmd> 
		  <info> 
			 <note>No seek operation is required. 
			 </note> 
		  </info> 
		</step> 
		<step id="step_1BC31A9C895646AF81803DE566DEBDE9"> 
		  <cmd>If the position is not inside the seekable range, the default
			 positions are used. 
		  </cmd> 
		  <info>For example: 
			 <codeblock outputclass="syntax javascript">var desiredPostion = //choose a value;
onStatusChange = function (event) {
    case AdobePSDK.MediaPlayerStatus.INITIALIZED:
        console.log("Player Status: INITIALIZED");
        player.prepareToPlay(desiredPostion);
        break;
}
</codeblock> 
		  </info> 
		</step> 
	 </steps> 
  </taskbody> 
</task> 
