<?xml version="1.0"?>
<!DOCTYPE task PUBLIC "-//OASIS//DTD DITA Task//EN" "task.dtd">
<!-- Created with XMetaL (http://www.xmetal.com) -->
<task id="task_C571A8C69D584B5DA7E1C0D4B2375B3C"> 
  <title>Add Digital Rights Management</title> 
  <shortdesc><?xm-replace_text Short Description?>
  </shortdesc> 
  <taskbody> 
	 <steps id="steps_D439AC333BD447CEA38887EE2358195E"> 
		<step id="step_7BC322EB8D2148538762AE4E4C021259"> 
		  <cmd>Add the 
			 <codeph>DRMMetadataInfoAvailableEvent</codeph> to get the 
			 <codeph>DRMMetadata</codeph>. 
		  </cmd> 
		  <info> 
			 <codeblock outputclass="syntax javascript">player.addEventListener(AdobePSDK.PSDKEventType.DRM_METADATA_INFO_AVAILABLE, onDRMMetadataInfoAvaialble);</codeblock> 
		  </info> 
		</step> 
		<step id="step_A8AB70568B1F4FEDA3CA031C79174E51"> 
		  <cmd>Implement the 
			 <codeph>onDRMMetadataInfoAvailable</codeph> section above the line in
			 step 1. 
		  </cmd> 
		  <info> 
			 <codeblock outputclass="syntax javascript">var onDRMMetadataInfoAvaialble = function(event) {
	var drmMetadataInfo = event.drmMetadataInfo;
	var drmMetadata = null;

	if(drmMetadataInfo) {
		drmMetadata = drmMetadataInfo.drmMetadata;
	}

	drmManager.acquireLicense(drmMetadata, null, null);
};</codeblock> 
		  </info> 
		</step> 
		<step id="step_EAE93C8AF98F42BA9A9D267A3EFEB102"> 
		  <cmd>Create the DRMManager in the setupVideo method. 
		  </cmd> 
		  <info> 
			 <codeblock outputclass="syntax javascript">var drmManager = player.drmManager;</codeblock> 
		  </info> 
		</step> 
		<step id="step_E60F358D072F4FF68971004D2E5E0CEC"> 
		  <cmd>Create the protection data for Widevine and PlayReady by copying
			 the following sample: 
		  </cmd> 
		  <info> 
			 <codeblock outputclass="syntax javascript">var protectionData = {
  "com.widevine.alpha":{
    "serverURL":"https://wv.service.expressplay.com/hms/wv/rights/?
                 ExpressPlayToken=[YOUR_EXPRESSPLAY_TOKEN]" 
  },

  "com.microsoft.playready":{
    "serverURL":"http://pr.test.expressplay.com/playready/RightsManager.asmx?
                 ExpressPlayToken=[YOUR_EXPRESSPLAY_TOKEN]",
      "httpRequestHeaders":{
    }
  }
};</codeblock> 
		  </info> 
		</step> 
		<step id="step_5357D16B50A04085A121A87443695D98"> 
		  <cmd>Add the protection data to the drmManager. 
		  </cmd> 
		  <info> 
			 <codeblock outputclass="syntax javascript">drmManager.setProtectionData(protectionData);</codeblock> 
		  </info> 
		</step> 
		<step id="step_9A9571F75BFA494183F016BAA4856BC2"> 
		  <cmd>Change the resource URL to a DASH test stream. 
		  </cmd> 
		  <info> 
			 <p> 
				<note type="tip">Ensure that you update the resource type, because
				  this is now DASH. 
				</note> 
			 </p> 
			 <codeblock scale="50" outputclass="syntax javascript">var resourceUrl = "http://ptdemos.com/videos/dashdrm/stream.mpd";
var resourceType = AdobePSDK.MediaResourceType.DASH;</codeblock> 
		  </info> 
		</step> 
		<step id="step_34E3C646EC5D4CF9BD960CBF3CF821AD"> 
		  <cmd>Test your configuration. 
		  </cmd> 
		</step> 
	 </steps> 
  </taskbody> 
</task> 
