<?xml version="1.0"?>
<!DOCTYPE task PUBLIC "-//OASIS//DTD DITA Task//EN" "task.dtd">
<task id="t_psdk_ios_receiving-custom-hls-tag-notifications"> 
  <title>Add listeners for timed-metadata notifications</title> 
  <shortdesc>To receive notifications about tags in the manifest, listen for
			<codeph>AdobePSDK.TimedMetadataEvent</codeph>. </shortdesc> 
  <taskbody> 
	 <context id="context_3B4521CD723245EEBE3F0774C4CE9F31"> 
		<p>When a new <codeph>TimedMetadata</codeph> object is created, the MediaPlayer dispatches
					<codeph>AdobePSDK.TimedMetadataEvent</codeph>. </p> 
	 </context> 
	 <steps id="steps_2418B9D2FD5440698470BA104B1DED2F"> 
		<step id="step_B3D8B0893A9A4DABAD58E289FB0CC889"> 
		  <cmd>Implement the appropriate listeners. 
		  </cmd> 
		  <info> 
			 <codeblock outputclass="syntax javascript">function onTimedMetadataEvent(event) {
    var timedMetadata = event.timedMetadata;
    // process the timed metadata collection
    }
</codeblock> 
		  </info> 
		</step> 
		<step id="step_1BBB7AC72ADB496C86EA035F0AD3563D"> 
		  <cmd>Register the event listeners. 
		  </cmd> 
		  <stepxmp> 
			 <codeblock outputclass="syntax javascript">player.addEventListener(AdobePSDK.PSDKEventType.TIMED_METADATA_AVAILABLE, onTimedMetadataEvent);</codeblock> 
		  </stepxmp> 
		</step> 
	 </steps> 
	 <postreq id="postreq_A0930289849E4DF7B97AEDE012BF1F27">

		ID3 metadata is dispatched through the same 
		<codeph>Events.TimedMetadataEvent</codeph>. You can use the 
		<codeph>timedMetadata.type</codeph> property to distinguish between TAG
		and ID3. 
		<p> 
		</p> 
	 </postreq> 
  </taskbody> 
</task> 
