<?xml version="1.0" encoding="UTF-8"?>
<!DOCTYPE task PUBLIC "-//OASIS//DTD DITA Task//EN" "technicalContent/dtd/task.dtd">
<task id="t_psdk_android_set-up-error-handling"
 xmlns:ditaarch="http://dita.oasis-open.org/architecture/2005/"> 
  <title>Set up error handling</title> 
  <shortdesc>You can set up one place in your application to perform error
	 handling in response to the ERROR state. 
  </shortdesc> 
  <taskbody> 
	 <steps id="steps_1742AC8BA4834D4CA5226071D40C0EDE"> 
		<step id="step_4C54A18E16374D0C821972D2DF7EEE9B">
				<cmd>Add an event listener for
						<codeph>AdobePSDK.MediaPlayerStatusChangeEvent</codeph>. </cmd>
				<stepxmp>For example:
					<codeblock outputclass="syntax javascript">player.addEventListener(AdobePSDK.PSDKEventType.STATUS_CHANGED,
				                    onStatusChange);</codeblock>
				</stepxmp>
			</step> 
		<step id="step_D188DC960EBA46D2B2A264CBF954D4C7">
				<cmd>In your event listener, when the <codeph>event.status</codeph> is
						<codeph>AdobePSDK.MediaPlayerStatus.ERROR</codeph>, provide the logic to
					handle all errors. </cmd>
			</step> 
		<step id="step_CAFC29AA55A84517872585D277FFF2AC"> 
		  <cmd>After the error is handled, reset the 
			 <codeph>MediaPlayer</codeph> object or load a new media resource. 
		  </cmd> 
		  <info> 
			 <p>When the MediaPlayer object is in the ERROR state, it cannot exit
				this state until you complete one of the following tasks: 
			 <ul id="ul_81A4884D9C414EDA89B1E972E7D6466C"> 
				<li id="li_265F23CF8F824FFF87A3ECC36B2E5D0B">Reset the MediaPlayer
				  object by using the 
				  <codeph>MediaPlayer.reset</codeph> method. 
				</li> 
				<li id="li_2D30C62734FE4249A1E2B5041FCEC619">Load a new media
				  resource by using the 
				  <codeph>MediaPlayer.replaceCurrentResource</codeph> method. 
				</li> 
			 </ul> 
			 </p> 
		  </info> 
		</step> 
	 </steps> 
	 <example id="example_342CA5A8CD7C45BD88233C5BDBB17220"> 
		<p>For example:
				<codeblock outputclass="syntax javascript">player.addEventListener(AdobePSDK.PSDKEventType.STATUS_CHANGED, onStatusChange);
onStatusChange = function (event) {
    switch (event.status) {
        case AdobePSDK.MediaPlayerStatus.ERROR:
            //handle error
            break;
    }
}
</codeblock></p> 
	 </example> 
  </taskbody> 
</task> 
