<?xml version="1.0" encoding="UTF-8"?>
<!DOCTYPE task PUBLIC "-//OASIS//DTD DITA Task//EN" "technicalContent/dtd/task.dtd">
<task id="create-a-media-resource"
 xmlns:ditaarch="http://dita.oasis-open.org/architecture/2005/"> 
  <title>Create a media resource</title> 
  <shortdesc>The 
	 <codeph>MediaResource</codeph> class represents the content to be loaded by
	 the 
	 <codeph>MediaPlayer</codeph> instance. 
  </shortdesc> 
  <taskbody> 
	 <steps id="steps_025F4D36281845D0B01F37574668AD74"> 
		<step id="step_24793946D63F478E9CF9879DBAAC9821"> 
		  <cmd>Create a 
			 <codeph>MediaResource</codeph> by passing information about the media
			 to the 
			 <codeph>MediaResource</codeph> constructor. 
		  </cmd> 
		  <info> 
			 <table id="table_DD0D5D9129D54F73881399B9B4FF546A"> 
				<tgroup cols="2"><colspec colnum="1" colname="col1"
				  colwidth="1.00*"/><colspec colnum="2" colname="col2" colwidth="2.99*"/><thead> 
					 <row> 
						<entry colname="col1">Constructor Parameter 
						</entry> 
						<entry colname="col2">Description 
						</entry> 
					 </row></thead> 
				  <tbody> 
					 <row> 
						<entry colname="col1"> 
						  <p>url
						  </p> 
						</entry> 
						<entry colname="col2"> 
						  <p>A string that represents the URL of the
							 manifest/playlist of the media. 
						  </p> 
						</entry> 
					 </row> 
					 <row> 
						<entry colname="col1"> 
						  <p>type
						  </p> 
						</entry> 
						<entry colname="col2"> 
						  <p>One of the following members of the 
							 <codeph>MediaResource.Type</codeph> enumeration that
							 corresponds to the indicated file type: 
						  </p> 
						  <p> 
						  <ul id="ul_E9689FA06DC94BF4848F16E1F2F01A59"> 
							 <li
							  id="li_83A14B96CDC648C6AF6F5FA745343E1F"><codeph>MP4</codeph> - ISO base media
								file format (MP4) 
							 </li> 
							 <li
							  id="li_FCD355151515412D9A78C3815DD09129"><codeph>HLS</codeph> - M3U8 
							 </li> 
							 <li
							  id="li_9D3D306D49264830AC6EFB1F49524A3B"><codeph>DASH</codeph> - MPD 
							 </li> 
						  </ul> 
						  </p> 
						  <p/> 
						</entry> 
					 </row> 
					 <row> 
						<entry colname="col1"> 
						  <p>metadata 
						  </p> 
						</entry> 
						<entry colname="col2"> 
						  <p>An instance of the 
							 <codeph>Metadata</codeph> class, which might contain
							 custom information about the content to be loaded. Examples of content are
							 alternate or ad content to place inside the main content. If using advertising,
							 set up 
							 <codeph>AuditudeSettings</codeph> before using this
							 constructor. For more information, see 
							 <xref keyref="ad-insertion-metadata"/>. 
						  </p> 
						  <note type="tip">You can force Flash fallback, if
							 necessary, by using the 
							 <codeph>forceFlash</codeph> parameter when creating a
							 media resource. This can be useful because currently not all of the features
							 (such as Live Ad workflows) are supported in Browser TVSDK. Flash fallback is
							 used to play video content. 
						  </note> 
						</entry> 
					 </row> 
				  </tbody> 
				</tgroup> 
			 </table> 
			 <note type="important"> Browser TVSDK supports playback for only
				specific types of content. If you attempt to load any other type of content,
				Browser TVSDK dispatches an error event. 
			 </note> 
		  </info> 
		  <stepxmp> The following code creates a 
			 <codeph>MediaResource</codeph> instance: 
			 <p> 
				<codeblock outputclass="syntax javascript">//create a MediaResource instance pointing to some HLS content
Metadata metadata = //TODO: create metadata here
mediaResource = new AdobePSDK.MediaResource (
      "http://www.example.com/video/some-video.m3u8",
      AdobePSDK.MediaResourceType.HLS, 
      metadata);</codeblock> 
			 </p> 
			 <note type="tip">At any time after this, you can use 
				<codeph>MediaResource</codeph> accessors (getters) to examine the
				resource's type, URL, and metadata. 
			 </note> 
		  </stepxmp> 
		</step> 
		<step id="step_743874828C75404698DFD9A4FCF59445"> 
		  <cmd>Load the media resource by using the following: 
		  </cmd> 
		  <info> 
			 <ul id="ul_03979D6CAE5F4B57A7CE2608DE53F643"> 
				<li id="li_BA0504B4C4E14897A24491F3EAC191E7">Your MediaPlayer
				  instance. 
				  <p>For more information, see 
					 <xref keyref="media-resource-load"/>. 
				  </p> 
				</li> 
			 </ul> 
		  </info> 
		  <info> 
		  </info> 
		</step> 
	 </steps> 
  </taskbody> 
</task> 
