<?xml version="1.0"?>
<!DOCTYPE task PUBLIC "-//OASIS//DTD DITA Task//EN" "task.dtd">
<!-- Created with XMetaL (http://www.xmetal.com) -->
<task id="task_DF2562494CFB4B78962CFE1EFF3A1F53"> 
  <title>Cross-origin resource sharing </title> 
  <shortdesc>Support for the 
	 <codeph>withCredentials</codeph> attribute in 
	 <codeph>XMLHttpRequests</codeph> allows cross-origin resource sharing
	 (CORS) requests to include the target domain’s cookies for a variety of request
	 types. 
  </shortdesc> 
  <prolog> 
	 <metadata> 
		<keywords> 
		  <keyword>CORS</keyword> 
		  <keyword>cross origin</keyword> 
		  <keyword>resource sharing</keyword> 
		  <keyword>cookies</keyword> 
		  <keyword>withCredentials</keyword> 
		</keywords> </metadata>
  </prolog> 
  <taskbody> 
	 <context id="context_B1B7FCFE214E469EB823A11FA6CB9476"> 
		<p>When the client requests a manifest, segment, or key, the server may
		  set a cookie that the client must pass for subsequent requests. To allow for
		  reading and writing cookies, the client must set the 
		  <codeph>withCredentials</codeph> attribute to 
		  <codeph>true</codeph> for cross-origin requests. 
		</p> 
		<p>To enable 
		  <codeph>withCredentials</codeph> support for most types of requests
		  when playing a given media resource: 
		</p> 
	 </context> 
	 <steps id="steps_5677A9A748424CA5A910F789D9767C6C"> 
		<step id="step_6D3E1AD95CC64EB58FD0D1A9A40E3DF7"> 
		  <cmd>Create the 
			 <codeph>CORSConfig</codeph> object. 
		  </cmd> 
		  <info> 
			 <codeblock outputclass="syntax javascript">var corsConfig = new AdobePSDK.CORSConfig(); 
corsConfig.enableEncryptionRequest = true; </codeblock> 
		  </info> 
		</step> 
		<step id="step_E1A6C745C1C94AF7A30609DE8CEE0D4E"> 
		  <cmd>Attach the 
			 <codeph>corsConfig</codeph> to the 
			 <codeph>NetworkConfiguration</codeph> object and set 
			 <codeph>useCookieHeaderForAllRequests</codeph> to 
			 <codeph>true</codeph>. 
		  </cmd> 
		  <info> 
			 <codeblock outputclass="syntax javascript">var networkConfig = new AdobePSDK.NetworkConfiguration(); 
networkConfig.CORSConfig = corsConfig;
networkConfiguration.useCookieHeaderForAllRequests= true;</codeblock> 
		  </info> 
		</step> 
		<step id="step_6B2A26D91D1140E2A1D0F05362E0C06F"> 
		  <cmd>Set 
			 <codeph>networkConfig</codeph> in the 
			 <codeph>MediaPlayerItemConfig</codeph> object. 
		  </cmd> 
		  <info> 
			 <codeblock outputclass="syntax javascript">var mediaPlayerItemConfig = new AdobePSDK.MediaPlayerItemConfig(); 
mediaPlayerItemConfig.networkConfiguration = networkConfig; </codeblock> 
		  </info> 
		</step> 
		<step id="step_669122E4B81F46FE92DBF132E05C024D"> 
		  <cmd>Pass 
			 <codeph>MediaPlayerItemConfig</codeph> to the 
			 <codeph>MediaPlayer.replaceCurrentResource</codeph> method. 
		  </cmd> 
		  <info> 
			 <codeblock outputclass="syntax javascript">var player = new AdobePSDK.MediaPlayer();
mediaResource = new AdobePSDK.MediaResource(url, AdobePSDK.MediaResourceType.HLS); 

player.replaceCurrentResource(mediaResource, mediaPlayerItemConfig); 
</codeblock> 
		  </info> 
		</step> 
	 </steps> 
	 <result id="result_1064624460B64F56B19D9152FE52DB2F"> 
		<note type="important">The 
		  <codeph>useCookieHeaderForAllRequests</codeph> flag does not affect
		  license requests. To set the 
		  <codeph>withCredentials</codeph> attribute to 
		  <codeph>true</codeph> for a license request, you must set the 
		  <codeph>withCredentials</codeph> attribute in your protection data or
		  specify an authorization key in the 
		  <codeph>httpRequestHeaders</codeph> of your protection data. For
		  example: 
		  <p> 
			 <codeblock outputclass="syntax json"># Example 1
{
    "com.widevine.alpha": { 
        "withCredentials":true, 
        "serverURL": 
          "https://wv.service.expressplay.com/hms/wv/rights/?ExpressPlayToken=[ <i>YOUR_TOKEN</i> ]" }
}

# Example 2
{
    "com.widevine.alpha": {
        "httpRequestHeaders": { 
            "authorization": "true" 
            },
        "serverURL": 
          "https://wv.service.expressplay.com/hms/wv/rights/?ExpressPlayToken=[ <i>YOUR_TOKEN</i> ]"
        }
}</codeblock> 
		  </p> 
		  <p>The flag does not affect a license request because some servers set
			 the 
			 <codeph>Access-Control-Allow-Origin</codeph> field to wildcard ('*')
			 in their response. But, when the credentials flag is set to 
			 <codeph>true</codeph>, the wildcard cannot be used in 
			 <codeph>Access-Control-Allow-Origin</codeph>. If you set 
			 <codeph>useCookieHeaderForAllRequests</codeph> to 
			 <codeph>true</codeph> for all types of requests, you might see the
			 following error for a license request: 
			 <msgblock>"XMLHttpRequest cannot load http://[YOUR_REQUEST_URL]. 
A wildcard '*' cannot be used in the 'Access-Control-Allow-Origin' header when 
the credentials flag is true. Origin 'http://localhost:8090' is therefore not 
allowed access. The credentials mode of an XMLHttpRequest is controlled by the 
withCredentials attribute."</msgblock> 
		  </p> 
		</note> 
		<p>Remember the following information: 
		<ul id="ul_vnx_gcl_3y"> 
		  <li id="li_1D19B5DD119E439CB45CCC71B0E87916">When a call with 
			 <codeph>withCredentials=true</codeph> fails, Browser TVSDK retries
			 the call without 
			 <codeph>withCredentials</codeph>. 
		  </li> 
		  <li id="li_379AD9D30BE94FAA98E030DC3AD1A158">When a call is made with 
			 <codeph>networkConfiguration.useCookieHeaderForAllRequests=false</codeph>,
			 XHR requests are made without the 
			 <codeph>withCredentials</codeph> attribute. 
		  </li> 
		</ul> 
		</p> 
	 </result> 
  </taskbody> 
</task> 
