<?xml version="1.0" encoding="UTF-8"?>
<!DOCTYPE task PUBLIC "-//OASIS//DTD DITA Task//EN" "technicalContent/dtd/task.dtd"[
  <!-- Begin Document Specific Declarations -->
  <!-- End Document Specific Declarations -->
]>
<task id="t_psdk_set-closed-captions-styles"
 xmlns:ditaarch="http://dita.oasis-open.org/architecture/2005/"> 
  <title>Set closed-caption styles</title> 
  <shortdesc>You can set the format, such as font, size, color, edge, and
	 opacity for closed-caption text. 
  </shortdesc> 
  <taskbody> 
	 <steps id="steps_4934831449BA4ED29E036F761373FD8B"> 
		<step id="step_3F06E01D84D345A4AEA7301D8E534FCD"> 
		  <cmd>Wait for the 
			 <codeph>MediaPlayer</codeph> to be at least in the PREPARED state. 
		  </cmd> 
		  <info>For more information about the states, see 
			 <xref keyref="ui-state-prepared-wait-for"/>. 
		  </info> 
		</step> 
		<step id="step_CDE89A931A444F3F9D2FC1CAF588FA60"> 
		  <cmd>Create a 
			 <codeph>TextFormat</codeph> instance.
		  </cmd> 
		  <info> 
			 <p>You can provide all the closed-caption styling parameters now or
				set them later. 
			 </p> 
			 <codeblock outputclass="syntax javascript">new TextFormat(
    font,  
    fontColor, 
    edgeColor,  
    fontEdge, 
    backgroundColor,  
    fillColor, 
    size,  
    fontOpacity,  
    backgroundOpacity, 
    fillOpacity,
    bottomInset
    safeArea) → {AdobePSDK.TextFormat}</codeblock> 
		  </info> 
		</step> 
		<step id="step_F4FAA6CE8BFA43A4ADB068DE4C18FA7A"> 
		  <cmd>(Optional) Get the current closed-caption style settings with 
			 <codeph>MediaPlayer.ccStyle</codeph>. 
		  </cmd> 
		  <info> 
			 <p> The return value is an instance of the 
				<codeph>TextFormat</codeph> interface. 
			 </p> 
			 <p>If no style was previously set, it returns a TextFormat object
				with default values for each attribute: 
				<codeblock outputclass="syntax javascript">ccStyle :AdobePSDK.TextFormat</codeblock> 
			 </p> 
		  </info> 
		</step> 
		<step id="step_27047D5AB1B44D40BDA9C75038FF4D6D"> 
		  <cmd>To change the style settings, use 
			 <codeph>MediaPlayer.ccStyle</codeph>, passing an instance of the 
			 <codeph>TextFormat</codeph> interface. 
		  </cmd> 
		  <info>You can use this method even if the current media stream has no
			 closed captions. 
			 <codeblock outputclass="syntax javascript">ccStyle :AdobePSDK.TextFormat </codeblock>
			 <p> 
				<note type="tip">Setting the closed-caption style is asynchronous,
				  so it might take a few seconds for the changes to appear on the screen. 
				</note> 
			 </p> 
		  </info> 
		</step> 
	 </steps> 
  </taskbody> 
</task> 
