<?xml version="1.0" encoding="UTF-8"?>
<!DOCTYPE task PUBLIC "-//OASIS//DTD DITA Task//EN" "task.dtd">
<task id="t_psdk_html5_1.2-handle-clickable-ads">
    <title>Handle Clickable Ads</title>
    <shortdesc>The MediaPlayer provides a <codeph>notifyClick()</codeph> function that dispatches
        ad-related events when a clickable ad is playing. These events provide ad and ad break
        information that your app can use to provide click-through functionality.</shortdesc>
    <taskbody>
        <context>
            <p>The MediaPlayer fires the following events when a clickable ad plays:<ul
                    id="ul_nxn_qw1_xx">
                    <li><codeph>AdobePSDK.PSDKEventType.AD_STARTED</codeph></li>
                    <li><codeph>AdobePSDK.PSDKEventType.AD_CLICKED</codeph></li>
                    <li><codeph>AdobePSDK.PSDKEventType.AD_COMPLETED</codeph></li>
                </ul>The <codeph>AdClickedEvent</codeph> contains the information necessary to
                process the click-through function.</p>
        </context>
        <steps>
            <step>
                <cmd>Provide a control in your player for users to click on clickable ads.</cmd>
                <info>This could be a button or any other element for capturing the user's
                    click.</info>
            </step>
            <step>
                <cmd>Add an event listener for the user's ad click event.</cmd>
                <info>For example:
                    <codeblock>document.getElementById([<i>your_click_control_id</i>]).addEventListener("click", onAdClick);
</codeblock></info>
            </step>
            <step>
                <cmd>Add a handler for the user's click event.</cmd>
                <info>This handler needs to prompt the MediaPlayer to fire the
                        <codeph>AdClicked</codeph>
                    event.<codeblock>onAdClick = function (event) {
    // Get a reference to your player
    var player = getPlayer();
    if (player) {
        // Call the MediaPlayer's notifyClick function
        // which gets MediaPlayer to fire AdClicked
        player.notifyClick();
    }
}
</codeblock></info>
            </step>
            <step>
                <cmd>Add event listeners for the MediaPlayer ad start, ad clicked, and ad completed
                    notifications.</cmd>
                <info>
                    <codeblock>[<i>your_player</i>]().addEventListener(AdobePSDK.PSDKEventType.AD_STARTED, onAdStarted);
[<i>your_player</i>]().addEventListener(AdobePSDK.PSDKEventType.AD_COMPLETED, onAdCompleted);
[<i>your_player</i>]().addEventListener(AdobePSDK.PSDKEventType.AD_CLICKED, onAdClickedEvent);</codeblock>
                </info>
            </step>
            <step>
                <cmd>Add event handlers. </cmd>
                <substeps id="substeps_yjj_wy1_xx">
                    <substep>
                        <cmd>Handle the ad start event.</cmd>
                        <info>This could do anything, such as setting up UI for the
                            user.<codeblock>onAdStarted = function (event) {
    if (clickAddButton &amp;&amp; event &amp;&amp; event.ad) {
        var adClick = event.ad.primaryAsset &amp;&amp; event.ad.primaryAsset.adClick;
        if (adClick &amp;&amp; adClick.isValid) {
            // Do some initial processing 
            // when the ad starts, prior
            // to the user's click.
        }
    }
}</codeblock></info>
                    </substep>
                    <substep>
                        <cmd>Handle the ad clicked event.</cmd>
                        <info>In this example, we obtain ad information from the event and open a
                            new browser window using that
                            information:<codeblock>onAdClickedEvent = function (event) {
    if (event &amp;&amp; event.ad) {
        var adClick = event.adClick;
        if (!(adClick &amp;&amp; adClick.isValid)) {
            adClick = event.ad.primaryAsset &amp;&amp; event.ad.primaryAsset.adClick;
        }
        if (adClick &amp;&amp; adClick.isValid)
        {
            // Do something with the currently playing ad
            window.open(adClick.url);
        }
    }
}</codeblock></info>
                    </substep>
                    <substep>
                        <cmd>Handle the ad completed event.</cmd>
                        <info>
                            <codeblock>onAdCompleted = function (event) {
    if (clickAddButton) {
        clickAddButton.setAttribute('hidden', 'true');
    }
}</codeblock>
                        </info>
                    </substep>
                </substeps>
            </step>
        </steps>
    </taskbody>
</task>
