<?xml version="1.0"?>
<!DOCTYPE task PUBLIC "-//OASIS//DTD DITA Task//EN" "task.dtd">
<task id="task_trick_play_implement"> 
  <title>Implement fast forward and rewind</title> 
  <shortdesc>When users fast forward or fast rewind through the media, they are
	 in the 
	 <term>trick play</term> mode. To enter trick play mode, you need to set the
	 
	 <codeph>MediaPlayer</codeph> playback rate to a value other than 1. 
  </shortdesc> 
  <taskbody> 
	 <context id="context_95877D761D324FBCB5867D52828CF96C"> 
		<note type="important"> 
		  <ul id="ul_ACB1C103E836440E9F9F62FCFE28B756"> 
			 <li id="li_90C215168849404CB6B6F256681F8EA2">Trick play mode is
				supported only for MPEG Dash and HLS VOD content. 
			 </li> 
			 <li id="li_1285A800955D4B7DBBA467E658D0E16F">Trick play mode is not
				supported for live streams or ads. 
			 </li> 
			 <li id="li_7BA384194C0B418EBD08AE505C754A12">When switching from main
				content to an ad, Browser TVSDK leaves trick play mode. 
			 </li> 
		  </ul> 
		</note> 
		<p>To switch the speed, you must set one value. 
		</p> 
	 </context> 
	 <steps id="steps_2F6B39DEDAC14B139C8CBC7BE32A0E9A"> 
		<step id="step_684C22AA677245EFB9D8ABDA2655D4F2"> 
		  <cmd>Move from normal play mode (1x) to trick play mode by setting the
			 rate on the 
			 <codeph>MediaPlayer</codeph> to an allowed value. 
		  </cmd> 
		  <info> 
			 <ul id="ul_F1CF8A8A656B4FD385EAC13CA46E6158"> 
				<li id="li_A181DBF1E7CA4F73BDA0F312E022700E">The 
				  <codeph>MediaPlayerItem</codeph> class defines the allowed
				  playback rates. 
				</li> 
				<li id="li_3A7BE5908C124396BDE6940ECE03C196">Browser TVSDK selects
				  the closest allowed rate if the specified rate is not allowed. 
				</li> 
			 </ul> 
			 <p>The following example function sets the rate: 
				<codeblock outputclass="syntax javascript">setTrickPlayRate = function (player, trickPlayRate) {
              player.rate = trickPlayRate;
}</codeblock> 
			 </p> 
			 <p>The following example function can be used to query the available
				playback rates: 
				<codeblock outputclass="syntax javascript">getAvailableTrickPlayRates = function (player) {
		       var item = player.currentItem;
         var availableRates = item. availablePlaybackRates;
         return availableRates;
}
</codeblock> 
			 </p> 
		  </info> 
		</step> 
		<step id="step_8D8EB8BEC5204910BDAF6375428AC9AD"> 
		  <cmd>You can optionally listen for rate-change events, which let you
			 know when you requested a rate change and when a rate change actually happens. 
		  </cmd> 
		  <info> 
			 <p> Browser TVSDK dispatches the following events related to trick
				play: 
			 <ul id="ul_BF2FD8D3775F44F09D9C302EF43E50B2"> 
				<li
				 id="li_7B46D406A3204E469E0B5F8086866C2A"><codeph>AdobePSDK.PSDKEventType.RATE_SELECTED</codeph>
				  when the 
				  <codeph>rate</codeph> value changes to a different value. 
				</li> 
				<li
				 id="li_1D78616C3484466A860D7B9FEC4A77BE"><codeph>AdobePSDK.PSDKEventType.RATE_PLAYING</codeph>
				  when playback resumes at the selected rate. 
				</li> 
			 </ul>Browser TVSDK dispatches both of these events when the player
			 returns from trick-play mode to normal play mode. 
			 </p> 
		  </info> 
		</step> 
	 </steps> 
  </taskbody> 
  <task id="task_BC13A51C574340DB99DF88A9E82AAFFF"> 
	 <title>Rate-change API elements</title> 
	 <shortdesc>Browser TVSDK includes methods, properties, and events to
		determine valid rates, current rates, whether trick play is supported, and
		other functionality related to fast forward and rewind. 
	 </shortdesc> 
	 <taskbody> 
		<context id="context_43B89F948D634FE3800D0237E0BA1568"> 
		  <p>Use the following API elements to change play rates: 
		  </p> 
		  <ul id="ul_57927A021525487A8BFAA94297BF387D"> 
			 <li id="li_E6CD8F0B25114208BEFE4897F30FEDE7"> 
				<codeph>MediaPlayer.rate</codeph> 
			 </li> 
			 <li
			  id="li_A17CEDDF8E0A4BED9DCC8F29FB525F4B"><codeph>PlaybackRateEvent.rate</codeph>
				
			 </li> 
			 <li id="li_36F7A78F522D42F3A3C95ADDF1D5E32D"> 
				<codeph>MediaPlayerItem.istrickPlaySupported</codeph> 
			 </li> 
			 <li id="li_C0C85F8E9A034EB5BA511B6722A6F84E"> 
				<codeph>MediaPlayerItem.availablePlaybackRates</codeph> - specifies
				valid rates. 
				<p> 
				<table id="table_116AB065BF23492D95B06A0FFD6AAFB1"> 
				  <tgroup cols="2"> 
					 <colspec colnum="1" colname="col1" colwidth="1.12*"/> 
					 <colspec colnum="2" colname="col2" colwidth="1.00*"/> 
					 <thead> 
						<row> 
						  <entry colname="col1">Rate value 
						  </entry> 
						  <entry colname="col2">Effect on playback 
						  </entry> 
						</row> 
					 </thead> 
					 <tbody> 
						<row> 
						  <entry colname="col1"> 2.0, 4.0, 8.0, 16.0, 32.0, 64.0 
						  </entry> 
						  <entry colname="col2">Switches to fast-forward mode with
							 the specified multiplier faster than normal (for example, 4 is 4 times faster
							 than normal) 
						  </entry> 
						</row> 
						<row> 
						  <entry colname="col1">-2.0, -4.0, -8.0, -16.0, –32.0, -64.0
							 
						  </entry> 
						  <entry colname="col2">Switches to fast-rewind mode 
						  </entry> 
						</row> 
						<row> 
						  <entry colname="col1"> 1.0 
						  </entry> 
						  <entry colname="col2">Switches to normal play mode (calling
							 
							 <codeph>play</codeph> is the same as setting the rate
							 property to 1.0) 
						  </entry> 
						</row> 
						<row> 
						  <entry colname="col1">0.0 
						  </entry> 
						  <entry colname="col2"> Pauses (calling 
							 <codeph>pause</codeph> is the same as setting the rate
							 property to 0.0) 
						  </entry> 
						</row> 
					 </tbody> 
				  </tgroup> 
				</table> 
				</p> 
			 </li> 
		  </ul> 
		</context> 
	 </taskbody> 
  </task> 
  <task id="task_29613CC3375A4D9BB2565730478ADE5C"> 
	 <title>Limitations and behavior for trick play</title> 
	 <shortdesc>There are some limitations and some issues in the way trick play
		mode behaves. 
	 </shortdesc> 
	 <taskbody> 
		<context id="context_A58071A1EDCD498E82CEFDC322FD6199"> 
		  <p>Here is a list of the trick-play mode limitations: 
		  </p> 
		  <ul id="ul_46588EC25FDA4B1381051AE2411FE701"> 
			 <li id="li_E4C6BB8D37E342ABA0AA4F145D7C0816">If the stream does not
				contain a trick play adaptation, fast rewind is disabled, and maximum play rate
				for fast forward is limited to 8. 
			 </li> 
			 <li id="li_003FCF1BC62D477A8C3F270ACF69C291">When trick play
				adaptations are used to provide the trick mode, the audio track is disabled. 
			 </li> 
			 <li id="li_272C03C4921B4BAA9617F52D851E0530">In trick play mode, the
				switching of audio and closed captions tracks is disabled. 
			 </li> 
			 <li id="li_DC88FE31C4CF4457928ADEAB2D446CD4">Play and pause are
				enabled. 
			 </li> 
			 <li id="li_3A4A2C22435E43CEAADE42A791632128">On seek, if playback is
				in trick play mode, playback rate is set to 1 and normal playback resumes. 
			 </li> 
			 <li id="li_FA10DA7D49774E5A94FDB32CD5D907CF">The adaptive bit rate
				(ABR) logic is enabled. 
				<p>When using normal adaptations the profiles are restricted
				  between 
				  <codeph>ABRControlParameters.minBitRate</codeph> and 
				  <codeph>ABRControlParameters.maxBitRate</codeph>. When using
				  trick play adaptations, the profiles are restricted between 
				  <codeph>ABRControlParameters.minTrickPlayBitRate</codeph> and 
				  <codeph>ABRControlParameters.maxTrickPlayBitRate</codeph>. 
				</p> 
			 </li> 
		  </ul> 
		</context> 
	 </taskbody> 
  </task> 
</task> 
