<?xml version="1.0" encoding="UTF-8"?>
<!DOCTYPE task PUBLIC "-//OASIS//DTD DITA Task//EN" "technicalContent/dtd/task.dtd">
<task id="timeline-update-listeners"
 xmlns:ditaarch="http://dita.oasis-open.org/architecture/2005/"> 
  <title>Add listeners for TimelineUpdatedEvent</title> 
  <shortdesc>To receive notifications about timeline updates, register the
	 appropriate event listeners. 
  </shortdesc> 
  <taskbody>
	 <context id="context_9AE39131696C4AED9B974F30A1FD98E4">Each time the timeline updates, the
				<codeph>MediaPlayer</codeph> dispatches <codeph>AdobePSDK.TimelineEvent</codeph>
			with type <codeph>AdobePSDK.PSDKEventType.TIMELINE_UPDATED</codeph>. </context> 
	 <steps id="steps_8BDF9342736F4915A63035A7AE7E6032"> 
		<step id="step_9018CB98F9324648B681042DE8362EBE"> 
		  <cmd>Implement the appropriate listeners.
		  </cmd> 
		  <stepxmp>
			 <codeblock outputclass="syntax javascript">function onTimelineUpdatedEvent(event) {
    var timelineMarkers = event.timeline.timelineMarkers;
    //add code to remove old timeline markers from scrub-bar.
    var range = player.playbackRange;
    //iterate through the list of timelineMarkers
    for(var i = 0; i &lt; timelineMarkers.length; i++)
    {
        var markerLocalTime = timelineMarkers[i].localRange.begin;
        var markerVirtualTime = timelineMarkers[i].virtualRange.begin;
        var duration = timelineMarkers[i].duration;
   	 // add code to draw a particular marker on scrub-bar
    }     
}</codeblock>
		  </stepxmp> 
		</step> 
		<step id="step_1A1A3959A1CD45128D847BBCAEDD6730"> 
		  <cmd>Register the event listeners.
		  </cmd> 
		  <stepxmp>
			 <codeblock outputclass="syntax javascript">player.addEventListener(AdobePSDK.PSDKEventType.TIMELINE_UPDATED, 
    onTimelineUpdatedEvent);</codeblock>
		  </stepxmp> 
		</step> 
	 </steps> 
  </taskbody> 
</task> 
