<?xml version="1.0" encoding="UTF-8"?>
<!DOCTYPE task PUBLIC "-//OASIS//DTD DITA Task//EN" "technicalContent/dtd/task.dtd">
<task id="t_psdk_android_identify-content-live-vod"
 xmlns:ditaarch="http://dita.oasis-open.org/architecture/2005/"> 
  <title>Identify whether the content is live or VOD</title> 
  <shortdesc>You might need to know whether the media content is live or VOD. 
  </shortdesc> 
  <taskbody> 
	 <steps id="steps_5ED827CEACB540D7B61DADBF51D3AF56"> 
		<step id="step_68A1DA95BAFC4954B3B91B558E3DBF8D"> 
		  <cmd>Wait for Browser TVSDK to trigger an 
			 <codeph>AdobePSDK.PSDKEventType.STATUS_CHANGED</codeph> event with an
			 
			 <codeph>event.status</codeph> of 
			 <codeph>AdobePSDK.MediaPlayerStatus.PREPARED</codeph>. 
		  </cmd> 
		  <info>This step ensures that the media resource has successfully
			 loaded. 
			 <note type="important">If Browser TVSDK is not in at least the 
				<codeph>PREPARED</codeph> state, attempting to call the following
				methods throws an 
				<codeph>IllegalStateException</codeph>. 
			 </note> 
		  </info> 
		</step> 
		<step id="step_A275BD92CCAA412CACE5F007C9FD2BF0"> 
		  <cmd>Read 
			 <codeph>live</codeph> from the 
			 <codeph>MediaPlayerItem</codeph> interface: 
		  </cmd> 
		  <info> 
			 <codeblock outputclass="syntax javascript">player.currentItem.live</codeblock> 
		  </info> 
		</step> 
	 </steps> 
  </taskbody> 
</task> 
