<?xml version="1.0" encoding="UTF-8"?>
<!DOCTYPE task PUBLIC "-//OASIS//DTD DITA Task//EN" "technicalContent/dtd/task.dtd">
<task id="state_prepared_wait"
 xmlns:ditaarch="http://dita.oasis-open.org/architecture/2005/"> 
  <title>Wait for a valid state</title> 
  <shortdesc>Before you can use most of the Browser TVSDK player methods, the
	 player must be in a valid state. 
  </shortdesc> 
  <taskbody> 
	 <context id="context_0DF521BAD4934F90B4024F1C52E72CD7"> The player moves
		through various states. Waiting for the player to be in the correct state
		ensures that the media resource has successfully loaded. If the player is not
		in at least the required state, many player methods throw 
		<codeph>IllegalStateException</codeph>. 
		<p>The required state is usually PREPARED.
		</p> 
	 </context> 
	 <steps id="steps_EC7C86CEDB25474E98430AF074FE4876"> 
		<step id="step_A34D85B52584477FAC51E84C0AD2847C"> 
		  <cmd>To confirm that the state is PREPARED: 
		  </cmd> 
		  <info> 
			 <p>When the player is initializing, wait for Browser TVSDK to
				dispatch the 
				<codeph>AdobePSDK.MediaPlayerStatusChangeEvent</codeph> event with
				an 
				<codeph>event.status</codeph> of 
				<codeph>MediaPlayerStatus.PREPARED</codeph>.
			 </p> 
			 <p>To check whether the current state of the MediaPlayer object is at
				least PREPARED. 
				<codeblock>&lt;readonly&gt; status :AdobePSDK.MediaPlayerStatus</codeblock> 
			 </p> 
		  </info> 
		</step> 
	 </steps> 
  </taskbody> 
</task> 
