<?xml version="1.0" encoding="UTF-8"?>
<!DOCTYPE concept PUBLIC "-//OASIS//DTD DITA Concept//EN" "technicalContent/dtd/concept.dtd">
<concept id="c_psdk_android_failover-ad-insertion-phase"
 xmlns:ditaarch="http://dita.oasis-open.org/architecture/2005/"> 
  <title>Ad-insertion phase</title> 
  <shortdesc> 
	 TVSDK inserts the alternate content
	 (ads) into the timeline that corresponds to the main content. 
  </shortdesc> 
  <conbody> 
	 <p>When the ad-resolving phase is complete, 
		TVSDK has an ordered list of ad
		resources that are grouped into ad breaks. Each ad break is positioned on the
		main content timeline using a start-time value that is expressed in
		milliseconds (ms). Each ad in an ad break has a duration property that is also
		expressed in ms. The ads in an ad break are chained together one after another.
		As a result, the duration of an ad break is equal to the sum of the durations
		of the individual composing ads. 
	 </p> 
	 <p>Failover can occur in this phase with conflicts that might occur on the
		timeline during ad insertion. For specific combinations of ad break
		start-time/duration values, ad segments might overlap. The overlap occurs when
		the last portion of an ad break intersects the beginning of the first ad in the
		next ad break. In these situations, 
		TVSDK discards the later ad break
		and continues the ad-insertion process with the next item on the list until all
		ad breaks are inserted or discarded. 
	 </p> 
	 <p> 
		TVSDK issues a warning
		notification about the error and continues processing. 
	 </p> 
  </conbody> 
</concept> 
