<?xml version="1.0"?>
<!DOCTYPE concept PUBLIC "-//OASIS//DTD DITA Concept//EN" "concept.dtd">
<concept id="concept_playback_custom_elements"> 
  <title>API elements for ad playback</title> 
  <shortdesc>TVSDK provides classes and methods you can use to customize the
	 playback behavior of content that contains advertising. 
  </shortdesc> 
  <conbody> 
	 <p>The following API elements are useful for customizing playback: 
	 <table id="table_B07E373B9D2B425AB36466B1D42411AD"> 
		<tgroup cols="2"> 
		  <colspec colnum="1" colname="col1" colwidth="1*"/> 
		  <colspec colnum="2" colname="col2" colwidth="2*"/> 
		  <thead> 
			 <row> 
				<entry colname="col1">API element 
				</entry> 
				<entry colname="col2"> Content that supports advertising 
				</entry> 
			 </row> 
		  </thead> 
		  <tbody> 
			 <row> 
				<entry colname="col1"><codeph>AdvertisingMetadata</codeph>
				</entry> 
				<entry colname="col2">Control whether an ad break should be marked
				  as having been watched by a viewer, and if yes, when to mark it. Set and get
				  the watched policy using 
				  <codeph>setAdBreakAsWatched</codeph> and 
				  <codeph>getAdBreakAsWatched</codeph>. 
				</entry> 
			 </row> 
			 <row> 
				<entry colname="col1"><codeph>AdBreakPolicy</codeph>
				</entry> 
				<entry colname="col2">Enumerates possible playback policies for ad
				  breaks. 
				</entry> 
			 </row> 
			 <row> 
				<entry colname="col1"><codeph>AdPolicy</codeph>
				</entry> 
				<entry colname="col2">Enumerates possible playback policies for
				  ads. 
				</entry> 
			 </row> 
			 <row> 
				<entry colname="col1"><codeph>AdPolicySelector</codeph> 
				</entry> 
				<entry colname="col2">Interface that allows customization of TVSDK
				  ad behavior. 
				</entry> 
			 </row> 
			 <row> 
				<entry colname="col1"><codeph>DefaultAdPolicySelector</codeph>
				</entry> 
				<entry colname="col2">Class that implements the default TVSDK
				  behavior. Your application can override this class to customize the default
				  behaviors without implementing the complete interface. 
				</entry> 
			 </row> 
			 <row> 
				<entry colname="col1"><codeph>MediaPlayer</codeph>
				</entry> 
				<entry colname="col2"> 
				  <ul id="ul_37700A741403448A8760FDDA68B099AA"> 
					 <li
					  id="li_B465170D449E49489C5924572BEEB4A5"><codeph>getLocalTime</codeph>. 
						<p>This is the local time of the playback, excluding the
						  placed ad breaks. 
						</p> 
					 </li> 
					 <li
					  id="li_D9D68CF428904BB2B84E1BCE828A90DC"><codeph>seekToLocal</codeph>. 
						<p>Here, the seek occurs relative to a local time in the
						  stream. 
						</p> 
					 </li> 
					 <li
					  id="li_9DBCA75537DC4824AA66B53A3FA28812"><codeph>getTimeline.convertToLocalTime</codeph>.
						
						<p>The virtual position on the timeline is converted to the
						  local position. 
						</p>
					 </li> 
				  </ul> 
				  <note type="important"> 
					 <codeph>getLocalTime</codeph> in 
					 <codeph>MediaPlayer</codeph> returns the current time relative
					 to the original content, without dynamically spliced ads. 
					 <codeph>getLocalTime</codeph> in 
					 <codeph>AdBreak</codeph> returns the start time of the break
					 relative to the original content. 
				  </note> 
				</entry> 
			 </row> 
			 <row> 
				<entry colname="col1"><codeph>AdBreak</codeph>
				</entry> 
				<entry colname="col2"><codeph>isWatched</codeph> property.
				  Indicates whether the viewer has watched the ad. 
				</entry> 
			 </row> 
		  </tbody> 
		</tgroup> 
	 </table> 
	 </p> 
  </conbody> 
</concept> 
