<?xml version="1.0" encoding="UTF-8"?>
<!DOCTYPE concept PUBLIC "-//OASIS//DTD DITA Concept//EN" "concept.dtd">
<concept id="c_psdk_content-resolvers-for-ad-deletion-android"> 
  <title>Content resolvers for ad deletion / replacement</title> 
  <shortdesc>You can use multiple content resolvers to handle different timeline
	 operations.
  </shortdesc> 
  <conbody> 
	 <p> 
		<codeblock   outputclass="syntax java">List&lt;ContentResolver&gt; contentResolvers = new ArrayList&lt;ContentResolver&gt;();
MetadataNode metadata = (MetadataNode) resource.getMetadata();
if (metadata != null) {
    if (metadata.containsKey(DefaultMetadataKeys.TIME_RANGES_METADATA_KEY.getValue())) {
        String timeRangeType = metadata.getValue(DefaultMetadataKeys.TIME_RANGES_METADATA_KEY.getValue());
        if (timeRangeType.equals(TimeRangeCollection.TIME_RANGE_TYPE_DELETE)) {
            contentResolvers.add(new DeleteContentResolver());
        } else if (timeRangeType.equals(TimeRangeCollection.TIME_RANGE_TYPE_REPLACE)) {
            contentResolvers.add(new DeleteContentResolver());
        } else if (timeRangeType.equals(TimeRangeCollection.TIME_RANGE_TYPE_MARK)) {
            contentResolvers.add(new CustomAdMarkersContentResolver());
        }
    }
    if (metadata.containsKey(DefaultMetadataKeys.AUDITUDE_METADATA_KEY.getValue())) {
        contentResolvers.add(new AuditudeResolver(context));
    } else if (metadata.containsKey(DefaultMetadataKeys.JSON_METADATA_KEY.getValue())) {
        contentResolvers.add(new MetadataResolver());
    }
}
return contentResolvers;</codeblock>
 
	 </p> 
  </conbody> 
</concept> 
