<?xml version="1.0"?>
<!DOCTYPE concept PUBLIC "-//OASIS//DTD DITA Concept//EN" "concept.dtd">
<concept id="concept_086644D8F18B4449AFA050284422A14F"> 
  <title>VPAID 2.0 ad support</title> 
  <shortdesc>Video Player Ad-Serving Interface Definition (VPAID) 2.0 provides
	 a common interface to play video ads. It provides a rich media experience for
	 users and allows publishers to better target ads, track ad impressions, and
	 monetize video content. 
  </shortdesc> 
  <conbody> 
	 <p>The following features are supported: 
	 <ul id="ul_8804461F81754CBFBB5AE8E47A8FEE4C"> 
		<li id="li_3786564D7F8245BEBB464992B5C40BFB">Version 2.0 of the VPAID specification <p>For more
						information, refer to <xref
							href="http://www.iab.com/wp-content/uploads/2015/06/VPAID_2_0_Final_04-10-2012.pdf"
							format="pdf" scope="external">IAB VPAID 2.0</xref>. </p>
				</li> 
		<li id="li_407E9DA530894F52831582D700E731D1">Linear VPAID ads on
		  video-on-demand (VOD) content 
		</li> 
		<li id="li_E573C0D1DAF64ED4B4EE7266DCC20F72">JavaScript VPAID ads <p>VPAID ads must be
						JavaScript-based, and the ad response must identify the media type of the
						VPAID ad as <codeph>application/javascript</codeph>. </p></li> 
	 </ul> 
	 </p> 
	 <p>The following features are not supported: <ul id="ul_110154247AAF444A9142F2D658906EE9">
				<li id="li_AD97D963CCED467CB7C969FE89018DC3">Version 1.0 of the VPAID specification </li>
				<li id="li_BB1A582088034EEBAAD6443CDE692D33">Skippable ads </li>
				<li id="li_06D6FA026C54409B982B9ABAA480833D">Nonlinear ads such as overlay ads,
					dynamic companion ads, minimizable ads, collapsible ads, and expandable ads </li>
				<li id="li_B5B3B822A3804E9B83CB038B41BA5BC4">Preloading VPAID ads </li>
				<li id="li_1C515D3FF23D48B9B597339992511938">VPAID ads in live content </li>
				<li id="li_33AA8D061BCE42CEBBC594FE5EF03EA8">Flash VPAID ads </li>
			</ul></p> 
	 <section id="section_D62F3E059C6C493592D34534B0BFC150"
	  > 
		<title>API Changes</title> 
		<p>The following changes were made to the API: <ul id="ul_57D5D0374C6343E68BEB95BA1919D9A2">
					<li id="li_2385325AA2774E47A193F1DFE827DE03"> A <codeph>getCustomAdView</codeph>
						function has been added in <codeph>MediaPlayer</codeph> and returns the web
						view that renders the VPAID ad. <p>For more information about the
								<codeph>CustomAdView</codeph> object that is returned by this
							function, see <xref
								href="http://help.adobe.com/en_US/primetime/api/psdk/javadoc_1.4/index.html"
								format="html" scope="external">API References</xref>. </p>
					</li>
					<li id="li_A13CF705ADF6423DA9D95AE2A448903E">A <codeph>CUSTOM_AD</codeph> event
						is dispatched from the media player instance. <p>The application can
							register an event callback by implementing
								<codeph>CustomAdEventListener</codeph>. </p>
					</li>
					<li id="li_37B24F04EC5444CDB7FA73DA01573CE2"
							><codeph>MediaPlayer.setCustomAdTimeout(int milliseconds)</codeph>
						allows you to change the default timeout on the VPAID loading process.
							<p>The default timeout value is 10 seconds. </p>
					</li>
				</ul></p> 
	 </section> 
	 <section id="section_495700E1C5404A7B85307A4137C740C5"
	  > 
		<p>While the VPAID ad is playing: 
		<ul id="ul_8FCEA268E9A641EF9C9EE537A817F6A5"> 
		  <li id="li_FD2C50898BC043178CA931D58332AA8D">The VPAID ad is displayed
			 in a view container above the player view, so the code that relies on taps by
			 users on the player view does not work. 
		  </li> 
		  <li id="li_1ACFAA846FDF4916A670C13E4EC42CD8">The main content player is
			 paused, and calls to 
			 <codeph>pause</codeph> and 
			 <codeph>play</codeph> on the player instance are used to pause and
			 resume the VPAID ad. 
		  </li> 
		  <li id="li_C180B54FC41341C2AB8207BB3197FAD3">VPAID ads do not have a predefined duration,
						because the ad can be interactive. <p>The ad duration and total ad break
							duration that are defined by the ad server response might not be
							accurate. </p></li> 
		</ul> 
		</p> 
	 </section> 
  </conbody> 
</concept> 
