<?xml version="1.0"?>
<!DOCTYPE concept PUBLIC "-//OASIS//DTD DITA Concept//EN" "concept.dtd">
<concept id="c_psdk_suberrors-for-drm-ave"> 
  <title>Details for the NATIVE_ERROR notification</title> 
  <conbody> 
	 <p>When 
		<ph conkeyref="phrases/primetime-sdk-name"/> handles a native error, it
		sets some or all of the following metadata key values. 
	 <table id="table_86A21619515B435DBB65DC4DFBB64B29"> 
		<tgroup cols="2"> 
		  <colspec colnum="1" colname="col1" colwidth="1.00*"/> 
		  <colspec colnum="2" colname="col2" colwidth="2.27*"/> 
		  <thead> 
			 <row> 
				<entry colname="col1">Metadata key name 
				</entry> 
				<entry colname="col2">Metadata value 
				</entry> 
			 </row> 
		  </thead> 
		  <tbody> 
			 <row> 
				<entry colname="col1"><codeph>NATIVE_ERROR_CODE</codeph>
				</entry> 
				<entry colname="col2"> 
				  <ph>Native error code from the AVE. 
				  </ph> These codes represent the following: 
				  <ul id="ul_330C626DE27B45A09E8851CC24768A07"> 
					 <li id="li_0845A9BBB55545BDB49BD4F4802C0E54">DRM errors (codes
						3300 to 3367). These are the same as the equivalent Flash Player error codes. 
					 </li> 
					 <li id="li_98A571480C154CF0AE1DC101FF0834C4">Video playback
						errors (-1 to 89). 
					 </li> 
					 <li id="li_D7C19955DEF94DA88B822C8C57D6D2F4">Cryptography
						errors (300 to 307). 
					 </li> 
				  </ul> 
				</entry> 
			 </row> 
			 <row> 
				<entry colname="col1"> 
				  <codeph>NATIVE_ERROR_NAME</codeph>
				</entry> 
				<entry colname="col2">A string that contains the error's name; for
				  example, 
				  <codeph> AAXS_InvalidVoucher</codeph> or 
				  <codeph>DECODER_FAILED</codeph>. 
				</entry> 
			 </row> 
			 <row> 
				<entry colname="col1"><codeph>NATIVE_SUBERROR_CODE</codeph>
				</entry> 
				<entry colname="col2">For DRM errors, suberror codes are also
				  returned. These codes correspond to the 
				  <codeph>DRMErrorEvents</codeph> suberror code that is returned by
				  the Flash Player. When reporting errors to Adobe, include this numeric value
				  for troubleshooting assistance. 
				</entry> 
			 </row> 
			 <row> 
				<entry colname="col1"><codeph>DRM_ERROR_STRING 
				  </codeph>
				</entry> 
				<entry colname="col2">For DRM, this is your custom error string
				  from your DRM server deployment, if you defined any. Also include this when
				  reporting errors to Adobe. 
				</entry> 
			 </row> 
			 <row> 
				<entry colname="col1"><codeph>DESCRIPTION 
				  </codeph>
				</entry> 
				<entry colname="col2">String description of the error. Usually the
				  URL of the media. 
				</entry> 
			 </row> 
		  </tbody> 
		</tgroup> 
	 </table> 
	 </p> 
	 <p>TVSDK receives these error codes and strings from the video engine. 
	 </p> 
	 <note type="important">For a complete list of Adobe Primetime DRM client
		error codes, see 
		<xref
		href="http://help.adobe.com/en_US/primetime/drm/index.html#reference-DRM_Client_Error_Messages"
		format="html" scope="external">DRM Client Error Message Reference</xref>. 
	 </note> 
	 <p> 
	 </p> 
  </conbody> 
</concept> 
