<?xml version="1.0"?>
<!DOCTYPE concept PUBLIC "-//OASIS//DTD DITA Concept//EN" "concept.dtd">
<concept id="concept_content_resolver_about"> 
  <title>Opportunity generators and content resolvers</title> 
  <shortdesc>An opportunity detector is a TVSDK component that detects custom
	 tags in a stream and identifies placement opportunities. These opportunities
	 are sent to the content resolver, which customizes the content/ad insertion
	 workflow based on the placement opportunity properties and metadata. 
  </shortdesc> 
  <conbody> 
	 <p> TVSDK includes 
		<ph>a default opportunity detector</ph>: 
	 <ul id="ul_A36B8677892D4760B28C1A7D4AAD7FFA"> 
		<li id="li_913DB2D73FF743F3BCF04D9FB6CAC3F1"> 
		  <codeph>SpliceOutPlacementOpportunityDetector</codeph>, which
		  understands default ad cues 
		</li> 
	 </ul> 
	 </p> 
	 <p>TVSDK also includes default content resolvers that provide content to be
		inserted based on the metadata key in the player item: 
	 <ul id="ul_082AEA45C79340B3835553554372A3E6"> 
		<li
		 id="li_8014335255824F7AB327504AE0646A86"><codeph>AuditudeResolver</codeph> for 
		  <codeph>AUDITUDE_METADATA_KEY</codeph>, which is capable of
		  communicating with Adobe Primetime ad decisioning (previously known as
		  Auditude) servers and returning ad breaks to be placed. 
		</li> 
		<li
		 id="li_F120914E013F49A5BC91E8CCB1919B2F"><codeph>MetadataResolver</codeph> for 
		  <codeph>JSON_METADATA_KEY</codeph> 
		</li> 
		<li
		 id="li_ED076E29664F4F7792357C33F61E4AF8"><codeph>CustomAdMarkersContentResolver</codeph>
		  for 
		  <codeph>TIME_RANGES_METADATA_KEY</codeph> 
		</li> 
	 </ul> 
	 </p> 
	 <p>You can override the default opportunity detectors and content resolvers
		to customize the advertising workflow in the following ways: 
	 <ul id="ul_51878FC5AD5A4953866D56DC93F682AF"> 
		<li id="li_6F4592960AD844ABA152D10E9EF2D6F8">Add support for custom tag
		  detection 
		</li> 
		<li id="li_BFE89DE70D0C4CDB89D9C0B052866C05">Recognize custom tags for ad
		  insertion 
		</li> 
		<li id="li_79A84CAFA6F1466DBBB1DBAFC6F1CB47">Create a customized ad
		  provider 
		</li> 
		<li id="li_BD2FC745579C49178FE753A82190F3F3">Black out content 
		</li> 
	 </ul> 
	 </p> 
	 <p>TVSDK provides default opportunity generators and content resolvers that
		place ads in the timeline, and these generators and resolvers are based on
		nonstandard tags in the manifest. Your application might need to alter the
		timeline based on opportunities that are identified in the manifest, such as
		indicators for a blackout period. 
	 </p> 
	 <p>An 
		<term>opportunity</term> represents a point of interest on the timeline
		that usually indicates an ad placement opportunity. This opportunity can also
		indicate a custom operation that might affect the timeline, such as a blackout
		period. An 
		<term>opportunity generator</term> identifies specific opportunities
		(tags) in the timeline and notifies TVSDK that these opportunities have been
		tagged. Opportunities are identified in a timeline in by including a
		nonstandard (non-HLS) tag. 
	 </p> 
	 <p>When your application is notified about an opportunity (tag), your
		application might alter the timeline by, for example, inserting a series of
		ads, by switching to an alternate stream (blackouts) or by otherwise editing
		the timeline content. By default, TVSDK calls the appropriate 
		<term>content resolver</term> to implement the required timeline changes
		or actions. Your application can use the default TVSDK advertisement content
		resolver or register its own content resolver. 
	 </p> 
	 <p>You can also use 
		<ph><codeph>MediaPlayerItemConfig.setAdTags</codeph></ph> to add more ad
		marker tags/cues so that TVSDK can recognize and use 
		<codeph>MediaPlayerItemConfig.subscribedTags</codeph> and notify your
		application about additional tags that might have advertising workflow
		information. 
	 </p> 
	 <p>One possible use of a custom resolver is for blackout periods. To handle
		these periods, your application could implement and register a blackout
		opportunity detector that is responsible for handling blackout tags. When TVSDK
		encounters this tag, it polls all the registered content resolvers to find the
		first one that handles the specified tag. In this example, it is the blackout
		content resolver, which can, for example, replace the current item with
		alternate content on the player for the duration that is specified by the tag. 
	 </p> 
  </conbody> 
</concept> 
