<?xml version="1.0"?>
<!DOCTYPE concept PUBLIC "-//OASIS//DTD DITA Concept//EN" "concept.dtd">
<concept id="events-order-drm"> 
  <title>Loader events</title> 
  <shortdesc>Your player can implement actions based on the following events: 
  </shortdesc> 
  <conbody> 
	 <table frame="all" colsep="1" rowsep="1"
	  id="table_717F608B4AEF4DD7AE7CEBE12B94E2D5"> 
		<tgroup cols="2" colsep="1" rowsep="1" outputclass="FormatA"> 
		  <colspec colnum="1" colname="1" colwidth="41*"/> 
		  <colspec colnum="2" colname="2" colwidth="59*"/> 
		  <thead> 
			 <row rowsep="1"> 
				<entry colname="1">Event 
				</entry> 
				<entry colname="2">Meaning 
				</entry> 
			 </row></thead> 
		  <tbody> 
			 <row rowsep="1"> 
				<entry colname="1"><codeph>onLoadComplete (mediaPlayerItem playerItem)</codeph></entry> 
				<entry colname="2">Media resource loading completed successfully. 
				</entry> 
			 </row> 
			 <row rowsep="1"> 
				<entry colname="1"><codeph>onError</codeph>
						</entry> 
				<entry colname="2">A problem occurred with media resource loading. 
				</entry> 
			 </row> 
		  </tbody> 
		</tgroup> 
	 </table> 
  </conbody> 
</concept> 
