<?xml version="1.0" encoding="UTF-8"?>
<!DOCTYPE concept PUBLIC "-//OASIS//DTD DITA Concept//EN" "concept.dtd">
<concept id="concept_m3c_xvx_hz"> 
  <title>Applying creative selection rules</title> 
  <shortdesc>TVSDK applies creative selection rules in the following ways: 
  </shortdesc> 
  <conbody> 
	 <ul id="ul_fwg_zvx_hz"> 
		<li id="li_633BABA0D02F46998A0F09A7F1707F3D">TVSDK applies all 
		  <codeph>default</codeph> rules first, followed by the zone-specific
		  rules. 
		</li> 
		<li id="li_8A1A4FE52E2F445E83F378FD9A490532">TVSDK ignores any rules that
		  are not defined for the current zone ID. 
		</li> 
		<li id="li_2CCC38ED3FA3425A908307507BD9D050">Once TVSDK applies the
		  default rules, the zone-specific rules can further change the creative
		  priorities based on the 
		  <codeph>host</codeph> (domain) matches on the creative selected by the 
		  <codeph>default</codeph> rules. 
		</li> 
		<li id="li_3FFEBC57AF034797AEC940D76B593BB6">In the included sample rules
		  file with additional zone rules, once TVSDK applies the 
		  <codeph>default</codeph> rules, if the M3U8 creative domain does not
		  contain 
		  <filepath>my.domain.com</filepath> or 
		  <filepath>a.bcd.com</filepath> and the ad zone is 
		  <codeph>1234</codeph>, the creatives are re-ordered and the Flash VPAID
		  creative is played first if available. Otherwise an MP4 ad is played, and so on
		  down to JavaScript. 
		</li> 
		<li id="li_FDBBE4082B2E40058E20C25198769377">If an ad creative is
		  selected that TVSDK cannot play natively (<filepath>.mp4</filepath>, 
		  <filepath>.flv</filepath>, etc.), TVSDK issues a repackaging request. 
		</li> 
	 </ul> 
	 <p>Note that the ad types that can be handled by TVSDK are still defined
		through the 
		<codeph>validMimeTypes</codeph> setting in 
		<codeph>AuditudeSettings</codeph>. 
	 </p> 
  </conbody> 
</concept> 
