<?xml version="1.0" encoding="UTF-8"?>
<!DOCTYPE reference PUBLIC "-//OASIS//DTD DITA Reference//EN" "technicalContent/dtd/reference.dtd">
<reference id="r_psdk_android_mediacore-classes"
 xmlns:ditaarch="http://dita.oasis-open.org/architecture/2005/"> 
  <title>Mediacore classes</title> 
  <shortdesc>You can use the Primetime Player API to customize the behavior of
	 the player. 
  </shortdesc> 
  <refbody> 
	 <refsyn id="refsyn_28F6F355518E4E61BC45A22D7BBCDEAB"> 
		<p>To see the complete API documentation for TVSDK, go to the 
		  <xref format="html" scope="external"
			href="http://help.adobe.com/en_US/primetime/api/index.html#api-Adobe_Primetime_API_References">Adobe
			 Primetime API References</xref>. 
		</p> 
		<p>These classes describe your media player and its resources. 
		</p>Package: 
		<xref
		 href="http://help.adobe.com/en_US/primetime/api/psdk/javadoc_1.4/com/adobe/mediacore/package-summary.html"
		 format="html" scope="external">com.adobe.mediacore</xref> 
	 </refsyn> 
	 <table frame="all" colsep="1" rowsep="1"
	  id="table_2801E01282A948E6917910CA2FD1E05C"> 
		<tgroup cols="2" colsep="1" rowsep="1" outputclass="FormatA"> 
		  <colspec colnum="1" colname="1" colwidth="38*"/> 
		  <colspec colnum="2" colname="2" colwidth="62*"/> 
		  <thead> 
			 <row rowsep="1"> 
				<entry colname="1"> 
				  <p>Name 
				  </p> 
				</entry> 
				<entry colname="2"> 
				  <p>Description 
				  </p> 
				</entry> 
			 </row> 
		  </thead> 
		  <tbody> 
			 <row rowsep="1"> 
				<entry colname="1"><codeph><xref
					 href="http://help.adobe.com/en_US/primetime/api/psdk/javadoc_1.4/com/adobe/mediacore/ABRControlParameters.html"
					 format="html" scope="external">ABRControlParameters</xref> 
					 <xref
					  href="http://help.adobe.com/en_US/primetime/api/psdk/html5/AdobePSDK.ABRControlParameters.html"
					  format="html" scope="external">ABRControlParameters</xref> 
				  </codeph> 
				</entry> 
				<entry colname="2">Class that encapsulates all adaptive bit rate
				  control parameters. 
				</entry> 
			 </row> 
			 <row rowsep="1"> 
				<entry colname="1"><codeph><xref
					 href="http://help.adobe.com/en_US/primetime/api/psdk/javadoc_1.4/com/adobe/mediacore/AdClientFactory.html"
					 format="html" scope="external">AdClientFactory</xref> 
				  </codeph> 
				</entry> 
				<entry colname="2">Interface for creating opportunity detectors. 
				</entry> 
			 </row> 
			 <row rowsep="1"> 
				<entry colname="1"><codeph><xref
					 href="http://help.adobe.com/en_US/primetime/api/psdk/javadoc_1.4/com/adobe/mediacore/AdvertisingFactory.html"
					 format="html" scope="external">AdvertisingFactory</xref> 
				  </codeph> 
				</entry> 
				<entry colname="2">Factory class that allows customization of the
				  ad decisioning process. 
				</entry> 
			 </row> 
			 <row rowsep="1"> 
				<entry colname="1"><codeph><xref
					 href="http://help.adobe.com/en_US/primetime/api/psdk/javadoc_1.4/com/adobe/mediacore/BufferControlParameters.html"
					 format="html" scope="external">BufferControlParameters</xref> 
				  </codeph> 
				</entry> 
				<entry colname="2">Class that encapsulates all buffer control
				  parameters. 
				</entry> 
			 </row> 
			 <row rowsep="1"> 
				<entry colname="1"><codeph><xref
					 href="http://help.adobe.com/en_US/primetime/api/psdk/javadoc_1.4/com/adobe/mediacore/DefaultAdPolicySelector.html"
					 format="html" scope="external">DefaultAdPolicySelector</xref> 
					 <xref
					  href="http://help.adobe.com/en_US/primetime/api/psdk/html5/AdobePSDK.AdPolicySelector.html"
					  format="html" scope="external">AdPolicySelector</xref> 
				  </codeph> 
				</entry> 
				<entry colname="2"><ph>Default implementation for ad playback
					 behaviors.</ph> 
				  <ph>Interface allowing applications to customize ad
					 behaviors.</ph> 
				</entry> 
			 </row> 
			 <row rowsep="1"> 
				<entry colname="1"><codeph><xref
					 href="http://help.adobe.com/en_US/primetime/api/psdk/javadoc_1.4/com/adobe/mediacore/DefaultMediaPlayer.html"
					 format="html" scope="external">DefaultMediaPlayer</xref></codeph> 
				</entry> 
				<entry colname="2">Default class implementation of 
				  <codeph>MediaPlayer</codeph> interface. 
				</entry> 
			 </row> 
			 <row rowsep="1"> 
				<entry colname="1"><codeph><xref
					 href="http://help.adobe.com/en_US/primetime/api/psdk/javadoc_1.4/com/adobe/mediacore/MediaPlayer.html"
					 format="html" scope="external">MediaPlayer</xref> 
				  </codeph> 
				</entry> 
				<entry colname="2">Public interface for the 
				  <codeph>DefaultMediaPlayer</codeph> class. Includes enumerations
				  for Event, PlayerState, and Visibility. 
				</entry> 
			 </row> 
			 <row rowsep="1"> 
				<entry colname="1"><codeph><xref
					 href="http://help.adobe.com/en_US/primetime/api/psdk/javadoc_1.4/com/adobe/mediacore/MediaPlayer.AdPlaybackEventListener.html"
					 format="html"
					 scope="external">MediaPlayer.AdPlaybackEventListener</xref></codeph> 
				</entry> 
				<entry colname="2">Interface definition of a set of callbacks to be
				  invoked during ad playback. 
				</entry> 
			 </row> 
			 <row rowsep="1"> 
				<entry colname="1"><codeph><xref
					 href="http://help.adobe.com/en_US/primetime/api/psdk/javadoc_1.4/com/adobe/mediacore/MediaPlayer.DRMEventListener.html"
					 format="html" scope="external">MediaPlayer.DRMEventListener</xref></codeph> 
				</entry> 
				<entry colname="2">Interface definition of a callback to be invoked
				  when protected metadata becomes available. 
				</entry> 
			 </row> 
			 <row rowsep="1"> 
				<entry colname="1"><codeph><xref
					 href="http://help.adobe.com/en_US/primetime/api/psdk/javadoc_1.4/com/adobe/mediacore/MediaPlayer.EventListener.html"
					 format="html" scope="external">MediaPlayer.EventListener</xref> 
				  </codeph> 
				</entry> 
				<entry colname="2">Marker interface used to unify event listener
				  registration. 
				</entry> 
			 </row> 
			 <row rowsep="1"> 
				<entry colname="1"><codeph><xref
					 href="http://help.adobe.com/en_US/primetime/api/psdk/javadoc_1.4/com/adobe/mediacore/MediaPlayer.PlaybackEventListener.html"
					 format="html" scope="external">MediaPlayer.PlaybackEventListener</xref> 
				  </codeph> 
				</entry> 
				<entry colname="2">Interface definition of a set of callback to be
				  invoked during playback. 
				</entry> 
			 </row> 
			 <row rowsep="1"> 
				<entry colname="1"><codeph><xref
					 href="http://help.adobe.com/en_US/primetime/api/psdk/javadoc_1.4/com/adobe/mediacore/MediaPlayer.QOSEventListener.html"
					 format="html" scope="external">MediaPlayer.QOSEventListener</xref> 
				  </codeph> 
				</entry> 
				<entry colname="2">Interface definition of a set of callback to be
				  invoked during QoS. 
				</entry> 
			 </row> 
			 <row rowsep="1"> 
				<entry colname="1"><codeph><xref
					 href="http://help.adobe.com/en_US/primetime/api/psdk/javadoc_1.4/com/adobe/mediacore/MediaPlayerItem.html"
					 format="html" scope="external">MediaPlayerItem</xref> 
				  </codeph> 
				</entry> 
				<entry colname="2">Interface that represents audio-video media. 
				</entry> 
			 </row> 
			 <row rowsep="1"> 
				<entry colname="1"><codeph><xref
					 href="http://help.adobe.com/en_US/primetime/api/psdk/javadoc_1.4/com/adobe/mediacore/MediaPlayerItemLoader.html"
					 format="html" scope="external">MediaPlayerItemLoader</xref> 
				  </codeph> 
				</entry> 
				<entry colname="2">Class that loads a media player resource and
				  creates the corresponding MediaPlayerItem object. 
				</entry> 
			 </row> 
			 <row rowsep="1"> 
				<entry colname="1"><codeph><xref
					 href="http://help.adobe.com/en_US/primetime/api/psdk/javadoc_1.4/com/adobe/mediacore/MediaPlayerItemLoader.LoaderListener.html"
					 format="html" scope="external">MediaPlayerItemLoader.LoaderListener</xref> 
				  </codeph> 
				</entry> 
				<entry colname="2">Interface that defines the listener methods
				  associated with the MediaPlayerItemLoader object. 
				</entry> 
			 </row> 
			 <row rowsep="1"> 
				<entry colname="1"><codeph><xref
					 href="http://help.adobe.com/en_US/primetime/api/psdk/javadoc_1.4/com/adobe/mediacore/MediaPlayerView.html"
					 format="html" scope="external">MediaPlayerView</xref> 
				  </codeph> 
				</entry> 
				<entry colname="2">Class for the view that will be used by the
				  MediaPlayer for video rendering. 
				</entry> 
			 </row> 
			 <row rowsep="1"> 
				<entry colname="1"><codeph><xref
					 href="http://help.adobe.com/en_US/primetime/api/psdk/javadoc_1.4/com/adobe/mediacore/MediaResource.html"
					 format="html" scope="external">MediaResource</xref> 
				  </codeph> 
				</entry> 
				<entry colname="2">Class that wraps all information about a media
				  resource. Includes enumeration for Type of media resource. 
				</entry> 
			 </row> 
			 <row rowsep="1"> 
				<entry colname="1"><codeph><xref
					 href="http://help.adobe.com/en_US/primetime/api/psdk/javadoc_1.4/com/adobe/mediacore/PlacementOpportunityDetector.html"
					 format="html" scope="external">PlacementOpportunityDetector</xref> 
				  </codeph> 
				</entry> 
				<entry colname="2">Interface used for processing in-manifest cues
				  that will be used as placements for the ad decisioning process. 
				</entry> 
			 </row> 
			 <row rowsep="1"> 
				<entry colname="1"><codeph><xref
					 href="http://help.adobe.com/en_US/primetime/api/psdk/javadoc_1.4/com/adobe/mediacore/PSDKConfig.html"
					 format="html" scope="external">PSDKConfig</xref> 
				  </codeph> 
				</entry> 
				<entry colname="2"> Class that encapsulates the custom tags used by
				  the media player when performing the ad placement, in addition to the default
				  cue tags. It also includes the tag names that the application wants to be
				  notified about. 
				</entry> 
			 </row> 
			 <row rowsep="1"> 
				<entry colname="1"><codeph><xref
					 href="http://help.adobe.com/en_US/primetime/api/psdk/javadoc_1.4/com/adobe/mediacore/TextFormat.html"
					 format="html" scope="external">TextFormat</xref> 
				  </codeph> 
				</entry> 
				<entry colname="2">Interface that encapsulates different attributes
				  describing a text style (for example, the closed captions style). 
				</entry> 
			 </row> 
			 <row rowsep="1"> 
				<entry colname="1"><codeph><xref
					 href="http://help.adobe.com/en_US/primetime/api/psdk/javadoc_1.4/com/adobe/mediacore/TextFormatBuilder.html"
					 format="html" scope="external">TextFormatBuilder</xref></codeph> 
				</entry> 
				<entry colname="2">Class methods for setting the formatting of
				  text. 
				</entry> 
			 </row> 
			 <row rowsep="0"> 
				<entry colname="1"><codeph><xref
					 href="http://help.adobe.com/en_US/primetime/api/psdk/javadoc_1.4/com/adobe/mediacore/Version.html"
					 format="html" scope="external">Version</xref></codeph> 
				</entry> 
				<entry colname="2">Class that provides the TVSDK version and
				  description. 
				</entry> 
			 </row> 
		  </tbody> 
		</tgroup> 
	 </table> 
  </refbody> 
</reference> 
