<?xml version="1.0" encoding="UTF-8"?>
<!DOCTYPE reference PUBLIC "-//OASIS//DTD DITA Reference//EN" "technicalContent/dtd/reference.dtd">
<reference id="drm-overview-ref"
 xmlns:ditaarch="http://dita.oasis-open.org/architecture/2005/"> 
  <title>Primetime DRM interface overview</title> 
  <shortdesc>You can use the features of the Primetime Digital Rights
	 Management (DRM) system to provide secure access to your video content.
	 Alternatively, you can use third-party DRM solutions as an alternative to
	 Adobe's integrated Primetime DRM solution.
  </shortdesc> 
  <refbody> 
	 <section id="section_4DD54E085AB345FE9BE00865E56B28DB">
		<p>Check with your Adobe representative for the most up-to-date
		  information on the availability of 3rd-party DRM solutions. 
		</p> 
		<p>The key client-side element of the Primetime digital rights management
		  (DRM) system is the DRM Manager. The sample application included with the
		  Android SDK includes a 
		  <codeph>DRMHelper</codeph> class that demonstrates how to make certain
		  DRM operations easier to implement. 
		</p>
		<p>Primetime DRM provides a scalable, efficient workflow to implement
		  content protection in TVSDK applications. You protect and manage the rights to
		  your video content by creating a license for each digital media file. 
		</p> 
		<p> Refer to the DRM sample player code included in the TVSDK package. 
		</p> 
		<p>These are the most important API elements for working with DRM: 
		<ul id="ul_DBC56B4C422B4190B95AC9629C170A90"> 
		  <li id="li_782BDA8121F04C9596779280C0953A7B"> 
			 <p>A reference in the media player to the DRM manager object that
				implements the DRM subsystem: 
				<codeblock outputclass="syntax java">MediaPlayer.getDRMManager();</codeblock> 
				<note type="tip">This API will return a valid 
				  <codeph>DRMManager</codeph> object only after the 
				  <codeph>MediaPlayerEvent.DRM_METADATA</codeph> is fired. If you
				  call 
				  <codeph>getDRMManager()</codeph> before this event fires, it
				  might return NULL. 
				</note> 
			 </p> 
		  </li> 
		  <li id="li_BAADFA22A05746B1863FC42B272B7337"> The 
			 <codeph>DRMHelper</codeph> helper class, which is useful when
			 implementing DRM workflows. 
			 <p>You can see 
				<codeph>DRMHelper</codeph> in 
				<codeph>ReferencePlayer</codeph>. 
			 </p> 
		  </li> 
		  <li id="li_5BC06FB59E254383805F82BB60C65BAD"> A 
			 <codeph>DRMHelper</codeph> metadata loader method, which loads DRM
			 metadata when it is located in a separate URL from the media. 
			 <codeblock outputclass="syntax java">public static void loadDRMMetadata(final DRMManager drmManager, 
   final String drmMetadataUrl, 
   final DRMLoadMetadataListener loadMetadataListener);</codeblock> 
		  </li> 
		  <li id="li_0B05CA8C34AF4A92B904C79F096D16B9"> A 
			 <codeph>DRMHelper</codeph> method to check the DRM metadata to
			 determine whether authentication is needed. 
			 <codeblock outputclass="syntax java">/**
* Return whether authentication is needed for the provided
* DRMMetadata.
*
* @param drmMetadata
* The desired DRMMetadata on which to check whether auth is needed.
* @return whether authentication is required for the provided metadata
*/
public static boolean isAuthNeeded(DRMMetadata drmMetadata);</codeblock> 
		  </li> 
		  <li id="li_44B35BC07C874DD1875D2090B58A785F"> 
			 <codeph>DRMHelper</codeph> method to perform authentication. 
			 <codeblock importance="obsolete" outputclass="syntax java">/**
* Helper method to perform DRM authentication.
*
* @param drmManager
* the DRMManager, used to perform the authentication.
* @param drmMetadata
* the DRMMetadata, containing the DRM specific information.
* @param authenticationListener
* the listener, on which the user can be notified about the
* authentication process status.
* @param authUser
* the DRM username provider by the user.
* @param authPass
* the DRM password provided by the user.
*/
public static void performDrmAuthentication(final DRMManager drmManager, 
final DRMMetadata drmMetadata, 
final String authUser, 
final String authPass, 
final DRMAuthenticationListener authenticationListener);</codeblock> 
		  </li> 
		  <li id="li_FF29A6D9A48342AD8256A076473A1A5C">Events that notify your
			 application about various DRM activities and status. 
		  </li> 
		</ul> 
		</p> 
	 </section> 
	 <section id="section_899BD9061D484E1BBA46E84617C36867"> 
		<p>Additional relevant API elements: 
		<ul id="ul_FFEA64A2FDB2463E93467504458EE944"> 
		  <li id="li_B9656C32CEA346C1B826D8B837BD993D"><xref
			 href="http://help.adobe.com/en_US/primetime/api/drm/com/adobe/ave/drm/DRMManager.html"
			 format="html" scope="external">com.adobe.ave.drm.DRMManager</xref> 
		  </li> 
		  <li id="li_758A0EAA47D94E5EBE451B85602069C0"><xref
			 href="http://help.adobe.com/en_US/primetime/api/drm/com/adobe/ave/drm/DRMMetadata.html"
			 format="html" scope="external">com.adobe.ave.drm.DRMMetdata</xref> 
		  </li> 
		  <li id="li_DD0846136FFF49DD99CE07E2E1179F17"><xref
			 href="http://help.adobe.com/en_US/primetime/api/drm/com/adobe/ave/drm/DRMPolicy.html"
			 format="html" scope="external">com.adobe.ave.drm.DRMPolicy</xref> 
		  </li> 
		  <li id="li_6DAE6D97C52445DF9606F325E8B775D8"><xref
			 href="http://help.adobe.com/en_US/primetime/api/drm/com/adobe/ave/drm/DRMAuthenticationMethod.html"
			 format="html" scope="external">com.adobe.ave.drm.DRMAuthenticationMethod</xref>
			 
		  </li> 
		  <li id="li_1FB82C4F00604599BE5155057161F586"><xref
			 href="http://help.adobe.com/en_US/primetime/api/drm/com/adobe/ave/drm/DRMAuthenticationCompleteCallback.html"
			 format="html"
			 scope="external">com.adobe.ave.drm.DRMAuthenticationCompleteCallback</xref> 
		  </li> 
		  <li id="li_DE3777A6D29942689F4BB5D29E562428"><xref
			 href="http://help.adobe.com/en_US/primetime/api/drm/com/adobe/ave/drm/DRMOperationErrorCallback.html"
			 format="html"
			 scope="external">com.adobe.ave.drm.DRMOperationErrorCallback</xref> 
		  </li> 
		  <li id="li_5E51A4B3229B4CDF9458D682D14B33CD"><xref
			 href="http://help.adobe.com/en_US/primetime/api/psdk/javadoc_2.4/com/adobe/mediacore/drm/DRMAuthenticateListener.html"
			 format="html"
			 scope="external">com.adobe.mediacore.drm.DRMAuthenticateListener</xref> 
		  </li> 
		</ul> 
		</p> 
	 </section> 
	 <section id="section_F58941D68EB94A5EBD1C7454D2A1B17A"> 
		<p>For more information about DRM, see the 
		  <xref href="http://help.adobe.com/en_US/primetime/drm" format="html"
		  scope="external"> Adobe Primetime DRM documentation</xref>. 
		</p> 
	 </section> 
  </refbody> 
</reference> 
