<?xml version="1.0" encoding="UTF-8"?>
<!DOCTYPE reference PUBLIC "-//OASIS//DTD DITA Reference//EN" "reference.dtd">
<reference id="reference_mgm_zcx_hz">
  <title>Priority rules</title>
  <shortdesc>The priority rule defines the priority order of the ad creatives that will be selected
    for playback from a VAST/VMAP response. </shortdesc>
  <prolog>
    <metadata>
      <keywords>
        <keyword>priority rule</keyword>
        <keyword>creative selection rules</keyword>
      </keywords>
    </metadata>
  </prolog>
  <refbody>
    <table id="table_ljp_tgx_hz">
      <title>A Priority rule has the following attributes and possible values:</title>
      <tgroup cols="4">
        <thead>
          <row>
            <entry>Key</entry>
            <entry>Type</entry>
            <entry>Values</entry>
            <entry>Description</entry>
          </row>
        </thead>
        <tbody>
          <row>
            <entry><codeph>priority</codeph></entry>
            <entry><codeph>Array</codeph></entry>
            <entry/>
            <entry>An array of lowercase mime-types that define the priority in which source
              creatives must be selected for playback.</entry>
          </row>
          <row>
            <entry><codeph>item</codeph></entry>
            <entry><codeph>String</codeph></entry>
            <entry><codeph>host</codeph></entry>
            <entry>Currently only <codeph>host</codeph> is supported. This attribute must be present
              when <codeph>matches</codeph> and <codeph>values</codeph> attributes are
              defined.</entry>
          </row>
          <row>
            <entry><codeph>matches</codeph></entry>
            <entry><codeph>String</codeph></entry>
            <entry><codeph>multiple</codeph></entry>
            <entry>Possible values:<ul id="ul_tnf_2hx_hz">
                <li><codeph>eq</codeph> - equals</li>
                <li><codeph>ne</codeph> - not equals</li>
                <li><codeph>co</codeph> - contains</li>
                <li><codeph>nc</codeph> - not contains</li>
                <li><codeph>sw</codeph> - starts with</li>
                <li><codeph>ew</codeph> - ends with</li>
              </ul></entry>
          </row>
          <row>
            <entry><codeph>type</codeph></entry>
            <entry><codeph>String</codeph></entry>
            <entry><codeph>priority</codeph></entry>
            <entry>The value must always be <codeph>priority</codeph></entry>
          </row>
          <row>
            <entry><codeph>values</codeph></entry>
            <entry><codeph>Array</codeph></entry>
            <entry/>
            <entry>
              <p>TVSDK will use the <codeph>matches</codeph> attribute on the <codeph>item</codeph>
                of the source creative and match against the values defined in this array</p>
            </entry>
          </row>
          <row>
            <entry><codeph>stream</codeph></entry>
            <entry><codeph>String</codeph></entry>
            <entry/>
            <entry>
              <p>Value can be <codeph>vod</codeph> or <codeph>live</codeph></p>
            </entry>
          </row>
        </tbody>
      </tgroup>
    </table>
    <example>
      <codeblock outputclass="syntax json">{
    "ads": {
        "rules": {
            "default": [
                {
                    "<b>type</b>": "<b>priority</b>",
                    "<b>stream</b>": "vod",
                    "<b>priority</b>": [
                        "application/x-mpegurl",
                        "application/vnd.apple.mpegurl",
                        "application/x-shockwave-flash",
                        "video/mp4",
                        "video/m4v",
                        "video/x-flv",
                        "video/webm"
                    ]
                },
                {
                    ...
                },
            ]
        }
    }
}
</codeblock>
    </example>
  </refbody>
</reference>
