<?xml version="1.0"?>
<!DOCTYPE reference PUBLIC "-//OASIS//DTD DITA Reference//EN" "reference.dtd">
<reference id="reference_trick_play_apis"> 
  <title>Rate-change API elements</title> 
  <shortdesc>TVSDK includes methods,
	 properties, and events to determine valid rates, current rates, whether trick
	 play is supported, and other functionality related to fast forward and rewind. 
  </shortdesc> 
  <refbody> 
	 <section id="section_36576E92DE6343AEBD0BBD662502365D">Use the following API elements to change
			play rates: <ul id="ul_57927A021525487A8BFAA94297BF387D">
				<li id="li_384C555C8B6B45C8A99659BAD6A74AC4"
						><codeph>PlaybackRateEvent.getRate</codeph>
				</li>
				<li id="li_BAAB42B4A866494FA4B19087C9695F75"
						><codeph>MediaPlayer.getLocalTime</codeph>
				</li>
				<li id="li_61D7E8F791A44F08905D004DC0C37849">
					<codeph>MediaPlayerEvent.RATE_SELECTED</codeph>
				</li>
				<li id="li_73A89F6DB9E547D2810E74AFC654CE7E">
					<codeph>MediaPlayerEvent.RATE_PLAYING</codeph>
				</li>
				<li id="li_8DFDBB3F47A445EB8398C460B1296EC5"
						><codeph>MediaPlayerItem.istrickPlaySupported</codeph>
				</li>
				<li id="li_814B61034A3E4EB1ADA47474E12C5ECE"
						><codeph>MediaPlayerEvent.AD_BREAK_SKIPPED</codeph>
				</li>
				<li id="li_B2BDC7A57CC24959875C94DB1F82318A"
						><codeph>MediaPlayerItem.getAvailablePlaybackRates</codeph> - specifies
					valid rates. </li>
			</ul><p>
				<table id="table_116AB065BF23492D95B06A0FFD6AAFB1">
					<tgroup cols="2">
						<colspec colnum="1" colname="col1" colwidth="1.12*"/>
						<colspec colnum="2" colname="col2" colwidth="1.00*"/>
						<thead>
							<row>
								<entry colname="col1">Rate value </entry>
								<entry colname="col2">Effect on playback </entry>
							</row>
						</thead>
						<tbody>
							<row>
								<entry colname="col1"> 2.0, 4.0, 8.0, 16.0, 32.0, 64.0, 128.0 </entry>
								<entry colname="col2">Switches to fast-forward mode with the
									specified multiplier faster than normal (for example, 4 is 4
									times faster than normal) </entry>
							</row>
							<row>
								<entry colname="col1">-2.0, -4.0, -8.0, -16.0, –32.0, -64.0 , –128.0  </entry>
								<entry colname="col2">Switches to fast-rewind mode </entry>
							</row>
							<row>
								<entry colname="col1"> 1.0 </entry>
								<entry colname="col2">Switches to normal play mode (calling
										<codeph>play</codeph> is the same as setting the rate
									property to 1.0) </entry>
							</row>
							<row>
								<entry colname="col1">0.0 </entry>
								<entry colname="col2"> Pauses (calling <codeph>pause</codeph> is the
									same as setting the rate property to 0.0) </entry>
							</row>
						</tbody>
					</tgroup>
				</table>
			</p>
		</section> 
  </refbody> 
</reference> 
