<?xml version="1.0" encoding="UTF-8"?>
<!DOCTYPE reference PUBLIC "-//OASIS//DTD DITA Reference//EN" "technicalContent/dtd/reference.dtd">
<reference id="r_psdk_notification-info"
 xmlns:ditaarch="http://dita.oasis-open.org/architecture/2005/"> 
  <title>INFO notification codes</title> 
  <shortdesc>This table provides detailed information about 
	 <ph>INFO.</ph> type notifications. 
  </shortdesc> 
  <refbody> 
	 <section id="section_ED4302E363AE48CBA2C3E0B71AE612D8"> 
		<title><?xm-replace_text Section Title?></title> 
		<p>Most informational notifications contain relevant metadata, for
		  example, the URL of the resource that failed to download. Some notifications
		  contain metadata to specify whether the problem occurred in the main video
		  content, in the alternate audio content, or in an ad. 
		</p> 
		<table frame="all" colsep="1" rowsep="1"
		 id="table_503463046E764A87B10EB5D8B294EB23"> 
		  <tgroup cols="5" colsep="1" rowsep="1" outputclass="FormatA"> 
			 <colspec colnum="1" colname="1" colwidth="12*"/> 
			 <colspec colnum="2" colname="2" colwidth="22*"/> 
			 <colspec colnum="3" colname="3" colwidth="11*"/> 
			 <colspec colnum="4" colname="4" colwidth="26*"/> 
			 <colspec colnum="5" colname="5" colwidth="29*"/> 
			 <thead> 
				<row rowsep="1"> 
				  <entry colname="1">Code 
				  </entry> 
				  <entry colname="2">Name 
				  </entry> 
				  <entry colname="3">Inner Notification 
				  </entry> 
				  <entry colname="4">Metadata Keys 
				  </entry> 
				  <entry colname="5">Comments 
				  </entry> 
				</row> 
			 </thead> 
			 <tbody> 
				<row rowsep="1"> 
				  <entry namest="1" nameend="5"><b>Playback</b> 
				  </entry> 
				</row> 
				<row rowsep="1"> 
				  <entry colname="1"><codeph>300000 
					 </codeph> 
				  </entry> 
				  <entry colname="2"><codeph>PLAYBACK_START 
					 </codeph> 
				  </entry> 
				  <entry colname="3">None 
				  </entry> 
				  <entry colname="4">None 
				  </entry> 
				  <entry colname="5">Playback has started. 
				  </entry> 
				</row> 
				<row rowsep="1"> 
				  <entry colname="1"><codeph>300001 
					 </codeph> 
				  </entry> 
				  <entry colname="2"><codeph>PLAYBACK_COMPLETE 
					 </codeph> 
				  </entry> 
				  <entry colname="3">None 
				  </entry> 
				  <entry colname="4">None 
				  </entry> 
				  <entry colname="5">Playback has completed. 
				  </entry> 
				</row> 
				<row rowsep="1"> 
				  <entry colname="1"><codeph>300002 
					 </codeph> 
				  </entry> 
				  <entry colname="2"><codeph>SEEK_START 
					 </codeph> 
				  </entry> 
				  <entry colname="3">None 
				  </entry> 
				  <entry colname="4"><codeph>SEEK_TIME</codeph> 
				  </entry> 
				  <entry colname="5">A seek operation was initiated. 
				  </entry> 
				</row> 
				<row rowsep="1"> 
				  <entry colname="1"><codeph>300003 
					 </codeph> 
				  </entry> 
				  <entry colname="2"><codeph>SEEK_COMPLETE 
					 </codeph> 
				  </entry> 
				  <entry colname="3">None 
				  </entry> 
				  <entry colname="4"><codeph>SEEK_TIME</codeph> 
				  </entry> 
				  <entry colname="5">A seek operation completed. 
				  </entry> 
				</row> 
				<row rowsep="1"> 
				  <entry colname="1"><codeph>300004 
					 </codeph> 
				  </entry> 
				  <entry colname="2"><codeph>CONTENT_CHANGE 
					 </codeph> 
				  </entry> 
				  <entry colname="3">None 
				  </entry> 
				  <entry colname="4"> 
					 <codeph>CONTENT_ID</codeph> 
					 <codeph>CURRENT_MEDIA_TIME</codeph> 
				  </entry> 
				  <entry colname="5">The current playback time has crossed the
					 border between main and alternate content. 
				  </entry> 
				</row> 
				<row rowsep="1"> 
				  <entry colname="1"><codeph>300005 
					 </codeph> 
				  </entry> 
				  <entry colname="2"><codeph>PLAYER_STATE_CHANGE 
					 </codeph> 
				  </entry> 
				  <entry colname="3"> 
					 <p>Any ERROR notification. 
					 </p> 
				  </entry> 
				  <entry colname="4"><codeph>STATE 
					 </codeph> 
				  </entry> 
				  <entry colname="5">The player state has changed. When state is
					 ERROR, the inner notification is the error notification object that triggered
					 the switch to the ERROR state. 
				  </entry> 
				</row> 
				<row rowsep="1"> 
				  <entry colname="1"><codeph>300006 
					 </codeph> 
				  </entry> 
				  <entry colname="2"><codeph>CONTENT_MARKER 
					 </codeph> 
				  </entry> 
				  <entry colname="3"> 
					 <p>None 
					 </p> 
				  </entry> 
				  <entry colname="4"><codeph>CONTENT_ID CURRENT_MEDIA_TIME 
					 </codeph> 
				  </entry> 
				  <entry colname="5">Content marker received. 
				  </entry> 
				</row> 
				<row rowsep="1"> 
				  <entry colname="1"><codeph>300100 
					 </codeph> 
				  </entry> 
				  <entry colname="2"><codeph>LOAD_INFO_AVAILABLE 
					 </codeph> 
				  </entry> 
				  <entry colname="3"> 
					 <p>None 
					 </p> 
				  </entry> 
				  <entry colname="4"> 
					 <codeph>FRAGMENT_URL</codeph> 
					 <codeph>FRAGMENT_SIZE</codeph> 
					 <codeph> FRAGMENT_DOWNLOAD_DURATION</codeph> 
					 <codeph>PERIOD_INDEX</codeph> 
				  </entry> 
				  <entry colname="5">Provides info related to the way video
					 segments are being downloaded. 
				  </entry> 
				</row> 
				<row rowsep="1"> 
				  <entry colname="1"><codeph>300101 
					 </codeph> 
				  </entry> 
				  <entry colname="2"><codeph>VIDEO_SIZE_CHANGED 
					 </codeph> 
				  </entry> 
				  <entry colname="3"> 
					 <p>None 
					 </p> 
				  </entry> 
				  <entry colname="4"> 
					 <codeph>HEIGHT</codeph> 
					 <p><codeph> WIDTH</codeph> 
					 </p> 
				  </entry> 
				  <entry colname="5">The size of the video playback window has
					 changed. 
				  </entry> 
				</row> 
				<row rowsep="1"> 
				  <entry namest="1" nameend="5"><b>Adaptive bit rates (ABR)</b> 
				  </entry> 
				</row> 
				<row rowsep="1"> 
				  <entry colname="1"><codeph>302000 
					 </codeph> 
				  </entry> 
				  <entry colname="2"><codeph>BITRATE_CHANGE 
					 </codeph> 
				  </entry> 
				  <entry colname="3"> 
					 <p>None 
					 </p> 
				  </entry> 
				  <entry colname="4"><codeph>BITRATE 
					 </codeph><codeph>CURRENT_MEDIA_TIME 
					 </codeph> 
				  </entry> 
				  <entry colname="5">The bit rate of the video changed. 
				  </entry> 
				</row> 
				<row rowsep="1"> 
				  <entry namest="1" nameend="5"><b>Ad Processing</b> 
				  </entry> 
				</row> 
				<row rowsep="1"> 
				  <entry colname="1"><codeph>303000 
					 </codeph> 
				  </entry> 
				  <entry colname="2"><codeph>TIMELINE_CHANGE 
					 </codeph> 
				  </entry> 
				  <entry colname="3"> 
					 <p>None 
					 </p> 
				  </entry> 
				  <entry colname="4"><codeph>CONTENT_ID 
					 </codeph><codeph>PERIOD_INDEX 
					 </codeph> 
				  </entry> 
				  <entry colname="5"> The timeline has changed (for example,
					 alternate content was added or removed). 
				  </entry> 
				</row> 
				<row rowsep="1"> 
				  <entry colname="1"><codeph>303001 
					 </codeph> 
				  </entry> 
				  <entry colname="2"><codeph>AD_BREAK_ PLACEMENT_COMPLETE 
					 </codeph> 
				  </entry> 
				  <entry colname="3"> 
					 <p>None 
					 </p> 
				  </entry> 
				  <entry colname="4"> 
					 <codeph>PROPOSED_AD_BREAK</codeph> 
					 <codeph>ACCEPTED_AD_BREAK</codeph> 
				  </entry> 
				  <entry colname="5"> A proposed ad break was accepted by 
					 <ph conkeyref="phrases/primetime-sdk-name"/> and placed (in its
					 entirety or just partially) on the playback timeline. 
				  </entry> 
				</row> 
				<row rowsep="1"> 
				  <entry colname="1"><codeph>303002 
					 </codeph> 
				  </entry> 
				  <entry colname="2"><codeph>AD_BREAK_START 
					 </codeph> 
				  </entry> 
				  <entry colname="3"> 
					 <p>None 
					 </p> 
				  </entry> 
				  <entry colname="4"><codeph>AD_BREAK 
					 </codeph> 
				  </entry> 
				  <entry colname="5"> The playback of a particular ad break has
					 started. 
				  </entry> 
				</row> 
				<row rowsep="1"> 
				  <entry colname="1"><codeph>303003 
					 </codeph> 
				  </entry> 
				  <entry colname="2"><codeph>AD_BREAK_COMPLETE 
					 </codeph> 
				  </entry> 
				  <entry colname="3"> 
					 <p>None 
					 </p> 
				  </entry> 
				  <entry colname="4"><codeph>AD_BREAK 
					 </codeph> 
				  </entry> 
				  <entry colname="5"> The playback of a particular ad break has
					 completed. 
				  </entry> 
				</row> 
				<row rowsep="1"> 
				  <entry colname="1"><codeph>303004 
					 </codeph> 
				  </entry> 
				  <entry colname="2"><codeph>AD_START 
					 </codeph> 
				  </entry> 
				  <entry colname="3"> 
					 <p>None 
					 </p> 
				  </entry> 
				  <entry colname="4"> 
					 <codeph>AD_BREAK</codeph> 
					 <p><codeph>AD</codeph> 
					 </p> 
				  </entry> 
				  <entry colname="5"> The playback of a particular ad has started. 
				  </entry> 
				</row> 
				<row rowsep="1"> 
				  <entry colname="1"><codeph>303005 
					 </codeph> 
				  </entry> 
				  <entry colname="2"><codeph>AD_COMPLETE 
					 </codeph> 
				  </entry> 
				  <entry colname="3"> 
					 <p>None 
					 </p> 
				  </entry> 
				  <entry colname="4"> 
					 <codeph>AD_BREAK</codeph> 
					 <p><codeph>AD</codeph> 
					 </p> 
				  </entry> 
				  <entry colname="5"> The playback of a particular ad has
					 completed. 
				  </entry> 
				</row> 
				<row rowsep="1"> 
				  <entry colname="1"><codeph>303006 
					 </codeph> 
				  </entry> 
				  <entry colname="2"><codeph>AD_PROGRESS 
					 </codeph> 
				  </entry> 
				  <entry colname="3"> 
					 <p>None 
					 </p> 
				  </entry> 
				  <entry colname="4"> 
					 <codeph>AD_BREAK</codeph> 
					 <p><codeph>AD</codeph> 
					 </p> 
					 <codeph>PROGRESS</codeph> 
				  </entry> 
				  <entry colname="5"> The playback of a particular ad has reached a
					 certain percentage of that particular ad. 
				  </entry> 
				</row> 
				<row rowsep="1"> 
				  <entry colname="1"><codeph>303007 
					 </codeph> 
				  </entry> 
				  <entry colname="2"><codeph>TIMED_METADATA_ADD 
					 </codeph> 
				  </entry> 
				  <entry colname="3"> 
					 <p>None 
					 </p> 
				  </entry> 
				  <entry colname="4"> 
					 <codeph>TYPE</codeph> 
					 <p><codeph>ID</codeph> 
					 </p> 
					 <codeph>NAME</codeph> 
					 <p><codeph>TIME</codeph> 
					 </p> 
				  </entry> 
				  <entry colname="5"> A new timed metadata was discovered in the
					 manifest. 
				  </entry> 
				</row> 
				<row rowsep="1"> 
				  <entry colname="1"><codeph>303008 
					 </codeph> 
				  </entry> 
				  <entry colname="2"><codeph>AD_CLICK 
					 </codeph> 
				  </entry> 
				  <entry colname="3"> 
					 <p>None 
					 </p> 
				  </entry> 
				  <entry colname="4"> 
					 <codeph>AD_BREAK</codeph> 
					 <p><codeph>AD</codeph> 
					 </p> 
					 <codeph>AD_CLICK</codeph> 
				  </entry> 
				  <entry colname="5"> Returns info about an ad that user clicked. 
				  </entry> 
				</row> 
				<row rowsep="1"> 
				  <entry colname="1"><codeph>303009</codeph> 
				  </entry> 
				  <entry colname="2"><codeph>AD_BREAK_SKIPPED</codeph> 
				  </entry> 
				  <entry colname="3"> 
					 <p>None 
					 </p> 
				  </entry> 
				  <entry colname="4"> 
					 <codeph>AD_BREAK</codeph> 
					 <p><codeph>AD</codeph> 
					 </p> 
					 <codeph>AD_CLICK</codeph> 
				  </entry> 
				  <entry colname="5">An ad break was skipped. 
				  </entry> 
				</row> 
				<row rowsep="1"> 
				  <entry namest="1" nameend="5"><b>Late-binding audio (LBA)</b> 
				  </entry> 
				</row> 
				<row rowsep="1"> 
				  <entry colname="1"><codeph>304000 
					 </codeph> 
				  </entry> 
				  <entry colname="2"><codeph>AUDIO_TRACK_CHANGE 
					 </codeph> 
				  </entry> 
				  <entry colname="3"> 
					 <p>None 
					 </p> 
				  </entry> 
				  <entry colname="4"><codeph>TRACK_ID 
					 </codeph><codeph>CURRENT_MEDIA_TIME 
					 </codeph> 
				  </entry> 
				  <entry colname="5">The audio track has changed. 
				  </entry> 
				</row> 
				<row rowsep="1"> 
				  <entry namest="1" nameend="5"><b>DRM</b> 
				  </entry> 
				</row> 
				<row rowsep="1"> 
				  <entry colname="1"><codeph>305000 
					 </codeph> 
				  </entry> 
				  <entry colname="2"><codeph>DRM_METADATA_AVAILABLE 
					 </codeph> 
				  </entry> 
				  <entry colname="3"> 
					 <p>None 
					 </p> 
				  </entry> 
				  <entry colname="4"><codeph>PREFETCH_TIMESTAMP 
					 </codeph> 
				  </entry> 
				  <entry colname="5">New DRM data is available. 
				  </entry> 
				</row> 
				<row rowsep="1"> 
				  <entry namest="1" nameend="5"><b>Generic</b> 
				  </entry> 
				</row> 
				<row rowsep="0"> 
				  <entry colname="1"><codeph>399999 
					 </codeph> 
				  </entry> 
				  <entry colname="2"><codeph>GENERIC_INFO 
					 </codeph> 
				  </entry> 
				  <entry colname="3"> 
					 <p>None 
					 </p> 
				  </entry> 
				  <entry colname="4"> 
					 <p>None 
					 </p> 
				  </entry> 
				  <entry colname="5"> 
					 <p>Marks a generic information event. Not actually issued by
						TVSDK. It's just a marker for the end of the range of numerical codes
						corresponding to TVSDK informational events. 
					 </p> 
				  </entry> 
				</row> 
			 </tbody> 
		  </tgroup> 
		</table> 
	 </section> 
  </refbody> 
</reference> 
