<?xml version="1.0" encoding="UTF-8"?>
<!DOCTYPE reference PUBLIC "-//OASIS//DTD DITA Reference//EN" "technicalContent/dtd/reference.dtd"[
  <!-- Begin Document Specific Declarations -->
  <!-- End Document Specific Declarations -->
]>
<reference id="r_psdk_metadata-classes"
 xmlns:ditaarch="http://dita.oasis-open.org/architecture/2005/"> 
  <title>Metadata classes</title> 
  <shortdesc>These classes provide metadata for advertising, namespaces, and
	 tracking. 
  </shortdesc> 
  <refbody> 
	 <refsyn id="refsyn_B986A586BABF44B585FC487499CC35D5">Package: <xref
				href="http://help.adobe.com/en_US/primetime/api/psdk/javadoc_1.4/com/adobe/mediacore/metadata/package-summary.html"
				format="html" scope="external">com.adobe.mediacore.metadata</xref>
		</refsyn> 
	 <table frame="all" colsep="1" rowsep="1"
	  id="table_4006A821FEFC4906A87BC4D42BCC33B3"> 
		<tgroup cols="2" colsep="1" rowsep="1" outputclass="FormatA"> 
		  <colspec colnum="1" colname="1" colwidth="31*"/> 
		  <colspec colnum="2" colname="2" colwidth="69*"/> 
		  <thead> 
			 <row rowsep="1"> 
				<entry colname="1">Name 
				</entry> 
				<entry colname="2">Description 
				</entry> 
			 </row> 
		  </thead> 
		  <tbody> 
			 <row rowsep="1" > 
				<entry colname="1"><codeph><xref
									href="http://help.adobe.com/en_US/primetime/api/psdk/javadoc_1.4/com/adobe/mediacore/metadata/AdvertisingMetadata.html"
									format="html" scope="external">AdvertisingMetadata</xref>
							</codeph></entry> 
				<entry colname="2">Class that provides properties that should be
				  configured for resolving ads for a given media item. All the required
				  properties must be set to configure the player for successfully resolving ads. 
				</entry> 
			 </row> 
			 <row rowsep="1" > 
				<entry colname="1"><codeph>AuditudeMetadata</codeph>
						</entry> 
				<entry colname="2"><ph >Deprecated. Use
					 AuditudeSettings.</ph> 
				</entry> 
			 </row> 
			 <row rowsep="1" > 
				<entry colname="1"><codeph><xref
									href="http://help.adobe.com/en_US/primetime/api/psdk/javadoc_1.4/com/adobe/mediacore/metadata/AuditudeSettings.html"
									format="html" scope="external">AuditudeSettings</xref></codeph>
						</entry> 
				<entry colname="2">Class that extends Java <codeph>AdvertisingMetadata</codeph> specifically for
								<ph
								conref="phrase_library_android_1.4.xml#c_psdk_phrase-library/auditude-name-long"
								><?xm-replace_text Phrase?></ph>. Provides properties to be
							configured for resolving <ph
								conref="phrase_library_android_1.4.xml#c_psdk_phrase-library/auditude-name-long"
								><?xm-replace_text Phrase?></ph> ads for a given media item. You
							must set all the required properties, including zone ID, media ID, and
							ad server URL, to configure the player for successfully resolving ads. </entry> 
			 </row> 
			 <row rowsep="1" > 
				<entry colname="1"><codeph><xref
									href="http://help.adobe.com/en_US/primetime/api/psdk/javadoc_1.4/com/adobe/mediacore/metadata/Metadata.html"
									format="html" scope="external">Metadata</xref>
							</codeph></entry> 
				<entry colname="2">Defines the generic interface for configuring all available metadata for your
							player and additional objects.</entry> 
			 </row> 
			 <row rowsep="1" > 
				<entry colname="1"><codeph><xref
									href="http://help.adobe.com/en_US/primetime/api/psdk/javadoc_1.4/com/adobe/mediacore/metadata/MetadataNode.html"
									format="html" scope="external">MetadataNode</xref>
							</codeph></entry> 
				<entry colname="2">Generic data-structure-like class for storing arbitrary key-value pairs.  </entry> 
			 </row> 
			 <row rowsep="1" > 
				<entry colname="1"><codeph><xref
									href="http://help.adobe.com/en_US/primetime/api/psdk/javadoc_1.4/com/adobe/mediacore/metadata/TimedMetadata.html"
									format="html" scope="external">TimedMetadata</xref>
							</codeph></entry> 
				<entry colname="2">Class for the raw representation of the timed metadata inserted into a media
							stream.</entry> 
			 </row> 
		  </tbody> 
		</tgroup> 
	 </table> 
  </refbody> 
</reference> 