<?xml version="1.0" encoding="UTF-8"?>
<!DOCTYPE task PUBLIC "-//OASIS//DTD DITA Task//EN" "technicalContent/dtd/task.dtd">
<task id="create-a-media-resource"
 xmlns:ditaarch="http://dita.oasis-open.org/architecture/2005/"> 
  <title>Create a media resource</title> 
  <shortdesc>For each new video content, initialize a 
	 <codeph>MediaResource</codeph> instance with information about the video
	 content and load the media resource. The 
	 <codeph>MediaResource</codeph> class represents the content to be loaded by
	 the 
	 <codeph>MediaPlayer</codeph> instance. 
  </shortdesc> 
  <taskbody> 
	 <steps id="steps_025F4D36281845D0B01F37574668AD74"> 
		<step id="step_24793946D63F478E9CF9879DBAAC9821"> 
		  <cmd>Create a 
			 <codeph>MediaResource</codeph> by passing information about the media
			 to the 
			 <codeph>MediaResource</codeph> constructor. 
		  </cmd> 
		  <info> 
			 <table id="table_DD0D5D9129D54F73881399B9B4FF546A"> 
				<tgroup cols="2"><colspec colnum="1" colname="col1"
				  colwidth="1.00*"/><colspec colnum="2" colname="col2" colwidth="2.99*"/><thead> 
					 <row> 
						<entry colname="col1">Constructor Parameter 
						</entry> 
						<entry colname="col2">Description 
						</entry> 
					 </row></thead> 
				  <tbody> 
					 <row> 
						<entry colname="col1"> 
						  <p>url 
						  </p> 
						</entry> 
						<entry colname="col2"> 
						  <p>A string that represents the URL of the
							 manifest/playlist of the media. 
						  </p> 
						</entry> 
					 </row> 
					 <row> 
						<entry colname="col1"> 
						  <p>type 
						  </p> 
						</entry> 
						<entry colname="col2"> 
						  <p>One of the following members of the 
							 <codeph>MediaResource.Type</codeph> enumeration that
							 corresponds to the indicated file type: 
						  <ul id="ul_72636C41CA7E4538A3BE11A79E0282FC"> 
							 <li
							  id="li_070960200DEB40E992C58FCB8909AEA3"><codeph>HLS</codeph> - M3U8 
							 </li> 
						  </ul> 
						  </p> 
						</entry> 
					 </row> 
					 <row> 
						<entry colname="col1"> 
						  <p>metadata 
						  </p> 
						</entry> 
						<entry colname="col2"> 
						  <p>An instance of the 
							 <codeph>Metadata</codeph> class, which might contain
							 custom information about the content to be loaded. 
						  </p> 
						  <p>Examples of content are alternate or ad content to place
							 inside the main content. If using advertising, set up 
							 <codeph>AuditudeSettings</codeph>. For more information,
							 see 
							 <xref href="c_psdk_android_1.4_ad-insertion-metadata.xml"
							  format="dita" scope="local">Ad Insertion Metadata</xref>. 
						  </p> 
						</entry> 
					 </row> 
				  </tbody> 
				</tgroup> 
			 </table> 
			 <note type="important"> TVSDK supports playback for only specific
				types of content. If you attempt to load any other type of content, TVSDK
				dispatches an error event. 
				<p>For MP4 video-on-demand (VOD) content, TVSDK does not support
				  trick play, adaptive bit rate (ABR) streaming, ad insertion, closed captions,
				  or DRM. 
				</p> 
			 </note> 
		  </info> 
		  <stepxmp> The following code creates a 
			 <codeph>MediaResource</codeph> instance: 
			 <p> 
				<codeblock outputclass="syntax java">try {
    // create a MediaResource instance pointing to some HLS content
    Metadata metadata = //TODO: create metadata 
    MediaResource mediaResource = MediaResource.createFromUrl(
      "http://www.example.com/video/some-video.m3u8", 
      MediaResource.Type.HLS, 
      metadata);
} catch(IllegalArgumentException ex) {
    // this exception is thrown if the URL does not point 
    // to a valid url.
}
</codeblock> 
			 </p> 
			 <note type="tip">At this point, you can use 
				<codeph>MediaResource</codeph> accessors (getters) to examine the
				resource's type, URL, and metadata. 
			 </note> 
		  </stepxmp> 
		</step> 
		<step id="step_B249EED2C8DA437386D6269DBA605070"> 
		  <cmd>Load the media resource by using the following: 
		  </cmd> 
		  <info> 
			 <ul id="ul_51855184A03842D398EA5A2233BE72B2"> 
				<li id="li_E30728E9B54841B78BBB620501A1C728">Your MediaPlayer
				  instance. 
				  <p>For more information, see<xref
					 href="t_psdk_android_1.4_media-resource-load.xml" format="xml" scope="peer">
						Load a media resource in the MediaPlayer</xref>. 
				  </p> 
				</li> 
				<li id="li_6EA0FA2839C248D39CDAFD6EAB7B3564">A 
				  <codeph>MediaPlayerItemLoader</codeph> 
				  <p>For more information, see 
					 <xref
					 href="t_psdk_android_1.4_media-resource-load-using-mediaplayeritemloader.xml"
					 format="xml" scope="peer">Load a media resource using
						MediaPlayerItemLoader</xref>. 
				  </p> 
				</li> 
			 </ul> 
		  </info> 
		  <info> 
			 <note type="important">Do not load the media resource on a background
				thread. Most TVSDK operations need to be run on the main thread, and running
				them on a background thread can cause the operation to throw an error and exit.
				
			 </note> 
		  </info> 
		</step> 
	 </steps> 
  </taskbody> 
</task> 
