<?xml version="1.0" encoding="UTF-8"?>
<!DOCTYPE task PUBLIC "-//OASIS//DTD DITA Task//EN" "technicalContent/dtd/task.dtd">
<task id="timerange-markers-on-timeline"
 xmlns:ditaarch="http://dita.oasis-open.org/architecture/2005/"> 
  <title>Place TimeRange ad markers on the timeline</title> 
  <shortdesc>This example shows the recommended way to include TimeRange
	 specifications on the playback timeline. 
  </shortdesc> 
  <taskbody> 
	 <steps id="steps_2F9BD476F36C4E11AD98B6D613C09538"> 
		<step id="step_AAE1858B842B4265AF71E71AFDE48F61"> 
		  <cmd>Translate the out-of-band ad-positioning information into a list
			 of 
			 <codeph>TimeRange</codeph> specifications (that is, instances of the 
			 <codeph>TimeRange</codeph> class). 
		  </cmd> 
		</step> 
		<step id="step_AF00751AB4C748C4BAF2EDEA04AC7AC1"> 
		  <cmd>Use the set of 
			 <codeph>TimeRange</codeph> specifications to populate an instance of
			 the 
			 <codeph>TimeRangeCollection</codeph> class. 
		  </cmd> 
		</step> 
		<step id="step_D9203EEFB26B462F9087332FDF3E75DD"> 
		  <cmd>Pass the Metadata instance, which can be obtained from the 
			 <codeph>TimeRangeCollection</codeph> instance, to the 
			 <codeph>replaceCurrentItem</codeph> method (part of the MediaPlayer
			 interface). 
		  </cmd> 
		</step> 
		<step id="step_4F8934E5948A4F98A7EC082F036D0A94"> 
		  <cmd>Wait for TVSDK to transition to the 
			 <codeph>PREPARED</codeph> state by waiting for the 
			 <codeph>PlaybackEventListener#onPrepared</codeph> callback to be
			 triggered. 
		  </cmd> 
		</step> 
		<step id="step_9F87C5FC9736471BBFD03537E87ED109"> 
		  <cmd>Start video playback by calling the 
			 <codeph>play()</codeph> method (part of the 
			 <codeph>MediaPlayer</codeph> interface). 
		  </cmd> 
		</step> 
	 </steps> 
	 <result id="result_A97D8E6849FC41AA97A4136FDFC3FF87"> 
		<ul id="ul_4392623DD62D4CF1B9E4340AD9959B8E"> 
		  <li id="li_E4C67D5F5E2D4F2EA8C8C7B290381D63"> 
			 <p>Handling timeline conflicts: There might be cases when some 
				<codeph>TimeRange</codeph> specifications overlap on the playback
				timeline. For example, the value of the start position corresponding to a 
				<codeph>TimeRange</codeph> specification might be lower than the
				value of the end position that was already placed. In this case, TVSDK silently
				adjusts the start position of the offending 
				<codeph>TimeRange</codeph> specification to avoid timeline
				conflicts. Through this adjustment, the new 
				<codeph>TimeRange</codeph> becomes shorter than originally
				specified. If the adjustment is so extreme that it would lead to a 
				<codeph>TimeRange</codeph> with a duration of zero ms, TVSDK
				silently drops the offending 
				<codeph>TimeRange</codeph> specification. 
			 </p> 
		  </li> 
		  <li id="li_CDED3152DD7F4D36B4B8873B35DC4C9E"> 
			 <p>When 
				<codeph>TimeRange</codeph> specifications for custom ad breaks are
				provided, TVSDK attempts to translate these into ads that are grouped inside ad
				breaks. TVSDK looks for adjacent 
				<codeph>TimeRange</codeph> specifications and clusters them into
				separate ad breaks. If there are time ranges that are not adjacent to any other
				time range, they are translated into ad breaks that contain a single ad. 
			 </p> 
		  </li> 
		  <li id="li_4B64DBC798084A2D91ECBB394E784693"> 
			 <p> It is assumed that the media player item that is being loaded
				points to a VOD asset. TVSDK checks this whenever your application tries to
				load a media resource whose metadata contains 
				<codeph>TimeRange</codeph> specifications that can be used only in
				the context of the custom ad-markers feature. If the underlying asset is not of
				type VOD, TVSDK library throws an exception. 
			 </p> 
		  </li> 
		  <li id="li_9898D6E1B942406780C5D9DF790878A2"> 
			 <p>When dealing with custom ad markers, TVSDK deactivates other
				ad-resolving mechanisms (via Adobe Primetime ad decisioning (previously known
				as Auditude) or other ad provisioning system). You can use either one of the
				various ad-resolver modules provided by TVSDK or the custom ad-markers
				mechanism. When using the custom ad-markers API, the ad content is considered
				already resolved and placed on the timeline. 
			 </p> 
		  </li> 
		</ul> 
	 </result> 
	 <example id="example_D993CFCC53D64E11ADD36DE9FE1AE5FE"> 
		<p>The following code snippet provides a simple example where a set of
		  three TimeRange specifications are placed on the timeline as custom ad-markers.
		  
		</p> 
		<codeblock outputclass="syntax java">
// Assume that the 3 timerange specs are obtained through external means: CMS, etc.
// Use these 3 timerange specs to populate the TimeRangeCollection instance
TimeRangeCollection timeRanges = new TimeRangeCollection(); 
timeRanges.addTimeRange(new TimeRange(0,10000));
timeRanges.addTimeRange(new TimeRange(15000,20000));
timeRanges.addTimeRange(new TimeRange(25000,30000));

// create and configure a MediaResource instance
MediaResource mediaResource = 
  MediaResource.createFromUrl("www.example.com/video/test_video.m3u8", 
                               timeRanges.toMetadata(null));

// prepare the content for playback by creating
// NOTE: mediaPlayer is an instance of a properly configured MediaPlayer 
mediaPlayer.replaceCurrentItem(mediaResource);
// wait for TVSDK to reach the PREPARED state
...
MediaPlayer.PlaybackEventListener playbackEventListener = new
  MediaPlayer.PlaybackEventListener() {
    @Override
    public void onPrepared() {
        // TVSDK in in the PREPARED state. We are allowed to start the playback 
        mediaPlayer.play();
    }
}
</codeblock> 
	 </example> 
  </taskbody> 
</task> 
