<?xml version="1.0" encoding="UTF-8"?>
<!DOCTYPE concept PUBLIC "-//OASIS//DTD DITA Concept//EN" "concept.dtd">
<concept id="concept_ard_wvc_ty">
 <title>Browserify-compatible player</title>
 <shortdesc>You can integrate a basic <ph conkeyref="phrases/primetime-sdk-name"/> player with
  Browserify by using the Browserify-compatible JS files provided with the TVSDK.</shortdesc>
 <conbody>
  <p><ph conkeyref="phrases/primetime-sdk-name"/> provides two Browserify-compatible, minified JS
   files. One is for use with the AdobePSDK module; this is for developing apps without the
   UI-Framework. The other is for use with the UI-Framework module; it returns the PTP namespace you
   use for writing apps using the UI-Framework.</p>
  <p>To get started, do the following to set up a <filepath>browserified.js</filepath> file (your
   Browserify bundle file) inside the <filepath>examples</filepath> directory:</p>
  <ol id="ol_wkg_31q_ty">
   <li>Navigate to the build directory under <filepath>samples/browserify</filepath>.</li>
   <li>Run the following commands: <ol id="ol_trt_l1q_ty">
     <li><filepath>npm install</filepath></li>
     <li><filepath>node_modules/.bin/grunt</filepath></li>
    </ol></li>
  </ol>
 </conbody>
</concept>
