<?xml version="1.0" encoding="UTF-8"?>
<!DOCTYPE task PUBLIC "-//OASIS//DTD DITA Task//EN" "task.dtd">
<task id="task_tgd_pmz_pv">
    <title>Enable screen capture</title>
    <shortdesc/>
    <taskbody>
        <context>
            <p> TVSDK disallows screen capture by calling setSecure(true) on the
                com.adobe.ave.VideoEngineView object at construction time. You can access this
                object, since you have to construct it and supply it to the VideoEngine object. </p>
            <p>To allow screen capture in your app:, call VideoEngineView.setSecure(false) after you
                construct the com.adobe.ave.VideoEngineView object. </p>
        </context>
        <steps>
            <step>
                <cmd>Construct the <codeph>com.adobe.ave.VideoEngineView</codeph> object.</cmd>
            </step>
            <step>
                <cmd>Call <codeph>VideoEngineView.setSecure(false);</codeph>
                </cmd>
            </step>
        </steps>
    </taskbody>
</task>
